,Unnamed: 0,real,img,nr_result_x,nr_result_y,tag,color,x,y
0,0,-3.0,-3.0,-3.2367,-3.3422,3,"(67, 147, 195)",0,0
1,1,-3.0,-2.9393939393939394,-3.2367,-3.3422,3,"(67, 147, 195)",0,1
2,2,-3.0,-2.878787878787879,-3.2367,-3.3422,3,"(67, 147, 195)",0,2
3,3,-3.0,-2.8181818181818183,-3.2367,-3.3422,3,"(67, 147, 195)",0,3
4,4,-3.0,-2.757575757575758,-3.2367,-3.3422,3,"(67, 147, 195)",0,4
5,5,-3.0,-2.696969696969697,-3.2367,-3.3422,3,"(67, 147, 195)",0,5
6,6,-3.0,-2.636363636363636,-3.2367,-3.3422,3,"(67, 147, 195)",0,6
7,7,-3.0,-2.575757575757576,-3.2367,-3.3422,3,"(67, 147, 195)",0,7
8,8,-3.0,-2.515151515151515,-3.2367,-3.3422,3,"(67, 147, 195)",0,8
9,9,-3.0,-2.4545454545454546,-3.2367,-3.3422,3,"(67, 147, 195)",0,9
10,10,-3.0,-2.393939393939394,-3.2367,-3.3422,3,"(67, 147, 195)",0,10
11,11,-3.0,-2.333333333333333,-3.2367,-3.3422,3,"(67, 147, 195)",0,11
12,12,-3.0,-2.2727272727272725,-3.2367,-3.3422,3,"(67, 147, 195)",0,12
13,13,-3.0,-2.212121212121212,-3.2367,-3.3422,3,"(67, 147, 195)",0,13
14,14,-3.0,-2.1515151515151514,-3.2367,-3.3422,3,"(67, 147, 195)",0,14
15,15,-3.0,-2.090909090909091,-3.2367,-3.3422,3,"(67, 147, 195)",0,15
16,16,-3.0,-2.0303030303030303,-3.2367,-3.3422,3,"(67, 147, 195)",0,16
17,17,-3.0,-1.9696969696969695,-3.2367,-3.3422,3,"(67, 147, 195)",0,17
18,18,-3.0,-1.9090909090909087,-3.2367,-3.3422,3,"(67, 147, 195)",0,18
19,19,-3.0,-1.8484848484848484,-3.2367,-3.3422,3,"(67, 147, 195)",0,19
20,20,-3.0,-1.7878787878787878,-3.2367,-3.3422,3,"(67, 147, 195)",0,20
21,21,-3.0,-1.7272727272727273,-3.2367,-3.3422,3,"(67, 147, 195)",0,21
22,22,-3.0,-1.6666666666666663,-3.2367,-3.3422,3,"(67, 147, 195)",0,22
23,23,-3.0,-1.606060606060606,-3.2367,-3.3422,3,"(67, 147, 195)",0,23
24,24,-3.0,-1.5454545454545454,-3.2367,-3.3422,3,"(67, 147, 195)",0,24
25,25,-3.0,-1.4848484848484849,-3.2367,-3.3422,3,"(67, 147, 195)",0,25
26,26,-3.0,-1.4242424242424243,-3.2367,-3.3422,3,"(67, 147, 195)",0,26
27,27,-3.0,-1.3636363636363635,-3.2367,-3.3422,3,"(67, 147, 195)",0,27
28,28,-3.0,-1.303030303030303,-3.2367,-3.3422,3,"(67, 147, 195)",0,28
29,29,-3.0,-1.2424242424242424,-3.2367,-3.3422,3,"(67, 147, 195)",0,29
30,30,-3.0,-1.1818181818181817,-3.2367,-3.3422,3,"(67, 147, 195)",0,30
31,31,-3.0,-1.121212121212121,3.1653,-3.3425,0,"(214, 96, 77)",0,31
32,32,-3.0,-1.0606060606060606,3.1653,-3.3425,0,"(214, 96, 77)",0,32
33,33,-3.0,-1.0,3.1653,3.3425,2,"(209, 229, 240)",0,33
34,34,-3.0,-0.9393939393939394,-3.2367,3.3422,1,"(253, 219, 199)",0,34
35,35,-3.0,-0.8787878787878789,-3.2367,3.3422,1,"(253, 219, 199)",0,35
36,36,-3.0,-0.8181818181818183,3.1653,3.3425,2,"(209, 229, 240)",0,36
37,37,-3.0,-0.7575757575757573,-3.2367,3.3422,1,"(253, 219, 199)",0,37
38,38,-3.0,-0.6969696969696968,3.1653,-3.3425,0,"(214, 96, 77)",0,38
39,39,-3.0,-0.6363636363636362,-3.2367,3.3422,1,"(253, 219, 199)",0,39
40,40,-3.0,-0.5757575757575757,3.1653,3.3425,2,"(209, 229, 240)",0,40
41,41,-3.0,-0.5151515151515151,3.1653,-3.3425,0,"(214, 96, 77)",0,41
42,42,-3.0,-0.4545454545454546,3.1653,-3.3425,0,"(214, 96, 77)",0,42
43,43,-3.0,-0.393939393939394,3.1653,-3.3425,0,"(214, 96, 77)",0,43
44,44,-3.0,-0.333333333333333,3.1653,-3.3425,0,"(214, 96, 77)",0,44
45,45,-3.0,-0.2727272727272725,3.1653,-3.3425,0,"(214, 96, 77)",0,45
46,46,-3.0,-0.2121212121212119,-3.2367,3.3422,1,"(253, 219, 199)",0,46
47,47,-3.0,-0.1515151515151513,-3.2367,-3.3422,3,"(67, 147, 195)",0,47
48,48,-3.0,-0.0909090909090908,-3.2367,-3.3422,3,"(67, 147, 195)",0,48
49,49,-3.0,-0.0303030303030302,-3.2367,-3.3422,3,"(67, 147, 195)",0,49
50,50,-3.0,0.0303030303030302,-3.2367,3.3422,1,"(253, 219, 199)",0,50
51,51,-3.0,0.0909090909090908,-3.2367,3.3422,1,"(253, 219, 199)",0,51
52,52,-3.0,0.1515151515151513,-3.2367,3.3422,1,"(253, 219, 199)",0,52
53,53,-3.0,0.2121212121212123,-3.2367,-3.3422,3,"(67, 147, 195)",0,53
54,54,-3.0,0.2727272727272729,3.1653,3.3425,2,"(209, 229, 240)",0,54
55,55,-3.0,0.3333333333333335,3.1653,3.3425,2,"(209, 229, 240)",0,55
56,56,-3.0,0.393939393939394,3.1653,3.3425,2,"(209, 229, 240)",0,56
57,57,-3.0,0.4545454545454546,3.1653,3.3425,2,"(209, 229, 240)",0,57
58,58,-3.0,0.5151515151515151,3.1653,3.3425,2,"(209, 229, 240)",0,58
59,59,-3.0,0.5757575757575757,3.1653,-3.3425,0,"(214, 96, 77)",0,59
60,60,-3.0,0.6363636363636367,-3.2367,-3.3422,3,"(67, 147, 195)",0,60
61,61,-3.0,0.6969696969696972,3.1653,3.3425,2,"(209, 229, 240)",0,61
62,62,-3.0,0.7575757575757578,-3.2367,-3.3422,3,"(67, 147, 195)",0,62
63,63,-3.0,0.8181818181818183,3.1653,-3.3425,0,"(214, 96, 77)",0,63
64,64,-3.0,0.8787878787878789,-3.2367,-3.3422,3,"(67, 147, 195)",0,64
65,65,-3.0,0.9393939393939394,-3.2367,-3.3422,3,"(67, 147, 195)",0,65
66,66,-3.0,1.0,3.1653,-3.3425,0,"(214, 96, 77)",0,66
67,67,-3.0,1.0606060606060606,3.1653,3.3425,2,"(209, 229, 240)",0,67
68,68,-3.0,1.121212121212121,3.1653,3.3425,2,"(209, 229, 240)",0,68
69,69,-3.0,1.1818181818181817,-3.2367,3.3422,1,"(253, 219, 199)",0,69
70,70,-3.0,1.2424242424242422,-3.2367,3.3422,1,"(253, 219, 199)",0,70
71,71,-3.0,1.3030303030303028,-3.2367,3.3422,1,"(253, 219, 199)",0,71
72,72,-3.0,1.363636363636363,-3.2367,3.3422,1,"(253, 219, 199)",0,72
73,73,-3.0,1.4242424242424248,-3.2367,3.3422,1,"(253, 219, 199)",0,73
74,74,-3.0,1.4848484848484853,-3.2367,3.3422,1,"(253, 219, 199)",0,74
75,75,-3.0,1.545454545454546,-3.2367,3.3422,1,"(253, 219, 199)",0,75
76,76,-3.0,1.6060606060606064,-3.2367,3.3422,1,"(253, 219, 199)",0,76
77,77,-3.0,1.666666666666667,-3.2367,3.3422,1,"(253, 219, 199)",0,77
78,78,-3.0,1.7272727272727275,-3.2367,3.3422,1,"(253, 219, 199)",0,78
79,79,-3.0,1.787878787878788,-3.2367,3.3422,1,"(253, 219, 199)",0,79
80,80,-3.0,1.8484848484848488,-3.2367,3.3422,1,"(253, 219, 199)",0,80
81,81,-3.0,1.9090909090909087,-3.2367,3.3422,1,"(253, 219, 199)",0,81
82,82,-3.0,1.9696969696969695,-3.2367,3.3422,1,"(253, 219, 199)",0,82
83,83,-3.0,2.0303030303030303,-3.2367,3.3422,1,"(253, 219, 199)",0,83
84,84,-3.0,2.090909090909091,-3.2367,3.3422,1,"(253, 219, 199)",0,84
85,85,-3.0,2.1515151515151514,-3.2367,3.3422,1,"(253, 219, 199)",0,85
86,86,-3.0,2.212121212121212,-3.2367,3.3422,1,"(253, 219, 199)",0,86
87,87,-3.0,2.2727272727272725,-3.2367,3.3422,1,"(253, 219, 199)",0,87
88,88,-3.0,2.333333333333334,-3.2367,3.3422,1,"(253, 219, 199)",0,88
89,89,-3.0,2.3939393939393945,-3.2367,3.3422,1,"(253, 219, 199)",0,89
90,90,-3.0,2.454545454545455,-3.2367,3.3422,1,"(253, 219, 199)",0,90
91,91,-3.0,2.515151515151516,-3.2367,3.3422,1,"(253, 219, 199)",0,91
92,92,-3.0,2.575757575757576,-3.2367,3.3422,1,"(253, 219, 199)",0,92
93,93,-3.0,2.6363636363636367,-3.2367,3.3422,1,"(253, 219, 199)",0,93
94,94,-3.0,2.696969696969697,-3.2367,3.3422,1,"(253, 219, 199)",0,94
95,95,-3.0,2.757575757575758,-3.2367,3.3422,1,"(253, 219, 199)",0,95
96,96,-3.0,2.8181818181818183,-3.2367,3.3422,1,"(253, 219, 199)",0,96
97,97,-3.0,2.878787878787879,-3.2367,3.3422,1,"(253, 219, 199)",0,97
98,98,-3.0,2.9393939393939394,-3.2367,3.3422,1,"(253, 219, 199)",0,98
99,99,-3.0,3.0,-3.2367,3.3422,1,"(253, 219, 199)",0,99
100,100,-2.9393939393939394,-3.0,-3.2367,-3.3422,3,"(67, 147, 195)",1,0
101,101,-2.9393939393939394,-2.9393939393939394,-3.2367,-3.3422,3,"(67, 147, 195)",1,1
102,102,-2.9393939393939394,-2.878787878787879,-3.2367,-3.3422,3,"(67, 147, 195)",1,2
103,103,-2.9393939393939394,-2.8181818181818183,-3.2367,-3.3422,3,"(67, 147, 195)",1,3
104,104,-2.9393939393939394,-2.757575757575758,-3.2367,-3.3422,3,"(67, 147, 195)",1,4
105,105,-2.9393939393939394,-2.696969696969697,-3.2367,-3.3422,3,"(67, 147, 195)",1,5
106,106,-2.9393939393939394,-2.636363636363636,-3.2367,-3.3422,3,"(67, 147, 195)",1,6
107,107,-2.9393939393939394,-2.575757575757576,-3.2367,-3.3422,3,"(67, 147, 195)",1,7
108,108,-2.9393939393939394,-2.515151515151515,-3.2367,-3.3422,3,"(67, 147, 195)",1,8
109,109,-2.9393939393939394,-2.4545454545454546,-3.2367,-3.3422,3,"(67, 147, 195)",1,9
110,110,-2.9393939393939394,-2.393939393939394,-3.2367,-3.3422,3,"(67, 147, 195)",1,10
111,111,-2.9393939393939394,-2.333333333333333,-3.2367,-3.3422,3,"(67, 147, 195)",1,11
112,112,-2.9393939393939394,-2.2727272727272725,-3.2367,-3.3422,3,"(67, 147, 195)",1,12
113,113,-2.9393939393939394,-2.212121212121212,-3.2367,-3.3422,3,"(67, 147, 195)",1,13
114,114,-2.9393939393939394,-2.1515151515151514,-3.2367,-3.3422,3,"(67, 147, 195)",1,14
115,115,-2.9393939393939394,-2.090909090909091,-3.2367,-3.3422,3,"(67, 147, 195)",1,15
116,116,-2.9393939393939394,-2.0303030303030303,-3.2367,-3.3422,3,"(67, 147, 195)",1,16
117,117,-2.9393939393939394,-1.9696969696969695,-3.2367,-3.3422,3,"(67, 147, 195)",1,17
118,118,-2.9393939393939394,-1.9090909090909087,-3.2367,-3.3422,3,"(67, 147, 195)",1,18
119,119,-2.9393939393939394,-1.8484848484848484,-3.2367,-3.3422,3,"(67, 147, 195)",1,19
120,120,-2.9393939393939394,-1.7878787878787878,-3.2367,-3.3422,3,"(67, 147, 195)",1,20
121,121,-2.9393939393939394,-1.7272727272727273,-3.2367,-3.3422,3,"(67, 147, 195)",1,21
122,122,-2.9393939393939394,-1.6666666666666663,-3.2367,-3.3422,3,"(67, 147, 195)",1,22
123,123,-2.9393939393939394,-1.606060606060606,-3.2367,-3.3422,3,"(67, 147, 195)",1,23
124,124,-2.9393939393939394,-1.5454545454545454,-3.2367,-3.3422,3,"(67, 147, 195)",1,24
125,125,-2.9393939393939394,-1.4848484848484849,-3.2367,-3.3422,3,"(67, 147, 195)",1,25
126,126,-2.9393939393939394,-1.4242424242424243,-3.2367,-3.3422,3,"(67, 147, 195)",1,26
127,127,-2.9393939393939394,-1.3636363636363635,-3.2367,-3.3422,3,"(67, 147, 195)",1,27
128,128,-2.9393939393939394,-1.303030303030303,-3.2367,-3.3422,3,"(67, 147, 195)",1,28
129,129,-2.9393939393939394,-1.2424242424242424,-3.2367,-3.3422,3,"(67, 147, 195)",1,29
130,130,-2.9393939393939394,-1.1818181818181817,-3.2367,-3.3422,3,"(67, 147, 195)",1,30
131,131,-2.9393939393939394,-1.121212121212121,-3.2367,-3.3422,3,"(67, 147, 195)",1,31
132,132,-2.9393939393939394,-1.0606060606060606,-3.2367,-3.3422,3,"(67, 147, 195)",1,32
133,133,-2.9393939393939394,-1.0,-3.2367,-3.3422,3,"(67, 147, 195)",1,33
134,134,-2.9393939393939394,-0.9393939393939394,-3.2367,-3.3422,3,"(67, 147, 195)",1,34
135,135,-2.9393939393939394,-0.8787878787878789,-3.2367,3.3422,1,"(253, 219, 199)",1,35
136,136,-2.9393939393939394,-0.8181818181818183,-3.2367,3.3422,1,"(253, 219, 199)",1,36
137,137,-2.9393939393939394,-0.7575757575757573,3.1653,3.3425,2,"(209, 229, 240)",1,37
138,138,-2.9393939393939394,-0.6969696969696968,-3.2367,-3.3422,3,"(67, 147, 195)",1,38
139,139,-2.9393939393939394,-0.6363636363636362,3.1653,3.3425,2,"(209, 229, 240)",1,39
140,140,-2.9393939393939394,-0.5757575757575757,3.1653,-3.3425,0,"(214, 96, 77)",1,40
141,141,-2.9393939393939394,-0.5151515151515151,3.1653,-3.3425,0,"(214, 96, 77)",1,41
142,142,-2.9393939393939394,-0.4545454545454546,3.1653,-3.3425,0,"(214, 96, 77)",1,42
143,143,-2.9393939393939394,-0.393939393939394,3.1653,-3.3425,0,"(214, 96, 77)",1,43
144,144,-2.9393939393939394,-0.333333333333333,3.1653,-3.3425,0,"(214, 96, 77)",1,44
145,145,-2.9393939393939394,-0.2727272727272725,3.1653,-3.3425,0,"(214, 96, 77)",1,45
146,146,-2.9393939393939394,-0.2121212121212119,-3.2367,3.3422,1,"(253, 219, 199)",1,46
147,147,-2.9393939393939394,-0.1515151515151513,-3.2367,-3.3422,3,"(67, 147, 195)",1,47
148,148,-2.9393939393939394,-0.0909090909090908,-3.2367,-3.3422,3,"(67, 147, 195)",1,48
149,149,-2.9393939393939394,-0.0303030303030302,-3.2367,-3.3422,3,"(67, 147, 195)",1,49
150,150,-2.9393939393939394,0.0303030303030302,-3.2367,3.3422,1,"(253, 219, 199)",1,50
151,151,-2.9393939393939394,0.0909090909090908,-3.2367,3.3422,1,"(253, 219, 199)",1,51
152,152,-2.9393939393939394,0.1515151515151513,-3.2367,3.3422,1,"(253, 219, 199)",1,52
153,153,-2.9393939393939394,0.2121212121212123,-3.2367,-3.3422,3,"(67, 147, 195)",1,53
154,154,-2.9393939393939394,0.2727272727272729,3.1653,3.3425,2,"(209, 229, 240)",1,54
155,155,-2.9393939393939394,0.3333333333333335,3.1653,3.3425,2,"(209, 229, 240)",1,55
156,156,-2.9393939393939394,0.393939393939394,3.1653,3.3425,2,"(209, 229, 240)",1,56
157,157,-2.9393939393939394,0.4545454545454546,3.1653,3.3425,2,"(209, 229, 240)",1,57
158,158,-2.9393939393939394,0.5151515151515151,3.1653,3.3425,2,"(209, 229, 240)",1,58
159,159,-2.9393939393939394,0.5757575757575757,3.1653,3.3425,2,"(209, 229, 240)",1,59
160,160,-2.9393939393939394,0.6363636363636367,3.1653,-3.3425,0,"(214, 96, 77)",1,60
161,161,-2.9393939393939394,0.6969696969696972,-3.2367,3.3422,1,"(253, 219, 199)",1,61
162,162,-2.9393939393939394,0.7575757575757578,3.1653,-3.3425,0,"(214, 96, 77)",1,62
163,163,-2.9393939393939394,0.8181818181818183,-3.2367,-3.3422,3,"(67, 147, 195)",1,63
164,164,-2.9393939393939394,0.8787878787878789,-3.2367,-3.3422,3,"(67, 147, 195)",1,64
165,165,-2.9393939393939394,0.9393939393939394,-3.2367,3.3422,1,"(253, 219, 199)",1,65
166,166,-2.9393939393939394,1.0,-3.2367,3.3422,1,"(253, 219, 199)",1,66
167,167,-2.9393939393939394,1.0606060606060606,-3.2367,3.3422,1,"(253, 219, 199)",1,67
168,168,-2.9393939393939394,1.121212121212121,-3.2367,3.3422,1,"(253, 219, 199)",1,68
169,169,-2.9393939393939394,1.1818181818181817,-3.2367,3.3422,1,"(253, 219, 199)",1,69
170,170,-2.9393939393939394,1.2424242424242422,-3.2367,3.3422,1,"(253, 219, 199)",1,70
171,171,-2.9393939393939394,1.3030303030303028,-3.2367,3.3422,1,"(253, 219, 199)",1,71
172,172,-2.9393939393939394,1.363636363636363,-3.2367,3.3422,1,"(253, 219, 199)",1,72
173,173,-2.9393939393939394,1.4242424242424248,-3.2367,3.3422,1,"(253, 219, 199)",1,73
174,174,-2.9393939393939394,1.4848484848484853,-3.2367,3.3422,1,"(253, 219, 199)",1,74
175,175,-2.9393939393939394,1.545454545454546,-3.2367,3.3422,1,"(253, 219, 199)",1,75
176,176,-2.9393939393939394,1.6060606060606064,-3.2367,3.3422,1,"(253, 219, 199)",1,76
177,177,-2.9393939393939394,1.666666666666667,-3.2367,3.3422,1,"(253, 219, 199)",1,77
178,178,-2.9393939393939394,1.7272727272727275,-3.2367,3.3422,1,"(253, 219, 199)",1,78
179,179,-2.9393939393939394,1.787878787878788,-3.2367,3.3422,1,"(253, 219, 199)",1,79
180,180,-2.9393939393939394,1.8484848484848488,-3.2367,3.3422,1,"(253, 219, 199)",1,80
181,181,-2.9393939393939394,1.9090909090909087,-3.2367,3.3422,1,"(253, 219, 199)",1,81
182,182,-2.9393939393939394,1.9696969696969695,-3.2367,3.3422,1,"(253, 219, 199)",1,82
183,183,-2.9393939393939394,2.0303030303030303,-3.2367,3.3422,1,"(253, 219, 199)",1,83
184,184,-2.9393939393939394,2.090909090909091,-3.2367,3.3422,1,"(253, 219, 199)",1,84
185,185,-2.9393939393939394,2.1515151515151514,-3.2367,3.3422,1,"(253, 219, 199)",1,85
186,186,-2.9393939393939394,2.212121212121212,-3.2367,3.3422,1,"(253, 219, 199)",1,86
187,187,-2.9393939393939394,2.2727272727272725,-3.2367,3.3422,1,"(253, 219, 199)",1,87
188,188,-2.9393939393939394,2.333333333333334,-3.2367,3.3422,1,"(253, 219, 199)",1,88
189,189,-2.9393939393939394,2.3939393939393945,-3.2367,3.3422,1,"(253, 219, 199)",1,89
190,190,-2.9393939393939394,2.454545454545455,-3.2367,3.3422,1,"(253, 219, 199)",1,90
191,191,-2.9393939393939394,2.515151515151516,-3.2367,3.3422,1,"(253, 219, 199)",1,91
192,192,-2.9393939393939394,2.575757575757576,-3.2367,3.3422,1,"(253, 219, 199)",1,92
193,193,-2.9393939393939394,2.6363636363636367,-3.2367,3.3422,1,"(253, 219, 199)",1,93
194,194,-2.9393939393939394,2.696969696969697,-3.2367,3.3422,1,"(253, 219, 199)",1,94
195,195,-2.9393939393939394,2.757575757575758,-3.2367,3.3422,1,"(253, 219, 199)",1,95
196,196,-2.9393939393939394,2.8181818181818183,-3.2367,3.3422,1,"(253, 219, 199)",1,96
197,197,-2.9393939393939394,2.878787878787879,-3.2367,3.3422,1,"(253, 219, 199)",1,97
198,198,-2.9393939393939394,2.9393939393939394,-3.2367,3.3422,1,"(253, 219, 199)",1,98
199,199,-2.9393939393939394,3.0,-3.2367,3.3422,1,"(253, 219, 199)",1,99
200,200,-2.878787878787879,-3.0,-3.2367,-3.3422,3,"(67, 147, 195)",2,0
201,201,-2.878787878787879,-2.9393939393939394,-3.2367,-3.3422,3,"(67, 147, 195)",2,1
202,202,-2.878787878787879,-2.878787878787879,-3.2367,-3.3422,3,"(67, 147, 195)",2,2
203,203,-2.878787878787879,-2.8181818181818183,-3.2367,-3.3422,3,"(67, 147, 195)",2,3
204,204,-2.878787878787879,-2.757575757575758,-3.2367,-3.3422,3,"(67, 147, 195)",2,4
205,205,-2.878787878787879,-2.696969696969697,-3.2367,-3.3422,3,"(67, 147, 195)",2,5
206,206,-2.878787878787879,-2.636363636363636,-3.2367,-3.3422,3,"(67, 147, 195)",2,6
207,207,-2.878787878787879,-2.575757575757576,-3.2367,-3.3422,3,"(67, 147, 195)",2,7
208,208,-2.878787878787879,-2.515151515151515,-3.2367,-3.3422,3,"(67, 147, 195)",2,8
209,209,-2.878787878787879,-2.4545454545454546,-3.2367,-3.3422,3,"(67, 147, 195)",2,9
210,210,-2.878787878787879,-2.393939393939394,-3.2367,-3.3422,3,"(67, 147, 195)",2,10
211,211,-2.878787878787879,-2.333333333333333,-3.2367,-3.3422,3,"(67, 147, 195)",2,11
212,212,-2.878787878787879,-2.2727272727272725,-3.2367,-3.3422,3,"(67, 147, 195)",2,12
213,213,-2.878787878787879,-2.212121212121212,-3.2367,-3.3422,3,"(67, 147, 195)",2,13
214,214,-2.878787878787879,-2.1515151515151514,-3.2367,-3.3422,3,"(67, 147, 195)",2,14
215,215,-2.878787878787879,-2.090909090909091,-3.2367,-3.3422,3,"(67, 147, 195)",2,15
216,216,-2.878787878787879,-2.0303030303030303,-3.2367,-3.3422,3,"(67, 147, 195)",2,16
217,217,-2.878787878787879,-1.9696969696969695,-3.2367,-3.3422,3,"(67, 147, 195)",2,17
218,218,-2.878787878787879,-1.9090909090909087,-3.2367,-3.3422,3,"(67, 147, 195)",2,18
219,219,-2.878787878787879,-1.8484848484848484,-3.2367,-3.3422,3,"(67, 147, 195)",2,19
220,220,-2.878787878787879,-1.7878787878787878,-3.2367,-3.3422,3,"(67, 147, 195)",2,20
221,221,-2.878787878787879,-1.7272727272727273,-3.2367,-3.3422,3,"(67, 147, 195)",2,21
222,222,-2.878787878787879,-1.6666666666666663,-3.2367,-3.3422,3,"(67, 147, 195)",2,22
223,223,-2.878787878787879,-1.606060606060606,-3.2367,-3.3422,3,"(67, 147, 195)",2,23
224,224,-2.878787878787879,-1.5454545454545454,-3.2367,-3.3422,3,"(67, 147, 195)",2,24
225,225,-2.878787878787879,-1.4848484848484849,-3.2367,-3.3422,3,"(67, 147, 195)",2,25
226,226,-2.878787878787879,-1.4242424242424243,-3.2367,-3.3422,3,"(67, 147, 195)",2,26
227,227,-2.878787878787879,-1.3636363636363635,-3.2367,-3.3422,3,"(67, 147, 195)",2,27
228,228,-2.878787878787879,-1.303030303030303,-3.2367,-3.3422,3,"(67, 147, 195)",2,28
229,229,-2.878787878787879,-1.2424242424242424,-3.2367,-3.3422,3,"(67, 147, 195)",2,29
230,230,-2.878787878787879,-1.1818181818181817,-3.2367,-3.3422,3,"(67, 147, 195)",2,30
231,231,-2.878787878787879,-1.121212121212121,-3.2367,3.3422,1,"(253, 219, 199)",2,31
232,232,-2.878787878787879,-1.0606060606060606,-3.2367,3.3422,1,"(253, 219, 199)",2,32
233,233,-2.878787878787879,-1.0,3.1653,-3.3425,0,"(214, 96, 77)",2,33
234,234,-2.878787878787879,-0.9393939393939394,3.1653,-3.3425,0,"(214, 96, 77)",2,34
235,235,-2.878787878787879,-0.8787878787878789,-3.2367,-3.3422,3,"(67, 147, 195)",2,35
236,236,-2.878787878787879,-0.8181818181818183,-3.2367,-3.3422,3,"(67, 147, 195)",2,36
237,237,-2.878787878787879,-0.7575757575757573,-3.2367,3.3422,1,"(253, 219, 199)",2,37
238,238,-2.878787878787879,-0.6969696969696968,3.1653,-3.3425,0,"(214, 96, 77)",2,38
239,239,-2.878787878787879,-0.6363636363636362,3.1653,-3.3425,0,"(214, 96, 77)",2,39
240,240,-2.878787878787879,-0.5757575757575757,3.1653,-3.3425,0,"(214, 96, 77)",2,40
241,241,-2.878787878787879,-0.5151515151515151,3.1653,-3.3425,0,"(214, 96, 77)",2,41
242,242,-2.878787878787879,-0.4545454545454546,3.1653,-3.3425,0,"(214, 96, 77)",2,42
243,243,-2.878787878787879,-0.393939393939394,3.1653,-3.3425,0,"(214, 96, 77)",2,43
244,244,-2.878787878787879,-0.333333333333333,3.1653,-3.3425,0,"(214, 96, 77)",2,44
245,245,-2.878787878787879,-0.2727272727272725,3.1653,-3.3425,0,"(214, 96, 77)",2,45
246,246,-2.878787878787879,-0.2121212121212119,-3.2367,3.3422,1,"(253, 219, 199)",2,46
247,247,-2.878787878787879,-0.1515151515151513,-3.2367,-3.3422,3,"(67, 147, 195)",2,47
248,248,-2.878787878787879,-0.0909090909090908,-3.2367,-3.3422,3,"(67, 147, 195)",2,48
249,249,-2.878787878787879,-0.0303030303030302,-3.2367,-3.3422,3,"(67, 147, 195)",2,49
250,250,-2.878787878787879,0.0303030303030302,-3.2367,3.3422,1,"(253, 219, 199)",2,50
251,251,-2.878787878787879,0.0909090909090908,-3.2367,3.3422,1,"(253, 219, 199)",2,51
252,252,-2.878787878787879,0.1515151515151513,-3.2367,3.3422,1,"(253, 219, 199)",2,52
253,253,-2.878787878787879,0.2121212121212123,-3.2367,-3.3422,3,"(67, 147, 195)",2,53
254,254,-2.878787878787879,0.2727272727272729,3.1653,3.3425,2,"(209, 229, 240)",2,54
255,255,-2.878787878787879,0.3333333333333335,3.1653,3.3425,2,"(209, 229, 240)",2,55
256,256,-2.878787878787879,0.393939393939394,3.1653,3.3425,2,"(209, 229, 240)",2,56
257,257,-2.878787878787879,0.4545454545454546,3.1653,3.3425,2,"(209, 229, 240)",2,57
258,258,-2.878787878787879,0.5151515151515151,3.1653,3.3425,2,"(209, 229, 240)",2,58
259,259,-2.878787878787879,0.5757575757575757,3.1653,3.3425,2,"(209, 229, 240)",2,59
260,260,-2.878787878787879,0.6363636363636367,3.1653,3.3425,2,"(209, 229, 240)",2,60
261,261,-2.878787878787879,0.6969696969696972,3.1653,3.3425,2,"(209, 229, 240)",2,61
262,262,-2.878787878787879,0.7575757575757578,-3.2367,-3.3422,3,"(67, 147, 195)",2,62
263,263,-2.878787878787879,0.8181818181818183,-3.2367,3.3422,1,"(253, 219, 199)",2,63
264,264,-2.878787878787879,0.8787878787878789,-3.2367,3.3422,1,"(253, 219, 199)",2,64
265,265,-2.878787878787879,0.9393939393939394,3.1653,3.3425,2,"(209, 229, 240)",2,65
266,266,-2.878787878787879,1.0,3.1653,3.3425,2,"(209, 229, 240)",2,66
267,267,-2.878787878787879,1.0606060606060606,-3.2367,-3.3422,3,"(67, 147, 195)",2,67
268,268,-2.878787878787879,1.121212121212121,-3.2367,-3.3422,3,"(67, 147, 195)",2,68
269,269,-2.878787878787879,1.1818181818181817,-3.2367,3.3422,1,"(253, 219, 199)",2,69
270,270,-2.878787878787879,1.2424242424242422,-3.2367,3.3422,1,"(253, 219, 199)",2,70
271,271,-2.878787878787879,1.3030303030303028,-3.2367,3.3422,1,"(253, 219, 199)",2,71
272,272,-2.878787878787879,1.363636363636363,-3.2367,3.3422,1,"(253, 219, 199)",2,72
273,273,-2.878787878787879,1.4242424242424248,-3.2367,3.3422,1,"(253, 219, 199)",2,73
274,274,-2.878787878787879,1.4848484848484853,-3.2367,3.3422,1,"(253, 219, 199)",2,74
275,275,-2.878787878787879,1.545454545454546,-3.2367,3.3422,1,"(253, 219, 199)",2,75
276,276,-2.878787878787879,1.6060606060606064,-3.2367,3.3422,1,"(253, 219, 199)",2,76
277,277,-2.878787878787879,1.666666666666667,-3.2367,3.3422,1,"(253, 219, 199)",2,77
278,278,-2.878787878787879,1.7272727272727275,-3.2367,3.3422,1,"(253, 219, 199)",2,78
279,279,-2.878787878787879,1.787878787878788,-3.2367,3.3422,1,"(253, 219, 199)",2,79
280,280,-2.878787878787879,1.8484848484848488,-3.2367,3.3422,1,"(253, 219, 199)",2,80
281,281,-2.878787878787879,1.9090909090909087,-3.2367,3.3422,1,"(253, 219, 199)",2,81
282,282,-2.878787878787879,1.9696969696969695,-3.2367,3.3422,1,"(253, 219, 199)",2,82
283,283,-2.878787878787879,2.0303030303030303,-3.2367,3.3422,1,"(253, 219, 199)",2,83
284,284,-2.878787878787879,2.090909090909091,-3.2367,3.3422,1,"(253, 219, 199)",2,84
285,285,-2.878787878787879,2.1515151515151514,-3.2367,3.3422,1,"(253, 219, 199)",2,85
286,286,-2.878787878787879,2.212121212121212,-3.2367,3.3422,1,"(253, 219, 199)",2,86
287,287,-2.878787878787879,2.2727272727272725,-3.2367,3.3422,1,"(253, 219, 199)",2,87
288,288,-2.878787878787879,2.333333333333334,-3.2367,3.3422,1,"(253, 219, 199)",2,88
289,289,-2.878787878787879,2.3939393939393945,-3.2367,3.3422,1,"(253, 219, 199)",2,89
290,290,-2.878787878787879,2.454545454545455,-3.2367,3.3422,1,"(253, 219, 199)",2,90
291,291,-2.878787878787879,2.515151515151516,-3.2367,3.3422,1,"(253, 219, 199)",2,91
292,292,-2.878787878787879,2.575757575757576,-3.2367,3.3422,1,"(253, 219, 199)",2,92
293,293,-2.878787878787879,2.6363636363636367,-3.2367,3.3422,1,"(253, 219, 199)",2,93
294,294,-2.878787878787879,2.696969696969697,-3.2367,3.3422,1,"(253, 219, 199)",2,94
295,295,-2.878787878787879,2.757575757575758,-3.2367,3.3422,1,"(253, 219, 199)",2,95
296,296,-2.878787878787879,2.8181818181818183,-3.2367,3.3422,1,"(253, 219, 199)",2,96
297,297,-2.878787878787879,2.878787878787879,-3.2367,3.3422,1,"(253, 219, 199)",2,97
298,298,-2.878787878787879,2.9393939393939394,-3.2367,3.3422,1,"(253, 219, 199)",2,98
299,299,-2.878787878787879,3.0,-3.2367,3.3422,1,"(253, 219, 199)",2,99
300,300,-2.8181818181818183,-3.0,-3.2367,-3.3422,3,"(67, 147, 195)",3,0
301,301,-2.8181818181818183,-2.9393939393939394,-3.2367,-3.3422,3,"(67, 147, 195)",3,1
302,302,-2.8181818181818183,-2.878787878787879,-3.2367,-3.3422,3,"(67, 147, 195)",3,2
303,303,-2.8181818181818183,-2.8181818181818183,-3.2367,-3.3422,3,"(67, 147, 195)",3,3
304,304,-2.8181818181818183,-2.757575757575758,-3.2367,-3.3422,3,"(67, 147, 195)",3,4
305,305,-2.8181818181818183,-2.696969696969697,-3.2367,-3.3422,3,"(67, 147, 195)",3,5
306,306,-2.8181818181818183,-2.636363636363636,-3.2367,-3.3422,3,"(67, 147, 195)",3,6
307,307,-2.8181818181818183,-2.575757575757576,-3.2367,-3.3422,3,"(67, 147, 195)",3,7
308,308,-2.8181818181818183,-2.515151515151515,-3.2367,-3.3422,3,"(67, 147, 195)",3,8
309,309,-2.8181818181818183,-2.4545454545454546,-3.2367,-3.3422,3,"(67, 147, 195)",3,9
310,310,-2.8181818181818183,-2.393939393939394,-3.2367,-3.3422,3,"(67, 147, 195)",3,10
311,311,-2.8181818181818183,-2.333333333333333,-3.2367,-3.3422,3,"(67, 147, 195)",3,11
312,312,-2.8181818181818183,-2.2727272727272725,-3.2367,-3.3422,3,"(67, 147, 195)",3,12
313,313,-2.8181818181818183,-2.212121212121212,-3.2367,-3.3422,3,"(67, 147, 195)",3,13
314,314,-2.8181818181818183,-2.1515151515151514,-3.2367,-3.3422,3,"(67, 147, 195)",3,14
315,315,-2.8181818181818183,-2.090909090909091,-3.2367,-3.3422,3,"(67, 147, 195)",3,15
316,316,-2.8181818181818183,-2.0303030303030303,-3.2367,-3.3422,3,"(67, 147, 195)",3,16
317,317,-2.8181818181818183,-1.9696969696969695,-3.2367,-3.3422,3,"(67, 147, 195)",3,17
318,318,-2.8181818181818183,-1.9090909090909087,-3.2367,-3.3422,3,"(67, 147, 195)",3,18
319,319,-2.8181818181818183,-1.8484848484848484,-3.2367,-3.3422,3,"(67, 147, 195)",3,19
320,320,-2.8181818181818183,-1.7878787878787878,-3.2367,-3.3422,3,"(67, 147, 195)",3,20
321,321,-2.8181818181818183,-1.7272727272727273,-3.2367,-3.3422,3,"(67, 147, 195)",3,21
322,322,-2.8181818181818183,-1.6666666666666663,-3.2367,-3.3422,3,"(67, 147, 195)",3,22
323,323,-2.8181818181818183,-1.606060606060606,-3.2367,-3.3422,3,"(67, 147, 195)",3,23
324,324,-2.8181818181818183,-1.5454545454545454,-3.2367,-3.3422,3,"(67, 147, 195)",3,24
325,325,-2.8181818181818183,-1.4848484848484849,-3.2367,-3.3422,3,"(67, 147, 195)",3,25
326,326,-2.8181818181818183,-1.4242424242424243,-3.2367,-3.3422,3,"(67, 147, 195)",3,26
327,327,-2.8181818181818183,-1.3636363636363635,-3.2367,-3.3422,3,"(67, 147, 195)",3,27
328,328,-2.8181818181818183,-1.303030303030303,-3.2367,-3.3422,3,"(67, 147, 195)",3,28
329,329,-2.8181818181818183,-1.2424242424242424,-3.2367,-3.3422,3,"(67, 147, 195)",3,29
330,330,-2.8181818181818183,-1.1818181818181817,-3.2367,3.3422,1,"(253, 219, 199)",3,30
331,331,-2.8181818181818183,-1.121212121212121,-3.2367,3.3422,1,"(253, 219, 199)",3,31
332,332,-2.8181818181818183,-1.0606060606060606,3.1653,3.3425,2,"(209, 229, 240)",3,32
333,333,-2.8181818181818183,-1.0,3.1653,3.3425,2,"(209, 229, 240)",3,33
334,334,-2.8181818181818183,-0.9393939393939394,3.1653,-3.3425,0,"(214, 96, 77)",3,34
335,335,-2.8181818181818183,-0.8787878787878789,3.1653,-3.3425,0,"(214, 96, 77)",3,35
336,336,-2.8181818181818183,-0.8181818181818183,3.1653,-3.3425,0,"(214, 96, 77)",3,36
337,337,-2.8181818181818183,-0.7575757575757573,3.1653,-3.3425,0,"(214, 96, 77)",3,37
338,338,-2.8181818181818183,-0.6969696969696968,3.1653,-3.3425,0,"(214, 96, 77)",3,38
339,339,-2.8181818181818183,-0.6363636363636362,3.1653,-3.3425,0,"(214, 96, 77)",3,39
340,340,-2.8181818181818183,-0.5757575757575757,3.1653,-3.3425,0,"(214, 96, 77)",3,40
341,341,-2.8181818181818183,-0.5151515151515151,3.1653,-3.3425,0,"(214, 96, 77)",3,41
342,342,-2.8181818181818183,-0.4545454545454546,3.1653,-3.3425,0,"(214, 96, 77)",3,42
343,343,-2.8181818181818183,-0.393939393939394,3.1653,-3.3425,0,"(214, 96, 77)",3,43
344,344,-2.8181818181818183,-0.333333333333333,3.1653,-3.3425,0,"(214, 96, 77)",3,44
345,345,-2.8181818181818183,-0.2727272727272725,3.1653,-3.3425,0,"(214, 96, 77)",3,45
346,346,-2.8181818181818183,-0.2121212121212119,3.1653,3.3425,2,"(209, 229, 240)",3,46
347,347,-2.8181818181818183,-0.1515151515151513,-3.2367,-3.3422,3,"(67, 147, 195)",3,47
348,348,-2.8181818181818183,-0.0909090909090908,-3.2367,-3.3422,3,"(67, 147, 195)",3,48
349,349,-2.8181818181818183,-0.0303030303030302,-3.2367,-3.3422,3,"(67, 147, 195)",3,49
350,350,-2.8181818181818183,0.0303030303030302,-3.2367,3.3422,1,"(253, 219, 199)",3,50
351,351,-2.8181818181818183,0.0909090909090908,-3.2367,3.3422,1,"(253, 219, 199)",3,51
352,352,-2.8181818181818183,0.1515151515151513,-3.2367,3.3422,1,"(253, 219, 199)",3,52
353,353,-2.8181818181818183,0.2121212121212123,3.1653,-3.3425,0,"(214, 96, 77)",3,53
354,354,-2.8181818181818183,0.2727272727272729,3.1653,3.3425,2,"(209, 229, 240)",3,54
355,355,-2.8181818181818183,0.3333333333333335,3.1653,3.3425,2,"(209, 229, 240)",3,55
356,356,-2.8181818181818183,0.393939393939394,3.1653,3.3425,2,"(209, 229, 240)",3,56
357,357,-2.8181818181818183,0.4545454545454546,3.1653,3.3425,2,"(209, 229, 240)",3,57
358,358,-2.8181818181818183,0.5151515151515151,3.1653,3.3425,2,"(209, 229, 240)",3,58
359,359,-2.8181818181818183,0.5757575757575757,3.1653,3.3425,2,"(209, 229, 240)",3,59
360,360,-2.8181818181818183,0.6363636363636367,3.1653,3.3425,2,"(209, 229, 240)",3,60
361,361,-2.8181818181818183,0.6969696969696972,3.1653,3.3425,2,"(209, 229, 240)",3,61
362,362,-2.8181818181818183,0.7575757575757578,3.1653,3.3425,2,"(209, 229, 240)",3,62
363,363,-2.8181818181818183,0.8181818181818183,3.1653,3.3425,2,"(209, 229, 240)",3,63
364,364,-2.8181818181818183,0.8787878787878789,3.1653,3.3425,2,"(209, 229, 240)",3,64
365,365,-2.8181818181818183,0.9393939393939394,3.1653,3.3425,2,"(209, 229, 240)",3,65
366,366,-2.8181818181818183,1.0,3.1653,-3.3425,0,"(214, 96, 77)",3,66
367,367,-2.8181818181818183,1.0606060606060606,3.1653,-3.3425,0,"(214, 96, 77)",3,67
368,368,-2.8181818181818183,1.121212121212121,-3.2367,-3.3422,3,"(67, 147, 195)",3,68
369,369,-2.8181818181818183,1.1818181818181817,-3.2367,-3.3422,3,"(67, 147, 195)",3,69
370,370,-2.8181818181818183,1.2424242424242422,-3.2367,3.3422,1,"(253, 219, 199)",3,70
371,371,-2.8181818181818183,1.3030303030303028,-3.2367,3.3422,1,"(253, 219, 199)",3,71
372,372,-2.8181818181818183,1.363636363636363,-3.2367,3.3422,1,"(253, 219, 199)",3,72
373,373,-2.8181818181818183,1.4242424242424248,-3.2367,3.3422,1,"(253, 219, 199)",3,73
374,374,-2.8181818181818183,1.4848484848484853,-3.2367,3.3422,1,"(253, 219, 199)",3,74
375,375,-2.8181818181818183,1.545454545454546,-3.2367,3.3422,1,"(253, 219, 199)",3,75
376,376,-2.8181818181818183,1.6060606060606064,-3.2367,3.3422,1,"(253, 219, 199)",3,76
377,377,-2.8181818181818183,1.666666666666667,-3.2367,3.3422,1,"(253, 219, 199)",3,77
378,378,-2.8181818181818183,1.7272727272727275,-3.2367,3.3422,1,"(253, 219, 199)",3,78
379,379,-2.8181818181818183,1.787878787878788,-3.2367,3.3422,1,"(253, 219, 199)",3,79
380,380,-2.8181818181818183,1.8484848484848488,-3.2367,3.3422,1,"(253, 219, 199)",3,80
381,381,-2.8181818181818183,1.9090909090909087,-3.2367,3.3422,1,"(253, 219, 199)",3,81
382,382,-2.8181818181818183,1.9696969696969695,-3.2367,3.3422,1,"(253, 219, 199)",3,82
383,383,-2.8181818181818183,2.0303030303030303,-3.2367,3.3422,1,"(253, 219, 199)",3,83
384,384,-2.8181818181818183,2.090909090909091,-3.2367,3.3422,1,"(253, 219, 199)",3,84
385,385,-2.8181818181818183,2.1515151515151514,-3.2367,3.3422,1,"(253, 219, 199)",3,85
386,386,-2.8181818181818183,2.212121212121212,-3.2367,3.3422,1,"(253, 219, 199)",3,86
387,387,-2.8181818181818183,2.2727272727272725,-3.2367,3.3422,1,"(253, 219, 199)",3,87
388,388,-2.8181818181818183,2.333333333333334,-3.2367,3.3422,1,"(253, 219, 199)",3,88
389,389,-2.8181818181818183,2.3939393939393945,-3.2367,3.3422,1,"(253, 219, 199)",3,89
390,390,-2.8181818181818183,2.454545454545455,-3.2367,3.3422,1,"(253, 219, 199)",3,90
391,391,-2.8181818181818183,2.515151515151516,-3.2367,3.3422,1,"(253, 219, 199)",3,91
392,392,-2.8181818181818183,2.575757575757576,-3.2367,3.3422,1,"(253, 219, 199)",3,92
393,393,-2.8181818181818183,2.6363636363636367,-3.2367,3.3422,1,"(253, 219, 199)",3,93
394,394,-2.8181818181818183,2.696969696969697,-3.2367,3.3422,1,"(253, 219, 199)",3,94
395,395,-2.8181818181818183,2.757575757575758,-3.2367,3.3422,1,"(253, 219, 199)",3,95
396,396,-2.8181818181818183,2.8181818181818183,-3.2367,3.3422,1,"(253, 219, 199)",3,96
397,397,-2.8181818181818183,2.878787878787879,-3.2367,3.3422,1,"(253, 219, 199)",3,97
398,398,-2.8181818181818183,2.9393939393939394,-3.2367,3.3422,1,"(253, 219, 199)",3,98
399,399,-2.8181818181818183,3.0,-3.2367,3.3422,1,"(253, 219, 199)",3,99
400,400,-2.757575757575758,-3.0,-3.2367,-3.3422,3,"(67, 147, 195)",4,0
401,401,-2.757575757575758,-2.9393939393939394,-3.2367,-3.3422,3,"(67, 147, 195)",4,1
402,402,-2.757575757575758,-2.878787878787879,-3.2367,-3.3422,3,"(67, 147, 195)",4,2
403,403,-2.757575757575758,-2.8181818181818183,-3.2367,-3.3422,3,"(67, 147, 195)",4,3
404,404,-2.757575757575758,-2.757575757575758,-3.2367,-3.3422,3,"(67, 147, 195)",4,4
405,405,-2.757575757575758,-2.696969696969697,-3.2367,-3.3422,3,"(67, 147, 195)",4,5
406,406,-2.757575757575758,-2.636363636363636,-3.2367,-3.3422,3,"(67, 147, 195)",4,6
407,407,-2.757575757575758,-2.575757575757576,-3.2367,-3.3422,3,"(67, 147, 195)",4,7
408,408,-2.757575757575758,-2.515151515151515,-3.2367,-3.3422,3,"(67, 147, 195)",4,8
409,409,-2.757575757575758,-2.4545454545454546,-3.2367,-3.3422,3,"(67, 147, 195)",4,9
410,410,-2.757575757575758,-2.393939393939394,-3.2367,-3.3422,3,"(67, 147, 195)",4,10
411,411,-2.757575757575758,-2.333333333333333,-3.2367,-3.3422,3,"(67, 147, 195)",4,11
412,412,-2.757575757575758,-2.2727272727272725,-3.2367,-3.3422,3,"(67, 147, 195)",4,12
413,413,-2.757575757575758,-2.212121212121212,-3.2367,-3.3422,3,"(67, 147, 195)",4,13
414,414,-2.757575757575758,-2.1515151515151514,-3.2367,-3.3422,3,"(67, 147, 195)",4,14
415,415,-2.757575757575758,-2.090909090909091,-3.2367,-3.3422,3,"(67, 147, 195)",4,15
416,416,-2.757575757575758,-2.0303030303030303,-3.2367,-3.3422,3,"(67, 147, 195)",4,16
417,417,-2.757575757575758,-1.9696969696969695,-3.2367,-3.3422,3,"(67, 147, 195)",4,17
418,418,-2.757575757575758,-1.9090909090909087,-3.2367,-3.3422,3,"(67, 147, 195)",4,18
419,419,-2.757575757575758,-1.8484848484848484,-3.2367,-3.3422,3,"(67, 147, 195)",4,19
420,420,-2.757575757575758,-1.7878787878787878,-3.2367,-3.3422,3,"(67, 147, 195)",4,20
421,421,-2.757575757575758,-1.7272727272727273,-3.2367,-3.3422,3,"(67, 147, 195)",4,21
422,422,-2.757575757575758,-1.6666666666666663,-3.2367,-3.3422,3,"(67, 147, 195)",4,22
423,423,-2.757575757575758,-1.606060606060606,-3.2367,-3.3422,3,"(67, 147, 195)",4,23
424,424,-2.757575757575758,-1.5454545454545454,-3.2367,-3.3422,3,"(67, 147, 195)",4,24
425,425,-2.757575757575758,-1.4848484848484849,-3.2367,-3.3422,3,"(67, 147, 195)",4,25
426,426,-2.757575757575758,-1.4242424242424243,-3.2367,-3.3422,3,"(67, 147, 195)",4,26
427,427,-2.757575757575758,-1.3636363636363635,-3.2367,-3.3422,3,"(67, 147, 195)",4,27
428,428,-2.757575757575758,-1.303030303030303,-3.2367,-3.3422,3,"(67, 147, 195)",4,28
429,429,-2.757575757575758,-1.2424242424242424,-3.2367,3.3422,1,"(253, 219, 199)",4,29
430,430,-2.757575757575758,-1.1818181818181817,-3.2367,3.3422,1,"(253, 219, 199)",4,30
431,431,-2.757575757575758,-1.121212121212121,-3.2367,3.3422,1,"(253, 219, 199)",4,31
432,432,-2.757575757575758,-1.0606060606060606,3.1653,3.3425,2,"(209, 229, 240)",4,32
433,433,-2.757575757575758,-1.0,3.1653,3.3425,2,"(209, 229, 240)",4,33
434,434,-2.757575757575758,-0.9393939393939394,3.1653,-3.3425,0,"(214, 96, 77)",4,34
435,435,-2.757575757575758,-0.8787878787878789,3.1653,-3.3425,0,"(214, 96, 77)",4,35
436,436,-2.757575757575758,-0.8181818181818183,3.1653,-3.3425,0,"(214, 96, 77)",4,36
437,437,-2.757575757575758,-0.7575757575757573,3.1653,-3.3425,0,"(214, 96, 77)",4,37
438,438,-2.757575757575758,-0.6969696969696968,3.1653,-3.3425,0,"(214, 96, 77)",4,38
439,439,-2.757575757575758,-0.6363636363636362,3.1653,-3.3425,0,"(214, 96, 77)",4,39
440,440,-2.757575757575758,-0.5757575757575757,3.1653,-3.3425,0,"(214, 96, 77)",4,40
441,441,-2.757575757575758,-0.5151515151515151,3.1653,-3.3425,0,"(214, 96, 77)",4,41
442,442,-2.757575757575758,-0.4545454545454546,3.1653,-3.3425,0,"(214, 96, 77)",4,42
443,443,-2.757575757575758,-0.393939393939394,3.1653,-3.3425,0,"(214, 96, 77)",4,43
444,444,-2.757575757575758,-0.333333333333333,3.1653,-3.3425,0,"(214, 96, 77)",4,44
445,445,-2.757575757575758,-0.2727272727272725,3.1653,-3.3425,0,"(214, 96, 77)",4,45
446,446,-2.757575757575758,-0.2121212121212119,3.1653,-3.3425,0,"(214, 96, 77)",4,46
447,447,-2.757575757575758,-0.1515151515151513,-3.2367,3.3422,1,"(253, 219, 199)",4,47
448,448,-2.757575757575758,-0.0909090909090908,3.1653,3.3425,2,"(209, 229, 240)",4,48
449,449,-2.757575757575758,-0.0303030303030302,3.1653,-3.3425,0,"(214, 96, 77)",4,49
450,450,-2.757575757575758,0.0303030303030302,3.1653,3.3425,2,"(209, 229, 240)",4,50
451,451,-2.757575757575758,0.0909090909090908,3.1653,-3.3425,0,"(214, 96, 77)",4,51
452,452,-2.757575757575758,0.1515151515151513,-3.2367,-3.3422,3,"(67, 147, 195)",4,52
453,453,-2.757575757575758,0.2121212121212123,3.1653,3.3425,2,"(209, 229, 240)",4,53
454,454,-2.757575757575758,0.2727272727272729,3.1653,3.3425,2,"(209, 229, 240)",4,54
455,455,-2.757575757575758,0.3333333333333335,3.1653,3.3425,2,"(209, 229, 240)",4,55
456,456,-2.757575757575758,0.393939393939394,3.1653,3.3425,2,"(209, 229, 240)",4,56
457,457,-2.757575757575758,0.4545454545454546,3.1653,3.3425,2,"(209, 229, 240)",4,57
458,458,-2.757575757575758,0.5151515151515151,3.1653,3.3425,2,"(209, 229, 240)",4,58
459,459,-2.757575757575758,0.5757575757575757,3.1653,3.3425,2,"(209, 229, 240)",4,59
460,460,-2.757575757575758,0.6363636363636367,3.1653,3.3425,2,"(209, 229, 240)",4,60
461,461,-2.757575757575758,0.6969696969696972,3.1653,3.3425,2,"(209, 229, 240)",4,61
462,462,-2.757575757575758,0.7575757575757578,3.1653,3.3425,2,"(209, 229, 240)",4,62
463,463,-2.757575757575758,0.8181818181818183,3.1653,3.3425,2,"(209, 229, 240)",4,63
464,464,-2.757575757575758,0.8787878787878789,3.1653,3.3425,2,"(209, 229, 240)",4,64
465,465,-2.757575757575758,0.9393939393939394,3.1653,3.3425,2,"(209, 229, 240)",4,65
466,466,-2.757575757575758,1.0,3.1653,-3.3425,0,"(214, 96, 77)",4,66
467,467,-2.757575757575758,1.0606060606060606,3.1653,-3.3425,0,"(214, 96, 77)",4,67
468,468,-2.757575757575758,1.121212121212121,-3.2367,-3.3422,3,"(67, 147, 195)",4,68
469,469,-2.757575757575758,1.1818181818181817,-3.2367,-3.3422,3,"(67, 147, 195)",4,69
470,470,-2.757575757575758,1.2424242424242422,-3.2367,-3.3422,3,"(67, 147, 195)",4,70
471,471,-2.757575757575758,1.3030303030303028,-3.2367,3.3422,1,"(253, 219, 199)",4,71
472,472,-2.757575757575758,1.363636363636363,-3.2367,3.3422,1,"(253, 219, 199)",4,72
473,473,-2.757575757575758,1.4242424242424248,-3.2367,3.3422,1,"(253, 219, 199)",4,73
474,474,-2.757575757575758,1.4848484848484853,-3.2367,3.3422,1,"(253, 219, 199)",4,74
475,475,-2.757575757575758,1.545454545454546,-3.2367,3.3422,1,"(253, 219, 199)",4,75
476,476,-2.757575757575758,1.6060606060606064,-3.2367,3.3422,1,"(253, 219, 199)",4,76
477,477,-2.757575757575758,1.666666666666667,-3.2367,3.3422,1,"(253, 219, 199)",4,77
478,478,-2.757575757575758,1.7272727272727275,-3.2367,3.3422,1,"(253, 219, 199)",4,78
479,479,-2.757575757575758,1.787878787878788,-3.2367,3.3422,1,"(253, 219, 199)",4,79
480,480,-2.757575757575758,1.8484848484848488,-3.2367,3.3422,1,"(253, 219, 199)",4,80
481,481,-2.757575757575758,1.9090909090909087,-3.2367,3.3422,1,"(253, 219, 199)",4,81
482,482,-2.757575757575758,1.9696969696969695,-3.2367,3.3422,1,"(253, 219, 199)",4,82
483,483,-2.757575757575758,2.0303030303030303,-3.2367,3.3422,1,"(253, 219, 199)",4,83
484,484,-2.757575757575758,2.090909090909091,-3.2367,3.3422,1,"(253, 219, 199)",4,84
485,485,-2.757575757575758,2.1515151515151514,-3.2367,3.3422,1,"(253, 219, 199)",4,85
486,486,-2.757575757575758,2.212121212121212,-3.2367,3.3422,1,"(253, 219, 199)",4,86
487,487,-2.757575757575758,2.2727272727272725,-3.2367,3.3422,1,"(253, 219, 199)",4,87
488,488,-2.757575757575758,2.333333333333334,-3.2367,3.3422,1,"(253, 219, 199)",4,88
489,489,-2.757575757575758,2.3939393939393945,-3.2367,3.3422,1,"(253, 219, 199)",4,89
490,490,-2.757575757575758,2.454545454545455,-3.2367,3.3422,1,"(253, 219, 199)",4,90
491,491,-2.757575757575758,2.515151515151516,-3.2367,3.3422,1,"(253, 219, 199)",4,91
492,492,-2.757575757575758,2.575757575757576,-3.2367,3.3422,1,"(253, 219, 199)",4,92
493,493,-2.757575757575758,2.6363636363636367,-3.2367,3.3422,1,"(253, 219, 199)",4,93
494,494,-2.757575757575758,2.696969696969697,-3.2367,3.3422,1,"(253, 219, 199)",4,94
495,495,-2.757575757575758,2.757575757575758,-3.2367,3.3422,1,"(253, 219, 199)",4,95
496,496,-2.757575757575758,2.8181818181818183,-3.2367,3.3422,1,"(253, 219, 199)",4,96
497,497,-2.757575757575758,2.878787878787879,-3.2367,3.3422,1,"(253, 219, 199)",4,97
498,498,-2.757575757575758,2.9393939393939394,-3.2367,3.3422,1,"(253, 219, 199)",4,98
499,499,-2.757575757575758,3.0,-3.2367,3.3422,1,"(253, 219, 199)",4,99
500,500,-2.696969696969697,-3.0,-3.2367,-3.3422,3,"(67, 147, 195)",5,0
501,501,-2.696969696969697,-2.9393939393939394,-3.2367,-3.3422,3,"(67, 147, 195)",5,1
502,502,-2.696969696969697,-2.878787878787879,-3.2367,-3.3422,3,"(67, 147, 195)",5,2
503,503,-2.696969696969697,-2.8181818181818183,-3.2367,-3.3422,3,"(67, 147, 195)",5,3
504,504,-2.696969696969697,-2.757575757575758,-3.2367,-3.3422,3,"(67, 147, 195)",5,4
505,505,-2.696969696969697,-2.696969696969697,-3.2367,-3.3422,3,"(67, 147, 195)",5,5
506,506,-2.696969696969697,-2.636363636363636,-3.2367,-3.3422,3,"(67, 147, 195)",5,6
507,507,-2.696969696969697,-2.575757575757576,-3.2367,-3.3422,3,"(67, 147, 195)",5,7
508,508,-2.696969696969697,-2.515151515151515,-3.2367,-3.3422,3,"(67, 147, 195)",5,8
509,509,-2.696969696969697,-2.4545454545454546,-3.2367,-3.3422,3,"(67, 147, 195)",5,9
510,510,-2.696969696969697,-2.393939393939394,-3.2367,-3.3422,3,"(67, 147, 195)",5,10
511,511,-2.696969696969697,-2.333333333333333,-3.2367,-3.3422,3,"(67, 147, 195)",5,11
512,512,-2.696969696969697,-2.2727272727272725,-3.2367,-3.3422,3,"(67, 147, 195)",5,12
513,513,-2.696969696969697,-2.212121212121212,-3.2367,-3.3422,3,"(67, 147, 195)",5,13
514,514,-2.696969696969697,-2.1515151515151514,-3.2367,-3.3422,3,"(67, 147, 195)",5,14
515,515,-2.696969696969697,-2.090909090909091,-3.2367,-3.3422,3,"(67, 147, 195)",5,15
516,516,-2.696969696969697,-2.0303030303030303,-3.2367,-3.3422,3,"(67, 147, 195)",5,16
517,517,-2.696969696969697,-1.9696969696969695,-3.2367,-3.3422,3,"(67, 147, 195)",5,17
518,518,-2.696969696969697,-1.9090909090909087,-3.2367,-3.3422,3,"(67, 147, 195)",5,18
519,519,-2.696969696969697,-1.8484848484848484,-3.2367,-3.3422,3,"(67, 147, 195)",5,19
520,520,-2.696969696969697,-1.7878787878787878,-3.2367,-3.3422,3,"(67, 147, 195)",5,20
521,521,-2.696969696969697,-1.7272727272727273,-3.2367,-3.3422,3,"(67, 147, 195)",5,21
522,522,-2.696969696969697,-1.6666666666666663,-3.2367,-3.3422,3,"(67, 147, 195)",5,22
523,523,-2.696969696969697,-1.606060606060606,-3.2367,-3.3422,3,"(67, 147, 195)",5,23
524,524,-2.696969696969697,-1.5454545454545454,-3.2367,-3.3422,3,"(67, 147, 195)",5,24
525,525,-2.696969696969697,-1.4848484848484849,-3.2367,-3.3422,3,"(67, 147, 195)",5,25
526,526,-2.696969696969697,-1.4242424242424243,-3.2367,-3.3422,3,"(67, 147, 195)",5,26
527,527,-2.696969696969697,-1.3636363636363635,-3.2367,-3.3422,3,"(67, 147, 195)",5,27
528,528,-2.696969696969697,-1.303030303030303,3.1653,-3.3425,0,"(214, 96, 77)",5,28
529,529,-2.696969696969697,-1.2424242424242424,-3.2367,3.3422,1,"(253, 219, 199)",5,29
530,530,-2.696969696969697,-1.1818181818181817,-3.2367,3.3422,1,"(253, 219, 199)",5,30
531,531,-2.696969696969697,-1.121212121212121,-3.2367,-3.3422,3,"(67, 147, 195)",5,31
532,532,-2.696969696969697,-1.0606060606060606,3.1653,3.3425,2,"(209, 229, 240)",5,32
533,533,-2.696969696969697,-1.0,3.1653,3.3425,2,"(209, 229, 240)",5,33
534,534,-2.696969696969697,-0.9393939393939394,3.1653,-3.3425,0,"(214, 96, 77)",5,34
535,535,-2.696969696969697,-0.8787878787878789,3.1653,-3.3425,0,"(214, 96, 77)",5,35
536,536,-2.696969696969697,-0.8181818181818183,3.1653,-3.3425,0,"(214, 96, 77)",5,36
537,537,-2.696969696969697,-0.7575757575757573,3.1653,-3.3425,0,"(214, 96, 77)",5,37
538,538,-2.696969696969697,-0.6969696969696968,3.1653,-3.3425,0,"(214, 96, 77)",5,38
539,539,-2.696969696969697,-0.6363636363636362,3.1653,-3.3425,0,"(214, 96, 77)",5,39
540,540,-2.696969696969697,-0.5757575757575757,3.1653,-3.3425,0,"(214, 96, 77)",5,40
541,541,-2.696969696969697,-0.5151515151515151,3.1653,-3.3425,0,"(214, 96, 77)",5,41
542,542,-2.696969696969697,-0.4545454545454546,3.1653,-3.3425,0,"(214, 96, 77)",5,42
543,543,-2.696969696969697,-0.393939393939394,3.1653,-3.3425,0,"(214, 96, 77)",5,43
544,544,-2.696969696969697,-0.333333333333333,3.1653,-3.3425,0,"(214, 96, 77)",5,44
545,545,-2.696969696969697,-0.2727272727272725,3.1653,-3.3425,0,"(214, 96, 77)",5,45
546,546,-2.696969696969697,-0.2121212121212119,3.1653,-3.3425,0,"(214, 96, 77)",5,46
547,547,-2.696969696969697,-0.1515151515151513,3.1653,3.3425,2,"(209, 229, 240)",5,47
548,548,-2.696969696969697,-0.0909090909090908,3.1653,3.3425,2,"(209, 229, 240)",5,48
549,549,-2.696969696969697,-0.0303030303030302,3.1653,-3.3425,0,"(214, 96, 77)",5,49
550,550,-2.696969696969697,0.0303030303030302,3.1653,3.3425,2,"(209, 229, 240)",5,50
551,551,-2.696969696969697,0.0909090909090908,3.1653,-3.3425,0,"(214, 96, 77)",5,51
552,552,-2.696969696969697,0.1515151515151513,3.1653,-3.3425,0,"(214, 96, 77)",5,52
553,553,-2.696969696969697,0.2121212121212123,3.1653,3.3425,2,"(209, 229, 240)",5,53
554,554,-2.696969696969697,0.2727272727272729,3.1653,3.3425,2,"(209, 229, 240)",5,54
555,555,-2.696969696969697,0.3333333333333335,3.1653,3.3425,2,"(209, 229, 240)",5,55
556,556,-2.696969696969697,0.393939393939394,3.1653,3.3425,2,"(209, 229, 240)",5,56
557,557,-2.696969696969697,0.4545454545454546,3.1653,3.3425,2,"(209, 229, 240)",5,57
558,558,-2.696969696969697,0.5151515151515151,3.1653,3.3425,2,"(209, 229, 240)",5,58
559,559,-2.696969696969697,0.5757575757575757,3.1653,3.3425,2,"(209, 229, 240)",5,59
560,560,-2.696969696969697,0.6363636363636367,3.1653,3.3425,2,"(209, 229, 240)",5,60
561,561,-2.696969696969697,0.6969696969696972,3.1653,3.3425,2,"(209, 229, 240)",5,61
562,562,-2.696969696969697,0.7575757575757578,3.1653,3.3425,2,"(209, 229, 240)",5,62
563,563,-2.696969696969697,0.8181818181818183,3.1653,3.3425,2,"(209, 229, 240)",5,63
564,564,-2.696969696969697,0.8787878787878789,3.1653,3.3425,2,"(209, 229, 240)",5,64
565,565,-2.696969696969697,0.9393939393939394,3.1653,3.3425,2,"(209, 229, 240)",5,65
566,566,-2.696969696969697,1.0,3.1653,-3.3425,0,"(214, 96, 77)",5,66
567,567,-2.696969696969697,1.0606060606060606,3.1653,-3.3425,0,"(214, 96, 77)",5,67
568,568,-2.696969696969697,1.121212121212121,-3.2367,3.3422,1,"(253, 219, 199)",5,68
569,569,-2.696969696969697,1.1818181818181817,-3.2367,-3.3422,3,"(67, 147, 195)",5,69
570,570,-2.696969696969697,1.2424242424242422,-3.2367,-3.3422,3,"(67, 147, 195)",5,70
571,571,-2.696969696969697,1.3030303030303028,3.1653,3.3425,2,"(209, 229, 240)",5,71
572,572,-2.696969696969697,1.363636363636363,-3.2367,3.3422,1,"(253, 219, 199)",5,72
573,573,-2.696969696969697,1.4242424242424248,-3.2367,3.3422,1,"(253, 219, 199)",5,73
574,574,-2.696969696969697,1.4848484848484853,-3.2367,3.3422,1,"(253, 219, 199)",5,74
575,575,-2.696969696969697,1.545454545454546,-3.2367,3.3422,1,"(253, 219, 199)",5,75
576,576,-2.696969696969697,1.6060606060606064,-3.2367,3.3422,1,"(253, 219, 199)",5,76
577,577,-2.696969696969697,1.666666666666667,-3.2367,3.3422,1,"(253, 219, 199)",5,77
578,578,-2.696969696969697,1.7272727272727275,-3.2367,3.3422,1,"(253, 219, 199)",5,78
579,579,-2.696969696969697,1.787878787878788,-3.2367,3.3422,1,"(253, 219, 199)",5,79
580,580,-2.696969696969697,1.8484848484848488,-3.2367,3.3422,1,"(253, 219, 199)",5,80
581,581,-2.696969696969697,1.9090909090909087,-3.2367,3.3422,1,"(253, 219, 199)",5,81
582,582,-2.696969696969697,1.9696969696969695,-3.2367,3.3422,1,"(253, 219, 199)",5,82
583,583,-2.696969696969697,2.0303030303030303,-3.2367,3.3422,1,"(253, 219, 199)",5,83
584,584,-2.696969696969697,2.090909090909091,-3.2367,3.3422,1,"(253, 219, 199)",5,84
585,585,-2.696969696969697,2.1515151515151514,-3.2367,3.3422,1,"(253, 219, 199)",5,85
586,586,-2.696969696969697,2.212121212121212,-3.2367,3.3422,1,"(253, 219, 199)",5,86
587,587,-2.696969696969697,2.2727272727272725,-3.2367,3.3422,1,"(253, 219, 199)",5,87
588,588,-2.696969696969697,2.333333333333334,-3.2367,3.3422,1,"(253, 219, 199)",5,88
589,589,-2.696969696969697,2.3939393939393945,-3.2367,3.3422,1,"(253, 219, 199)",5,89
590,590,-2.696969696969697,2.454545454545455,-3.2367,3.3422,1,"(253, 219, 199)",5,90
591,591,-2.696969696969697,2.515151515151516,-3.2367,3.3422,1,"(253, 219, 199)",5,91
592,592,-2.696969696969697,2.575757575757576,-3.2367,3.3422,1,"(253, 219, 199)",5,92
593,593,-2.696969696969697,2.6363636363636367,-3.2367,3.3422,1,"(253, 219, 199)",5,93
594,594,-2.696969696969697,2.696969696969697,-3.2367,3.3422,1,"(253, 219, 199)",5,94
595,595,-2.696969696969697,2.757575757575758,-3.2367,3.3422,1,"(253, 219, 199)",5,95
596,596,-2.696969696969697,2.8181818181818183,-3.2367,3.3422,1,"(253, 219, 199)",5,96
597,597,-2.696969696969697,2.878787878787879,-3.2367,3.3422,1,"(253, 219, 199)",5,97
598,598,-2.696969696969697,2.9393939393939394,-3.2367,3.3422,1,"(253, 219, 199)",5,98
599,599,-2.696969696969697,3.0,-3.2367,3.3422,1,"(253, 219, 199)",5,99
600,600,-2.636363636363636,-3.0,-3.2367,-3.3422,3,"(67, 147, 195)",6,0
601,601,-2.636363636363636,-2.9393939393939394,-3.2367,-3.3422,3,"(67, 147, 195)",6,1
602,602,-2.636363636363636,-2.878787878787879,-3.2367,-3.3422,3,"(67, 147, 195)",6,2
603,603,-2.636363636363636,-2.8181818181818183,-3.2367,-3.3422,3,"(67, 147, 195)",6,3
604,604,-2.636363636363636,-2.757575757575758,-3.2367,-3.3422,3,"(67, 147, 195)",6,4
605,605,-2.636363636363636,-2.696969696969697,-3.2367,-3.3422,3,"(67, 147, 195)",6,5
606,606,-2.636363636363636,-2.636363636363636,-3.2367,-3.3422,3,"(67, 147, 195)",6,6
607,607,-2.636363636363636,-2.575757575757576,-3.2367,-3.3422,3,"(67, 147, 195)",6,7
608,608,-2.636363636363636,-2.515151515151515,-3.2367,-3.3422,3,"(67, 147, 195)",6,8
609,609,-2.636363636363636,-2.4545454545454546,-3.2367,-3.3422,3,"(67, 147, 195)",6,9
610,610,-2.636363636363636,-2.393939393939394,-3.2367,-3.3422,3,"(67, 147, 195)",6,10
611,611,-2.636363636363636,-2.333333333333333,-3.2367,-3.3422,3,"(67, 147, 195)",6,11
612,612,-2.636363636363636,-2.2727272727272725,-3.2367,-3.3422,3,"(67, 147, 195)",6,12
613,613,-2.636363636363636,-2.212121212121212,-3.2367,-3.3422,3,"(67, 147, 195)",6,13
614,614,-2.636363636363636,-2.1515151515151514,-3.2367,-3.3422,3,"(67, 147, 195)",6,14
615,615,-2.636363636363636,-2.090909090909091,-3.2367,-3.3422,3,"(67, 147, 195)",6,15
616,616,-2.636363636363636,-2.0303030303030303,-3.2367,-3.3422,3,"(67, 147, 195)",6,16
617,617,-2.636363636363636,-1.9696969696969695,-3.2367,-3.3422,3,"(67, 147, 195)",6,17
618,618,-2.636363636363636,-1.9090909090909087,-3.2367,-3.3422,3,"(67, 147, 195)",6,18
619,619,-2.636363636363636,-1.8484848484848484,-3.2367,-3.3422,3,"(67, 147, 195)",6,19
620,620,-2.636363636363636,-1.7878787878787878,-3.2367,-3.3422,3,"(67, 147, 195)",6,20
621,621,-2.636363636363636,-1.7272727272727273,-3.2367,-3.3422,3,"(67, 147, 195)",6,21
622,622,-2.636363636363636,-1.6666666666666663,-3.2367,-3.3422,3,"(67, 147, 195)",6,22
623,623,-2.636363636363636,-1.606060606060606,-3.2367,-3.3422,3,"(67, 147, 195)",6,23
624,624,-2.636363636363636,-1.5454545454545454,-3.2367,-3.3422,3,"(67, 147, 195)",6,24
625,625,-2.636363636363636,-1.4848484848484849,-3.2367,-3.3422,3,"(67, 147, 195)",6,25
626,626,-2.636363636363636,-1.4242424242424243,-3.2367,-3.3422,3,"(67, 147, 195)",6,26
627,627,-2.636363636363636,-1.3636363636363635,-3.2367,-3.3422,3,"(67, 147, 195)",6,27
628,628,-2.636363636363636,-1.303030303030303,3.1653,-3.3425,0,"(214, 96, 77)",6,28
629,629,-2.636363636363636,-1.2424242424242424,3.1653,3.3425,2,"(209, 229, 240)",6,29
630,630,-2.636363636363636,-1.1818181818181817,-3.2367,3.3422,1,"(253, 219, 199)",6,30
631,631,-2.636363636363636,-1.121212121212121,3.1653,-3.3425,0,"(214, 96, 77)",6,31
632,632,-2.636363636363636,-1.0606060606060606,3.1653,3.3425,2,"(209, 229, 240)",6,32
633,633,-2.636363636363636,-1.0,-3.2367,3.3422,1,"(253, 219, 199)",6,33
634,634,-2.636363636363636,-0.9393939393939394,3.1653,-3.3425,0,"(214, 96, 77)",6,34
635,635,-2.636363636363636,-0.8787878787878789,3.1653,-3.3425,0,"(214, 96, 77)",6,35
636,636,-2.636363636363636,-0.8181818181818183,3.1653,-3.3425,0,"(214, 96, 77)",6,36
637,637,-2.636363636363636,-0.7575757575757573,3.1653,-3.3425,0,"(214, 96, 77)",6,37
638,638,-2.636363636363636,-0.6969696969696968,3.1653,-3.3425,0,"(214, 96, 77)",6,38
639,639,-2.636363636363636,-0.6363636363636362,3.1653,-3.3425,0,"(214, 96, 77)",6,39
640,640,-2.636363636363636,-0.5757575757575757,3.1653,-3.3425,0,"(214, 96, 77)",6,40
641,641,-2.636363636363636,-0.5151515151515151,3.1653,-3.3425,0,"(214, 96, 77)",6,41
642,642,-2.636363636363636,-0.4545454545454546,3.1653,-3.3425,0,"(214, 96, 77)",6,42
643,643,-2.636363636363636,-0.393939393939394,3.1653,-3.3425,0,"(214, 96, 77)",6,43
644,644,-2.636363636363636,-0.333333333333333,3.1653,-3.3425,0,"(214, 96, 77)",6,44
645,645,-2.636363636363636,-0.2727272727272725,3.1653,-3.3425,0,"(214, 96, 77)",6,45
646,646,-2.636363636363636,-0.2121212121212119,3.1653,-3.3425,0,"(214, 96, 77)",6,46
647,647,-2.636363636363636,-0.1515151515151513,3.1653,-3.3425,0,"(214, 96, 77)",6,47
648,648,-2.636363636363636,-0.0909090909090908,3.1653,-3.3425,0,"(214, 96, 77)",6,48
649,649,-2.636363636363636,-0.0303030303030302,-3.2367,-3.3422,3,"(67, 147, 195)",6,49
650,650,-2.636363636363636,0.0303030303030302,-3.2367,3.3422,1,"(253, 219, 199)",6,50
651,651,-2.636363636363636,0.0909090909090908,3.1653,3.3425,2,"(209, 229, 240)",6,51
652,652,-2.636363636363636,0.1515151515151513,3.1653,3.3425,2,"(209, 229, 240)",6,52
653,653,-2.636363636363636,0.2121212121212123,3.1653,3.3425,2,"(209, 229, 240)",6,53
654,654,-2.636363636363636,0.2727272727272729,3.1653,3.3425,2,"(209, 229, 240)",6,54
655,655,-2.636363636363636,0.3333333333333335,3.1653,3.3425,2,"(209, 229, 240)",6,55
656,656,-2.636363636363636,0.393939393939394,3.1653,3.3425,2,"(209, 229, 240)",6,56
657,657,-2.636363636363636,0.4545454545454546,3.1653,3.3425,2,"(209, 229, 240)",6,57
658,658,-2.636363636363636,0.5151515151515151,3.1653,3.3425,2,"(209, 229, 240)",6,58
659,659,-2.636363636363636,0.5757575757575757,3.1653,3.3425,2,"(209, 229, 240)",6,59
660,660,-2.636363636363636,0.6363636363636367,3.1653,3.3425,2,"(209, 229, 240)",6,60
661,661,-2.636363636363636,0.6969696969696972,3.1653,3.3425,2,"(209, 229, 240)",6,61
662,662,-2.636363636363636,0.7575757575757578,3.1653,3.3425,2,"(209, 229, 240)",6,62
663,663,-2.636363636363636,0.8181818181818183,3.1653,3.3425,2,"(209, 229, 240)",6,63
664,664,-2.636363636363636,0.8787878787878789,3.1653,3.3425,2,"(209, 229, 240)",6,64
665,665,-2.636363636363636,0.9393939393939394,3.1653,3.3425,2,"(209, 229, 240)",6,65
666,666,-2.636363636363636,1.0,-3.2367,-3.3422,3,"(67, 147, 195)",6,66
667,667,-2.636363636363636,1.0606060606060606,3.1653,-3.3425,0,"(214, 96, 77)",6,67
668,668,-2.636363636363636,1.121212121212121,3.1653,3.3425,2,"(209, 229, 240)",6,68
669,669,-2.636363636363636,1.1818181818181817,-3.2367,-3.3422,3,"(67, 147, 195)",6,69
670,670,-2.636363636363636,1.2424242424242422,3.1653,-3.3425,0,"(214, 96, 77)",6,70
671,671,-2.636363636363636,1.3030303030303028,3.1653,3.3425,2,"(209, 229, 240)",6,71
672,672,-2.636363636363636,1.363636363636363,-3.2367,3.3422,1,"(253, 219, 199)",6,72
673,673,-2.636363636363636,1.4242424242424248,-3.2367,3.3422,1,"(253, 219, 199)",6,73
674,674,-2.636363636363636,1.4848484848484853,-3.2367,3.3422,1,"(253, 219, 199)",6,74
675,675,-2.636363636363636,1.545454545454546,-3.2367,3.3422,1,"(253, 219, 199)",6,75
676,676,-2.636363636363636,1.6060606060606064,-3.2367,3.3422,1,"(253, 219, 199)",6,76
677,677,-2.636363636363636,1.666666666666667,-3.2367,3.3422,1,"(253, 219, 199)",6,77
678,678,-2.636363636363636,1.7272727272727275,-3.2367,3.3422,1,"(253, 219, 199)",6,78
679,679,-2.636363636363636,1.787878787878788,-3.2367,3.3422,1,"(253, 219, 199)",6,79
680,680,-2.636363636363636,1.8484848484848488,-3.2367,3.3422,1,"(253, 219, 199)",6,80
681,681,-2.636363636363636,1.9090909090909087,-3.2367,3.3422,1,"(253, 219, 199)",6,81
682,682,-2.636363636363636,1.9696969696969695,-3.2367,3.3422,1,"(253, 219, 199)",6,82
683,683,-2.636363636363636,2.0303030303030303,-3.2367,3.3422,1,"(253, 219, 199)",6,83
684,684,-2.636363636363636,2.090909090909091,-3.2367,3.3422,1,"(253, 219, 199)",6,84
685,685,-2.636363636363636,2.1515151515151514,-3.2367,3.3422,1,"(253, 219, 199)",6,85
686,686,-2.636363636363636,2.212121212121212,-3.2367,3.3422,1,"(253, 219, 199)",6,86
687,687,-2.636363636363636,2.2727272727272725,-3.2367,3.3422,1,"(253, 219, 199)",6,87
688,688,-2.636363636363636,2.333333333333334,-3.2367,3.3422,1,"(253, 219, 199)",6,88
689,689,-2.636363636363636,2.3939393939393945,-3.2367,3.3422,1,"(253, 219, 199)",6,89
690,690,-2.636363636363636,2.454545454545455,-3.2367,3.3422,1,"(253, 219, 199)",6,90
691,691,-2.636363636363636,2.515151515151516,-3.2367,3.3422,1,"(253, 219, 199)",6,91
692,692,-2.636363636363636,2.575757575757576,-3.2367,3.3422,1,"(253, 219, 199)",6,92
693,693,-2.636363636363636,2.6363636363636367,-3.2367,3.3422,1,"(253, 219, 199)",6,93
694,694,-2.636363636363636,2.696969696969697,-3.2367,3.3422,1,"(253, 219, 199)",6,94
695,695,-2.636363636363636,2.757575757575758,-3.2367,3.3422,1,"(253, 219, 199)",6,95
696,696,-2.636363636363636,2.8181818181818183,-3.2367,3.3422,1,"(253, 219, 199)",6,96
697,697,-2.636363636363636,2.878787878787879,-3.2367,3.3422,1,"(253, 219, 199)",6,97
698,698,-2.636363636363636,2.9393939393939394,-3.2367,3.3422,1,"(253, 219, 199)",6,98
699,699,-2.636363636363636,3.0,-3.2367,3.3422,1,"(253, 219, 199)",6,99
700,700,-2.575757575757576,-3.0,-3.2367,-3.3422,3,"(67, 147, 195)",7,0
701,701,-2.575757575757576,-2.9393939393939394,-3.2367,-3.3422,3,"(67, 147, 195)",7,1
702,702,-2.575757575757576,-2.878787878787879,-3.2367,-3.3422,3,"(67, 147, 195)",7,2
703,703,-2.575757575757576,-2.8181818181818183,-3.2367,-3.3422,3,"(67, 147, 195)",7,3
704,704,-2.575757575757576,-2.757575757575758,-3.2367,-3.3422,3,"(67, 147, 195)",7,4
705,705,-2.575757575757576,-2.696969696969697,-3.2367,-3.3422,3,"(67, 147, 195)",7,5
706,706,-2.575757575757576,-2.636363636363636,-3.2367,-3.3422,3,"(67, 147, 195)",7,6
707,707,-2.575757575757576,-2.575757575757576,-3.2367,-3.3422,3,"(67, 147, 195)",7,7
708,708,-2.575757575757576,-2.515151515151515,-3.2367,-3.3422,3,"(67, 147, 195)",7,8
709,709,-2.575757575757576,-2.4545454545454546,-3.2367,-3.3422,3,"(67, 147, 195)",7,9
710,710,-2.575757575757576,-2.393939393939394,-3.2367,-3.3422,3,"(67, 147, 195)",7,10
711,711,-2.575757575757576,-2.333333333333333,-3.2367,-3.3422,3,"(67, 147, 195)",7,11
712,712,-2.575757575757576,-2.2727272727272725,-3.2367,-3.3422,3,"(67, 147, 195)",7,12
713,713,-2.575757575757576,-2.212121212121212,-3.2367,-3.3422,3,"(67, 147, 195)",7,13
714,714,-2.575757575757576,-2.1515151515151514,-3.2367,-3.3422,3,"(67, 147, 195)",7,14
715,715,-2.575757575757576,-2.090909090909091,-3.2367,-3.3422,3,"(67, 147, 195)",7,15
716,716,-2.575757575757576,-2.0303030303030303,-3.2367,-3.3422,3,"(67, 147, 195)",7,16
717,717,-2.575757575757576,-1.9696969696969695,-3.2367,-3.3422,3,"(67, 147, 195)",7,17
718,718,-2.575757575757576,-1.9090909090909087,-3.2367,-3.3422,3,"(67, 147, 195)",7,18
719,719,-2.575757575757576,-1.8484848484848484,-3.2367,-3.3422,3,"(67, 147, 195)",7,19
720,720,-2.575757575757576,-1.7878787878787878,-3.2367,-3.3422,3,"(67, 147, 195)",7,20
721,721,-2.575757575757576,-1.7272727272727273,-3.2367,-3.3422,3,"(67, 147, 195)",7,21
722,722,-2.575757575757576,-1.6666666666666663,-3.2367,-3.3422,3,"(67, 147, 195)",7,22
723,723,-2.575757575757576,-1.606060606060606,-3.2367,-3.3422,3,"(67, 147, 195)",7,23
724,724,-2.575757575757576,-1.5454545454545454,-3.2367,-3.3422,3,"(67, 147, 195)",7,24
725,725,-2.575757575757576,-1.4848484848484849,-3.2367,-3.3422,3,"(67, 147, 195)",7,25
726,726,-2.575757575757576,-1.4242424242424243,-3.2367,-3.3422,3,"(67, 147, 195)",7,26
727,727,-2.575757575757576,-1.3636363636363635,-3.2367,-3.3422,3,"(67, 147, 195)",7,27
728,728,-2.575757575757576,-1.303030303030303,3.1653,-3.3425,0,"(214, 96, 77)",7,28
729,729,-2.575757575757576,-1.2424242424242424,3.1653,-3.3425,0,"(214, 96, 77)",7,29
730,730,-2.575757575757576,-1.1818181818181817,3.1653,3.3425,2,"(209, 229, 240)",7,30
731,731,-2.575757575757576,-1.121212121212121,3.1653,3.3425,2,"(209, 229, 240)",7,31
732,732,-2.575757575757576,-1.0606060606060606,-3.2367,3.3422,1,"(253, 219, 199)",7,32
733,733,-2.575757575757576,-1.0,-3.2367,-3.3422,3,"(67, 147, 195)",7,33
734,734,-2.575757575757576,-0.9393939393939394,3.1653,-3.3425,0,"(214, 96, 77)",7,34
735,735,-2.575757575757576,-0.8787878787878789,3.1653,-3.3425,0,"(214, 96, 77)",7,35
736,736,-2.575757575757576,-0.8181818181818183,3.1653,-3.3425,0,"(214, 96, 77)",7,36
737,737,-2.575757575757576,-0.7575757575757573,3.1653,-3.3425,0,"(214, 96, 77)",7,37
738,738,-2.575757575757576,-0.6969696969696968,3.1653,-3.3425,0,"(214, 96, 77)",7,38
739,739,-2.575757575757576,-0.6363636363636362,3.1653,-3.3425,0,"(214, 96, 77)",7,39
740,740,-2.575757575757576,-0.5757575757575757,3.1653,-3.3425,0,"(214, 96, 77)",7,40
741,741,-2.575757575757576,-0.5151515151515151,3.1653,-3.3425,0,"(214, 96, 77)",7,41
742,742,-2.575757575757576,-0.4545454545454546,3.1653,-3.3425,0,"(214, 96, 77)",7,42
743,743,-2.575757575757576,-0.393939393939394,3.1653,-3.3425,0,"(214, 96, 77)",7,43
744,744,-2.575757575757576,-0.333333333333333,3.1653,-3.3425,0,"(214, 96, 77)",7,44
745,745,-2.575757575757576,-0.2727272727272725,3.1653,-3.3425,0,"(214, 96, 77)",7,45
746,746,-2.575757575757576,-0.2121212121212119,3.1653,-3.3425,0,"(214, 96, 77)",7,46
747,747,-2.575757575757576,-0.1515151515151513,3.1653,-3.3425,0,"(214, 96, 77)",7,47
748,748,-2.575757575757576,-0.0909090909090908,3.1653,3.3425,2,"(209, 229, 240)",7,48
749,749,-2.575757575757576,-0.0303030303030302,-3.2367,-3.3422,3,"(67, 147, 195)",7,49
750,750,-2.575757575757576,0.0303030303030302,-3.2367,3.3422,1,"(253, 219, 199)",7,50
751,751,-2.575757575757576,0.0909090909090908,3.1653,-3.3425,0,"(214, 96, 77)",7,51
752,752,-2.575757575757576,0.1515151515151513,3.1653,3.3425,2,"(209, 229, 240)",7,52
753,753,-2.575757575757576,0.2121212121212123,3.1653,3.3425,2,"(209, 229, 240)",7,53
754,754,-2.575757575757576,0.2727272727272729,3.1653,3.3425,2,"(209, 229, 240)",7,54
755,755,-2.575757575757576,0.3333333333333335,3.1653,3.3425,2,"(209, 229, 240)",7,55
756,756,-2.575757575757576,0.393939393939394,3.1653,3.3425,2,"(209, 229, 240)",7,56
757,757,-2.575757575757576,0.4545454545454546,3.1653,3.3425,2,"(209, 229, 240)",7,57
758,758,-2.575757575757576,0.5151515151515151,3.1653,3.3425,2,"(209, 229, 240)",7,58
759,759,-2.575757575757576,0.5757575757575757,3.1653,3.3425,2,"(209, 229, 240)",7,59
760,760,-2.575757575757576,0.6363636363636367,3.1653,3.3425,2,"(209, 229, 240)",7,60
761,761,-2.575757575757576,0.6969696969696972,3.1653,3.3425,2,"(209, 229, 240)",7,61
762,762,-2.575757575757576,0.7575757575757578,3.1653,3.3425,2,"(209, 229, 240)",7,62
763,763,-2.575757575757576,0.8181818181818183,3.1653,3.3425,2,"(209, 229, 240)",7,63
764,764,-2.575757575757576,0.8787878787878789,3.1653,3.3425,2,"(209, 229, 240)",7,64
765,765,-2.575757575757576,0.9393939393939394,3.1653,3.3425,2,"(209, 229, 240)",7,65
766,766,-2.575757575757576,1.0,-3.2367,3.3422,1,"(253, 219, 199)",7,66
767,767,-2.575757575757576,1.0606060606060606,-3.2367,-3.3422,3,"(67, 147, 195)",7,67
768,768,-2.575757575757576,1.121212121212121,3.1653,-3.3425,0,"(214, 96, 77)",7,68
769,769,-2.575757575757576,1.1818181818181817,3.1653,-3.3425,0,"(214, 96, 77)",7,69
770,770,-2.575757575757576,1.2424242424242422,3.1653,3.3425,2,"(209, 229, 240)",7,70
771,771,-2.575757575757576,1.3030303030303028,3.1653,3.3425,2,"(209, 229, 240)",7,71
772,772,-2.575757575757576,1.363636363636363,-3.2367,3.3422,1,"(253, 219, 199)",7,72
773,773,-2.575757575757576,1.4242424242424248,-3.2367,3.3422,1,"(253, 219, 199)",7,73
774,774,-2.575757575757576,1.4848484848484853,-3.2367,3.3422,1,"(253, 219, 199)",7,74
775,775,-2.575757575757576,1.545454545454546,-3.2367,3.3422,1,"(253, 219, 199)",7,75
776,776,-2.575757575757576,1.6060606060606064,-3.2367,3.3422,1,"(253, 219, 199)",7,76
777,777,-2.575757575757576,1.666666666666667,-3.2367,3.3422,1,"(253, 219, 199)",7,77
778,778,-2.575757575757576,1.7272727272727275,-3.2367,3.3422,1,"(253, 219, 199)",7,78
779,779,-2.575757575757576,1.787878787878788,-3.2367,3.3422,1,"(253, 219, 199)",7,79
780,780,-2.575757575757576,1.8484848484848488,-3.2367,3.3422,1,"(253, 219, 199)",7,80
781,781,-2.575757575757576,1.9090909090909087,-3.2367,3.3422,1,"(253, 219, 199)",7,81
782,782,-2.575757575757576,1.9696969696969695,-3.2367,3.3422,1,"(253, 219, 199)",7,82
783,783,-2.575757575757576,2.0303030303030303,-3.2367,3.3422,1,"(253, 219, 199)",7,83
784,784,-2.575757575757576,2.090909090909091,-3.2367,3.3422,1,"(253, 219, 199)",7,84
785,785,-2.575757575757576,2.1515151515151514,-3.2367,3.3422,1,"(253, 219, 199)",7,85
786,786,-2.575757575757576,2.212121212121212,-3.2367,3.3422,1,"(253, 219, 199)",7,86
787,787,-2.575757575757576,2.2727272727272725,-3.2367,3.3422,1,"(253, 219, 199)",7,87
788,788,-2.575757575757576,2.333333333333334,-3.2367,3.3422,1,"(253, 219, 199)",7,88
789,789,-2.575757575757576,2.3939393939393945,-3.2367,3.3422,1,"(253, 219, 199)",7,89
790,790,-2.575757575757576,2.454545454545455,-3.2367,3.3422,1,"(253, 219, 199)",7,90
791,791,-2.575757575757576,2.515151515151516,-3.2367,3.3422,1,"(253, 219, 199)",7,91
792,792,-2.575757575757576,2.575757575757576,-3.2367,3.3422,1,"(253, 219, 199)",7,92
793,793,-2.575757575757576,2.6363636363636367,-3.2367,3.3422,1,"(253, 219, 199)",7,93
794,794,-2.575757575757576,2.696969696969697,-3.2367,3.3422,1,"(253, 219, 199)",7,94
795,795,-2.575757575757576,2.757575757575758,-3.2367,3.3422,1,"(253, 219, 199)",7,95
796,796,-2.575757575757576,2.8181818181818183,-3.2367,3.3422,1,"(253, 219, 199)",7,96
797,797,-2.575757575757576,2.878787878787879,-3.2367,3.3422,1,"(253, 219, 199)",7,97
798,798,-2.575757575757576,2.9393939393939394,-3.2367,3.3422,1,"(253, 219, 199)",7,98
799,799,-2.575757575757576,3.0,-3.2367,3.3422,1,"(253, 219, 199)",7,99
800,800,-2.515151515151515,-3.0,-3.2367,-3.3422,3,"(67, 147, 195)",8,0
801,801,-2.515151515151515,-2.9393939393939394,-3.2367,-3.3422,3,"(67, 147, 195)",8,1
802,802,-2.515151515151515,-2.878787878787879,-3.2367,-3.3422,3,"(67, 147, 195)",8,2
803,803,-2.515151515151515,-2.8181818181818183,-3.2367,-3.3422,3,"(67, 147, 195)",8,3
804,804,-2.515151515151515,-2.757575757575758,-3.2367,-3.3422,3,"(67, 147, 195)",8,4
805,805,-2.515151515151515,-2.696969696969697,-3.2367,-3.3422,3,"(67, 147, 195)",8,5
806,806,-2.515151515151515,-2.636363636363636,-3.2367,-3.3422,3,"(67, 147, 195)",8,6
807,807,-2.515151515151515,-2.575757575757576,-3.2367,-3.3422,3,"(67, 147, 195)",8,7
808,808,-2.515151515151515,-2.515151515151515,-3.2367,-3.3422,3,"(67, 147, 195)",8,8
809,809,-2.515151515151515,-2.4545454545454546,-3.2367,-3.3422,3,"(67, 147, 195)",8,9
810,810,-2.515151515151515,-2.393939393939394,-3.2367,-3.3422,3,"(67, 147, 195)",8,10
811,811,-2.515151515151515,-2.333333333333333,-3.2367,-3.3422,3,"(67, 147, 195)",8,11
812,812,-2.515151515151515,-2.2727272727272725,-3.2367,-3.3422,3,"(67, 147, 195)",8,12
813,813,-2.515151515151515,-2.212121212121212,-3.2367,-3.3422,3,"(67, 147, 195)",8,13
814,814,-2.515151515151515,-2.1515151515151514,-3.2367,-3.3422,3,"(67, 147, 195)",8,14
815,815,-2.515151515151515,-2.090909090909091,-3.2367,-3.3422,3,"(67, 147, 195)",8,15
816,816,-2.515151515151515,-2.0303030303030303,-3.2367,-3.3422,3,"(67, 147, 195)",8,16
817,817,-2.515151515151515,-1.9696969696969695,-3.2367,-3.3422,3,"(67, 147, 195)",8,17
818,818,-2.515151515151515,-1.9090909090909087,-3.2367,-3.3422,3,"(67, 147, 195)",8,18
819,819,-2.515151515151515,-1.8484848484848484,-3.2367,-3.3422,3,"(67, 147, 195)",8,19
820,820,-2.515151515151515,-1.7878787878787878,-3.2367,-3.3422,3,"(67, 147, 195)",8,20
821,821,-2.515151515151515,-1.7272727272727273,-3.2367,-3.3422,3,"(67, 147, 195)",8,21
822,822,-2.515151515151515,-1.6666666666666663,-3.2367,-3.3422,3,"(67, 147, 195)",8,22
823,823,-2.515151515151515,-1.606060606060606,-3.2367,-3.3422,3,"(67, 147, 195)",8,23
824,824,-2.515151515151515,-1.5454545454545454,-3.2367,-3.3422,3,"(67, 147, 195)",8,24
825,825,-2.515151515151515,-1.4848484848484849,-3.2367,-3.3422,3,"(67, 147, 195)",8,25
826,826,-2.515151515151515,-1.4242424242424243,-3.2367,-3.3422,3,"(67, 147, 195)",8,26
827,827,-2.515151515151515,-1.3636363636363635,-3.2367,-3.3422,3,"(67, 147, 195)",8,27
828,828,-2.515151515151515,-1.303030303030303,-3.2367,-3.3422,3,"(67, 147, 195)",8,28
829,829,-2.515151515151515,-1.2424242424242424,-3.2367,3.3422,1,"(253, 219, 199)",8,29
830,830,-2.515151515151515,-1.1818181818181817,3.1653,3.3425,2,"(209, 229, 240)",8,30
831,831,-2.515151515151515,-1.121212121212121,-3.2367,-3.3422,3,"(67, 147, 195)",8,31
832,832,-2.515151515151515,-1.0606060606060606,-3.2367,-3.3422,3,"(67, 147, 195)",8,32
833,833,-2.515151515151515,-1.0,-3.2367,3.3422,1,"(253, 219, 199)",8,33
834,834,-2.515151515151515,-0.9393939393939394,3.1653,-3.3425,0,"(214, 96, 77)",8,34
835,835,-2.515151515151515,-0.8787878787878789,3.1653,-3.3425,0,"(214, 96, 77)",8,35
836,836,-2.515151515151515,-0.8181818181818183,3.1653,-3.3425,0,"(214, 96, 77)",8,36
837,837,-2.515151515151515,-0.7575757575757573,3.1653,-3.3425,0,"(214, 96, 77)",8,37
838,838,-2.515151515151515,-0.6969696969696968,3.1653,-3.3425,0,"(214, 96, 77)",8,38
839,839,-2.515151515151515,-0.6363636363636362,3.1653,-3.3425,0,"(214, 96, 77)",8,39
840,840,-2.515151515151515,-0.5757575757575757,3.1653,-3.3425,0,"(214, 96, 77)",8,40
841,841,-2.515151515151515,-0.5151515151515151,3.1653,-3.3425,0,"(214, 96, 77)",8,41
842,842,-2.515151515151515,-0.4545454545454546,3.1653,-3.3425,0,"(214, 96, 77)",8,42
843,843,-2.515151515151515,-0.393939393939394,3.1653,-3.3425,0,"(214, 96, 77)",8,43
844,844,-2.515151515151515,-0.333333333333333,3.1653,-3.3425,0,"(214, 96, 77)",8,44
845,845,-2.515151515151515,-0.2727272727272725,3.1653,-3.3425,0,"(214, 96, 77)",8,45
846,846,-2.515151515151515,-0.2121212121212119,3.1653,-3.3425,0,"(214, 96, 77)",8,46
847,847,-2.515151515151515,-0.1515151515151513,3.1653,-3.3425,0,"(214, 96, 77)",8,47
848,848,-2.515151515151515,-0.0909090909090908,3.1653,-3.3425,0,"(214, 96, 77)",8,48
849,849,-2.515151515151515,-0.0303030303030302,-3.2367,-3.3422,3,"(67, 147, 195)",8,49
850,850,-2.515151515151515,0.0303030303030302,-3.2367,3.3422,1,"(253, 219, 199)",8,50
851,851,-2.515151515151515,0.0909090909090908,3.1653,3.3425,2,"(209, 229, 240)",8,51
852,852,-2.515151515151515,0.1515151515151513,3.1653,3.3425,2,"(209, 229, 240)",8,52
853,853,-2.515151515151515,0.2121212121212123,3.1653,3.3425,2,"(209, 229, 240)",8,53
854,854,-2.515151515151515,0.2727272727272729,3.1653,3.3425,2,"(209, 229, 240)",8,54
855,855,-2.515151515151515,0.3333333333333335,3.1653,3.3425,2,"(209, 229, 240)",8,55
856,856,-2.515151515151515,0.393939393939394,3.1653,3.3425,2,"(209, 229, 240)",8,56
857,857,-2.515151515151515,0.4545454545454546,3.1653,3.3425,2,"(209, 229, 240)",8,57
858,858,-2.515151515151515,0.5151515151515151,3.1653,3.3425,2,"(209, 229, 240)",8,58
859,859,-2.515151515151515,0.5757575757575757,3.1653,3.3425,2,"(209, 229, 240)",8,59
860,860,-2.515151515151515,0.6363636363636367,3.1653,3.3425,2,"(209, 229, 240)",8,60
861,861,-2.515151515151515,0.6969696969696972,3.1653,3.3425,2,"(209, 229, 240)",8,61
862,862,-2.515151515151515,0.7575757575757578,3.1653,3.3425,2,"(209, 229, 240)",8,62
863,863,-2.515151515151515,0.8181818181818183,3.1653,3.3425,2,"(209, 229, 240)",8,63
864,864,-2.515151515151515,0.8787878787878789,3.1653,3.3425,2,"(209, 229, 240)",8,64
865,865,-2.515151515151515,0.9393939393939394,3.1653,3.3425,2,"(209, 229, 240)",8,65
866,866,-2.515151515151515,1.0,-3.2367,-3.3422,3,"(67, 147, 195)",8,66
867,867,-2.515151515151515,1.0606060606060606,-3.2367,3.3422,1,"(253, 219, 199)",8,67
868,868,-2.515151515151515,1.121212121212121,-3.2367,3.3422,1,"(253, 219, 199)",8,68
869,869,-2.515151515151515,1.1818181818181817,3.1653,-3.3425,0,"(214, 96, 77)",8,69
870,870,-2.515151515151515,1.2424242424242422,-3.2367,-3.3422,3,"(67, 147, 195)",8,70
871,871,-2.515151515151515,1.3030303030303028,-3.2367,3.3422,1,"(253, 219, 199)",8,71
872,872,-2.515151515151515,1.363636363636363,-3.2367,3.3422,1,"(253, 219, 199)",8,72
873,873,-2.515151515151515,1.4242424242424248,-3.2367,3.3422,1,"(253, 219, 199)",8,73
874,874,-2.515151515151515,1.4848484848484853,-3.2367,3.3422,1,"(253, 219, 199)",8,74
875,875,-2.515151515151515,1.545454545454546,-3.2367,3.3422,1,"(253, 219, 199)",8,75
876,876,-2.515151515151515,1.6060606060606064,-3.2367,3.3422,1,"(253, 219, 199)",8,76
877,877,-2.515151515151515,1.666666666666667,-3.2367,3.3422,1,"(253, 219, 199)",8,77
878,878,-2.515151515151515,1.7272727272727275,-3.2367,3.3422,1,"(253, 219, 199)",8,78
879,879,-2.515151515151515,1.787878787878788,-3.2367,3.3422,1,"(253, 219, 199)",8,79
880,880,-2.515151515151515,1.8484848484848488,-3.2367,3.3422,1,"(253, 219, 199)",8,80
881,881,-2.515151515151515,1.9090909090909087,-3.2367,3.3422,1,"(253, 219, 199)",8,81
882,882,-2.515151515151515,1.9696969696969695,-3.2367,3.3422,1,"(253, 219, 199)",8,82
883,883,-2.515151515151515,2.0303030303030303,-3.2367,3.3422,1,"(253, 219, 199)",8,83
884,884,-2.515151515151515,2.090909090909091,-3.2367,3.3422,1,"(253, 219, 199)",8,84
885,885,-2.515151515151515,2.1515151515151514,-3.2367,3.3422,1,"(253, 219, 199)",8,85
886,886,-2.515151515151515,2.212121212121212,-3.2367,3.3422,1,"(253, 219, 199)",8,86
887,887,-2.515151515151515,2.2727272727272725,-3.2367,3.3422,1,"(253, 219, 199)",8,87
888,888,-2.515151515151515,2.333333333333334,-3.2367,3.3422,1,"(253, 219, 199)",8,88
889,889,-2.515151515151515,2.3939393939393945,-3.2367,3.3422,1,"(253, 219, 199)",8,89
890,890,-2.515151515151515,2.454545454545455,-3.2367,3.3422,1,"(253, 219, 199)",8,90
891,891,-2.515151515151515,2.515151515151516,-3.2367,3.3422,1,"(253, 219, 199)",8,91
892,892,-2.515151515151515,2.575757575757576,-3.2367,3.3422,1,"(253, 219, 199)",8,92
893,893,-2.515151515151515,2.6363636363636367,-3.2367,3.3422,1,"(253, 219, 199)",8,93
894,894,-2.515151515151515,2.696969696969697,-3.2367,3.3422,1,"(253, 219, 199)",8,94
895,895,-2.515151515151515,2.757575757575758,-3.2367,3.3422,1,"(253, 219, 199)",8,95
896,896,-2.515151515151515,2.8181818181818183,-3.2367,3.3422,1,"(253, 219, 199)",8,96
897,897,-2.515151515151515,2.878787878787879,-3.2367,3.3422,1,"(253, 219, 199)",8,97
898,898,-2.515151515151515,2.9393939393939394,-3.2367,3.3422,1,"(253, 219, 199)",8,98
899,899,-2.515151515151515,3.0,-3.2367,3.3422,1,"(253, 219, 199)",8,99
900,900,-2.4545454545454546,-3.0,-3.2367,-3.3422,3,"(67, 147, 195)",9,0
901,901,-2.4545454545454546,-2.9393939393939394,-3.2367,-3.3422,3,"(67, 147, 195)",9,1
902,902,-2.4545454545454546,-2.878787878787879,-3.2367,-3.3422,3,"(67, 147, 195)",9,2
903,903,-2.4545454545454546,-2.8181818181818183,-3.2367,-3.3422,3,"(67, 147, 195)",9,3
904,904,-2.4545454545454546,-2.757575757575758,-3.2367,-3.3422,3,"(67, 147, 195)",9,4
905,905,-2.4545454545454546,-2.696969696969697,-3.2367,-3.3422,3,"(67, 147, 195)",9,5
906,906,-2.4545454545454546,-2.636363636363636,-3.2367,-3.3422,3,"(67, 147, 195)",9,6
907,907,-2.4545454545454546,-2.575757575757576,-3.2367,-3.3422,3,"(67, 147, 195)",9,7
908,908,-2.4545454545454546,-2.515151515151515,-3.2367,-3.3422,3,"(67, 147, 195)",9,8
909,909,-2.4545454545454546,-2.4545454545454546,-3.2367,-3.3422,3,"(67, 147, 195)",9,9
910,910,-2.4545454545454546,-2.393939393939394,-3.2367,-3.3422,3,"(67, 147, 195)",9,10
911,911,-2.4545454545454546,-2.333333333333333,-3.2367,-3.3422,3,"(67, 147, 195)",9,11
912,912,-2.4545454545454546,-2.2727272727272725,-3.2367,-3.3422,3,"(67, 147, 195)",9,12
913,913,-2.4545454545454546,-2.212121212121212,-3.2367,-3.3422,3,"(67, 147, 195)",9,13
914,914,-2.4545454545454546,-2.1515151515151514,-3.2367,-3.3422,3,"(67, 147, 195)",9,14
915,915,-2.4545454545454546,-2.090909090909091,-3.2367,-3.3422,3,"(67, 147, 195)",9,15
916,916,-2.4545454545454546,-2.0303030303030303,-3.2367,-3.3422,3,"(67, 147, 195)",9,16
917,917,-2.4545454545454546,-1.9696969696969695,-3.2367,-3.3422,3,"(67, 147, 195)",9,17
918,918,-2.4545454545454546,-1.9090909090909087,-3.2367,-3.3422,3,"(67, 147, 195)",9,18
919,919,-2.4545454545454546,-1.8484848484848484,-3.2367,-3.3422,3,"(67, 147, 195)",9,19
920,920,-2.4545454545454546,-1.7878787878787878,-3.2367,-3.3422,3,"(67, 147, 195)",9,20
921,921,-2.4545454545454546,-1.7272727272727273,-3.2367,-3.3422,3,"(67, 147, 195)",9,21
922,922,-2.4545454545454546,-1.6666666666666663,-3.2367,-3.3422,3,"(67, 147, 195)",9,22
923,923,-2.4545454545454546,-1.606060606060606,-3.2367,-3.3422,3,"(67, 147, 195)",9,23
924,924,-2.4545454545454546,-1.5454545454545454,-3.2367,-3.3422,3,"(67, 147, 195)",9,24
925,925,-2.4545454545454546,-1.4848484848484849,-3.2367,-3.3422,3,"(67, 147, 195)",9,25
926,926,-2.4545454545454546,-1.4242424242424243,-3.2367,-3.3422,3,"(67, 147, 195)",9,26
927,927,-2.4545454545454546,-1.3636363636363635,-3.2367,-3.3422,3,"(67, 147, 195)",9,27
928,928,-2.4545454545454546,-1.303030303030303,-3.2367,-3.3422,3,"(67, 147, 195)",9,28
929,929,-2.4545454545454546,-1.2424242424242424,-3.2367,-3.3422,3,"(67, 147, 195)",9,29
930,930,-2.4545454545454546,-1.1818181818181817,-3.2367,3.3422,1,"(253, 219, 199)",9,30
931,931,-2.4545454545454546,-1.121212121212121,-3.2367,3.3422,1,"(253, 219, 199)",9,31
932,932,-2.4545454545454546,-1.0606060606060606,3.1653,-3.3425,0,"(214, 96, 77)",9,32
933,933,-2.4545454545454546,-1.0,3.1653,-3.3425,0,"(214, 96, 77)",9,33
934,934,-2.4545454545454546,-0.9393939393939394,3.1653,-3.3425,0,"(214, 96, 77)",9,34
935,935,-2.4545454545454546,-0.8787878787878789,3.1653,-3.3425,0,"(214, 96, 77)",9,35
936,936,-2.4545454545454546,-0.8181818181818183,3.1653,-3.3425,0,"(214, 96, 77)",9,36
937,937,-2.4545454545454546,-0.7575757575757573,3.1653,-3.3425,0,"(214, 96, 77)",9,37
938,938,-2.4545454545454546,-0.6969696969696968,3.1653,-3.3425,0,"(214, 96, 77)",9,38
939,939,-2.4545454545454546,-0.6363636363636362,3.1653,-3.3425,0,"(214, 96, 77)",9,39
940,940,-2.4545454545454546,-0.5757575757575757,3.1653,-3.3425,0,"(214, 96, 77)",9,40
941,941,-2.4545454545454546,-0.5151515151515151,3.1653,-3.3425,0,"(214, 96, 77)",9,41
942,942,-2.4545454545454546,-0.4545454545454546,3.1653,-3.3425,0,"(214, 96, 77)",9,42
943,943,-2.4545454545454546,-0.393939393939394,3.1653,-3.3425,0,"(214, 96, 77)",9,43
944,944,-2.4545454545454546,-0.333333333333333,3.1653,-3.3425,0,"(214, 96, 77)",9,44
945,945,-2.4545454545454546,-0.2727272727272725,3.1653,-3.3425,0,"(214, 96, 77)",9,45
946,946,-2.4545454545454546,-0.2121212121212119,3.1653,-3.3425,0,"(214, 96, 77)",9,46
947,947,-2.4545454545454546,-0.1515151515151513,3.1653,-3.3425,0,"(214, 96, 77)",9,47
948,948,-2.4545454545454546,-0.0909090909090908,3.1653,3.3425,2,"(209, 229, 240)",9,48
949,949,-2.4545454545454546,-0.0303030303030302,-3.2367,-3.3422,3,"(67, 147, 195)",9,49
950,950,-2.4545454545454546,0.0303030303030302,-3.2367,3.3422,1,"(253, 219, 199)",9,50
951,951,-2.4545454545454546,0.0909090909090908,3.1653,-3.3425,0,"(214, 96, 77)",9,51
952,952,-2.4545454545454546,0.1515151515151513,3.1653,3.3425,2,"(209, 229, 240)",9,52
953,953,-2.4545454545454546,0.2121212121212123,3.1653,3.3425,2,"(209, 229, 240)",9,53
954,954,-2.4545454545454546,0.2727272727272729,3.1653,3.3425,2,"(209, 229, 240)",9,54
955,955,-2.4545454545454546,0.3333333333333335,3.1653,3.3425,2,"(209, 229, 240)",9,55
956,956,-2.4545454545454546,0.393939393939394,3.1653,3.3425,2,"(209, 229, 240)",9,56
957,957,-2.4545454545454546,0.4545454545454546,3.1653,3.3425,2,"(209, 229, 240)",9,57
958,958,-2.4545454545454546,0.5151515151515151,3.1653,3.3425,2,"(209, 229, 240)",9,58
959,959,-2.4545454545454546,0.5757575757575757,3.1653,3.3425,2,"(209, 229, 240)",9,59
960,960,-2.4545454545454546,0.6363636363636367,3.1653,3.3425,2,"(209, 229, 240)",9,60
961,961,-2.4545454545454546,0.6969696969696972,3.1653,3.3425,2,"(209, 229, 240)",9,61
962,962,-2.4545454545454546,0.7575757575757578,3.1653,3.3425,2,"(209, 229, 240)",9,62
963,963,-2.4545454545454546,0.8181818181818183,3.1653,3.3425,2,"(209, 229, 240)",9,63
964,964,-2.4545454545454546,0.8787878787878789,3.1653,3.3425,2,"(209, 229, 240)",9,64
965,965,-2.4545454545454546,0.9393939393939394,3.1653,3.3425,2,"(209, 229, 240)",9,65
966,966,-2.4545454545454546,1.0,3.1653,3.3425,2,"(209, 229, 240)",9,66
967,967,-2.4545454545454546,1.0606060606060606,3.1653,3.3425,2,"(209, 229, 240)",9,67
968,968,-2.4545454545454546,1.121212121212121,-3.2367,-3.3422,3,"(67, 147, 195)",9,68
969,969,-2.4545454545454546,1.1818181818181817,-3.2367,-3.3422,3,"(67, 147, 195)",9,69
970,970,-2.4545454545454546,1.2424242424242422,-3.2367,3.3422,1,"(253, 219, 199)",9,70
971,971,-2.4545454545454546,1.3030303030303028,-3.2367,3.3422,1,"(253, 219, 199)",9,71
972,972,-2.4545454545454546,1.363636363636363,-3.2367,3.3422,1,"(253, 219, 199)",9,72
973,973,-2.4545454545454546,1.4242424242424248,-3.2367,3.3422,1,"(253, 219, 199)",9,73
974,974,-2.4545454545454546,1.4848484848484853,-3.2367,3.3422,1,"(253, 219, 199)",9,74
975,975,-2.4545454545454546,1.545454545454546,-3.2367,3.3422,1,"(253, 219, 199)",9,75
976,976,-2.4545454545454546,1.6060606060606064,-3.2367,3.3422,1,"(253, 219, 199)",9,76
977,977,-2.4545454545454546,1.666666666666667,-3.2367,3.3422,1,"(253, 219, 199)",9,77
978,978,-2.4545454545454546,1.7272727272727275,-3.2367,3.3422,1,"(253, 219, 199)",9,78
979,979,-2.4545454545454546,1.787878787878788,-3.2367,3.3422,1,"(253, 219, 199)",9,79
980,980,-2.4545454545454546,1.8484848484848488,-3.2367,3.3422,1,"(253, 219, 199)",9,80
981,981,-2.4545454545454546,1.9090909090909087,-3.2367,3.3422,1,"(253, 219, 199)",9,81
982,982,-2.4545454545454546,1.9696969696969695,-3.2367,3.3422,1,"(253, 219, 199)",9,82
983,983,-2.4545454545454546,2.0303030303030303,-3.2367,3.3422,1,"(253, 219, 199)",9,83
984,984,-2.4545454545454546,2.090909090909091,-3.2367,3.3422,1,"(253, 219, 199)",9,84
985,985,-2.4545454545454546,2.1515151515151514,-3.2367,3.3422,1,"(253, 219, 199)",9,85
986,986,-2.4545454545454546,2.212121212121212,-3.2367,3.3422,1,"(253, 219, 199)",9,86
987,987,-2.4545454545454546,2.2727272727272725,-3.2367,3.3422,1,"(253, 219, 199)",9,87
988,988,-2.4545454545454546,2.333333333333334,-3.2367,3.3422,1,"(253, 219, 199)",9,88
989,989,-2.4545454545454546,2.3939393939393945,-3.2367,3.3422,1,"(253, 219, 199)",9,89
990,990,-2.4545454545454546,2.454545454545455,-3.2367,3.3422,1,"(253, 219, 199)",9,90
991,991,-2.4545454545454546,2.515151515151516,-3.2367,3.3422,1,"(253, 219, 199)",9,91
992,992,-2.4545454545454546,2.575757575757576,-3.2367,3.3422,1,"(253, 219, 199)",9,92
993,993,-2.4545454545454546,2.6363636363636367,-3.2367,3.3422,1,"(253, 219, 199)",9,93
994,994,-2.4545454545454546,2.696969696969697,-3.2367,3.3422,1,"(253, 219, 199)",9,94
995,995,-2.4545454545454546,2.757575757575758,-3.2367,3.3422,1,"(253, 219, 199)",9,95
996,996,-2.4545454545454546,2.8181818181818183,-3.2367,3.3422,1,"(253, 219, 199)",9,96
997,997,-2.4545454545454546,2.878787878787879,-3.2367,3.3422,1,"(253, 219, 199)",9,97
998,998,-2.4545454545454546,2.9393939393939394,-3.2367,3.3422,1,"(253, 219, 199)",9,98
999,999,-2.4545454545454546,3.0,-3.2367,3.3422,1,"(253, 219, 199)",9,99
1000,1000,-2.393939393939394,-3.0,-3.2367,-3.3422,3,"(67, 147, 195)",10,0
1001,1001,-2.393939393939394,-2.9393939393939394,-3.2367,-3.3422,3,"(67, 147, 195)",10,1
1002,1002,-2.393939393939394,-2.878787878787879,-3.2367,-3.3422,3,"(67, 147, 195)",10,2
1003,1003,-2.393939393939394,-2.8181818181818183,-3.2367,-3.3422,3,"(67, 147, 195)",10,3
1004,1004,-2.393939393939394,-2.757575757575758,-3.2367,-3.3422,3,"(67, 147, 195)",10,4
1005,1005,-2.393939393939394,-2.696969696969697,-3.2367,-3.3422,3,"(67, 147, 195)",10,5
1006,1006,-2.393939393939394,-2.636363636363636,-3.2367,-3.3422,3,"(67, 147, 195)",10,6
1007,1007,-2.393939393939394,-2.575757575757576,-3.2367,-3.3422,3,"(67, 147, 195)",10,7
1008,1008,-2.393939393939394,-2.515151515151515,-3.2367,-3.3422,3,"(67, 147, 195)",10,8
1009,1009,-2.393939393939394,-2.4545454545454546,-3.2367,-3.3422,3,"(67, 147, 195)",10,9
1010,1010,-2.393939393939394,-2.393939393939394,-3.2367,-3.3422,3,"(67, 147, 195)",10,10
1011,1011,-2.393939393939394,-2.333333333333333,-3.2367,-3.3422,3,"(67, 147, 195)",10,11
1012,1012,-2.393939393939394,-2.2727272727272725,-3.2367,-3.3422,3,"(67, 147, 195)",10,12
1013,1013,-2.393939393939394,-2.212121212121212,-3.2367,-3.3422,3,"(67, 147, 195)",10,13
1014,1014,-2.393939393939394,-2.1515151515151514,-3.2367,-3.3422,3,"(67, 147, 195)",10,14
1015,1015,-2.393939393939394,-2.090909090909091,-3.2367,-3.3422,3,"(67, 147, 195)",10,15
1016,1016,-2.393939393939394,-2.0303030303030303,-3.2367,-3.3422,3,"(67, 147, 195)",10,16
1017,1017,-2.393939393939394,-1.9696969696969695,-3.2367,-3.3422,3,"(67, 147, 195)",10,17
1018,1018,-2.393939393939394,-1.9090909090909087,-3.2367,-3.3422,3,"(67, 147, 195)",10,18
1019,1019,-2.393939393939394,-1.8484848484848484,-3.2367,-3.3422,3,"(67, 147, 195)",10,19
1020,1020,-2.393939393939394,-1.7878787878787878,-3.2367,-3.3422,3,"(67, 147, 195)",10,20
1021,1021,-2.393939393939394,-1.7272727272727273,-3.2367,-3.3422,3,"(67, 147, 195)",10,21
1022,1022,-2.393939393939394,-1.6666666666666663,-3.2367,-3.3422,3,"(67, 147, 195)",10,22
1023,1023,-2.393939393939394,-1.606060606060606,-3.2367,-3.3422,3,"(67, 147, 195)",10,23
1024,1024,-2.393939393939394,-1.5454545454545454,-3.2367,-3.3422,3,"(67, 147, 195)",10,24
1025,1025,-2.393939393939394,-1.4848484848484849,-3.2367,-3.3422,3,"(67, 147, 195)",10,25
1026,1026,-2.393939393939394,-1.4242424242424243,-3.2367,-3.3422,3,"(67, 147, 195)",10,26
1027,1027,-2.393939393939394,-1.3636363636363635,-3.2367,-3.3422,3,"(67, 147, 195)",10,27
1028,1028,-2.393939393939394,-1.303030303030303,-3.2367,-3.3422,3,"(67, 147, 195)",10,28
1029,1029,-2.393939393939394,-1.2424242424242424,-3.2367,3.3422,1,"(253, 219, 199)",10,29
1030,1030,-2.393939393939394,-1.1818181818181817,-3.2367,3.3422,1,"(253, 219, 199)",10,30
1031,1031,-2.393939393939394,-1.121212121212121,3.1653,3.3425,2,"(209, 229, 240)",10,31
1032,1032,-2.393939393939394,-1.0606060606060606,3.1653,3.3425,2,"(209, 229, 240)",10,32
1033,1033,-2.393939393939394,-1.0,3.1653,-3.3425,0,"(214, 96, 77)",10,33
1034,1034,-2.393939393939394,-0.9393939393939394,3.1653,-3.3425,0,"(214, 96, 77)",10,34
1035,1035,-2.393939393939394,-0.8787878787878789,3.1653,-3.3425,0,"(214, 96, 77)",10,35
1036,1036,-2.393939393939394,-0.8181818181818183,3.1653,-3.3425,0,"(214, 96, 77)",10,36
1037,1037,-2.393939393939394,-0.7575757575757573,3.1653,-3.3425,0,"(214, 96, 77)",10,37
1038,1038,-2.393939393939394,-0.6969696969696968,3.1653,-3.3425,0,"(214, 96, 77)",10,38
1039,1039,-2.393939393939394,-0.6363636363636362,3.1653,-3.3425,0,"(214, 96, 77)",10,39
1040,1040,-2.393939393939394,-0.5757575757575757,3.1653,-3.3425,0,"(214, 96, 77)",10,40
1041,1041,-2.393939393939394,-0.5151515151515151,3.1653,-3.3425,0,"(214, 96, 77)",10,41
1042,1042,-2.393939393939394,-0.4545454545454546,3.1653,-3.3425,0,"(214, 96, 77)",10,42
1043,1043,-2.393939393939394,-0.393939393939394,3.1653,-3.3425,0,"(214, 96, 77)",10,43
1044,1044,-2.393939393939394,-0.333333333333333,3.1653,-3.3425,0,"(214, 96, 77)",10,44
1045,1045,-2.393939393939394,-0.2727272727272725,3.1653,-3.3425,0,"(214, 96, 77)",10,45
1046,1046,-2.393939393939394,-0.2121212121212119,3.1653,-3.3425,0,"(214, 96, 77)",10,46
1047,1047,-2.393939393939394,-0.1515151515151513,3.1653,-3.3425,0,"(214, 96, 77)",10,47
1048,1048,-2.393939393939394,-0.0909090909090908,3.1653,-3.3425,0,"(214, 96, 77)",10,48
1049,1049,-2.393939393939394,-0.0303030303030302,-3.2367,3.3422,1,"(253, 219, 199)",10,49
1050,1050,-2.393939393939394,0.0303030303030302,-3.2367,-3.3422,3,"(67, 147, 195)",10,50
1051,1051,-2.393939393939394,0.0909090909090908,3.1653,3.3425,2,"(209, 229, 240)",10,51
1052,1052,-2.393939393939394,0.1515151515151513,3.1653,3.3425,2,"(209, 229, 240)",10,52
1053,1053,-2.393939393939394,0.2121212121212123,3.1653,3.3425,2,"(209, 229, 240)",10,53
1054,1054,-2.393939393939394,0.2727272727272729,3.1653,3.3425,2,"(209, 229, 240)",10,54
1055,1055,-2.393939393939394,0.3333333333333335,3.1653,3.3425,2,"(209, 229, 240)",10,55
1056,1056,-2.393939393939394,0.393939393939394,3.1653,3.3425,2,"(209, 229, 240)",10,56
1057,1057,-2.393939393939394,0.4545454545454546,3.1653,3.3425,2,"(209, 229, 240)",10,57
1058,1058,-2.393939393939394,0.5151515151515151,3.1653,3.3425,2,"(209, 229, 240)",10,58
1059,1059,-2.393939393939394,0.5757575757575757,3.1653,3.3425,2,"(209, 229, 240)",10,59
1060,1060,-2.393939393939394,0.6363636363636367,3.1653,3.3425,2,"(209, 229, 240)",10,60
1061,1061,-2.393939393939394,0.6969696969696972,3.1653,3.3425,2,"(209, 229, 240)",10,61
1062,1062,-2.393939393939394,0.7575757575757578,3.1653,3.3425,2,"(209, 229, 240)",10,62
1063,1063,-2.393939393939394,0.8181818181818183,3.1653,3.3425,2,"(209, 229, 240)",10,63
1064,1064,-2.393939393939394,0.8787878787878789,3.1653,3.3425,2,"(209, 229, 240)",10,64
1065,1065,-2.393939393939394,0.9393939393939394,3.1653,3.3425,2,"(209, 229, 240)",10,65
1066,1066,-2.393939393939394,1.0,3.1653,3.3425,2,"(209, 229, 240)",10,66
1067,1067,-2.393939393939394,1.0606060606060606,3.1653,-3.3425,0,"(214, 96, 77)",10,67
1068,1068,-2.393939393939394,1.121212121212121,3.1653,-3.3425,0,"(214, 96, 77)",10,68
1069,1069,-2.393939393939394,1.1818181818181817,-3.2367,-3.3422,3,"(67, 147, 195)",10,69
1070,1070,-2.393939393939394,1.2424242424242422,-3.2367,-3.3422,3,"(67, 147, 195)",10,70
1071,1071,-2.393939393939394,1.3030303030303028,-3.2367,3.3422,1,"(253, 219, 199)",10,71
1072,1072,-2.393939393939394,1.363636363636363,-3.2367,3.3422,1,"(253, 219, 199)",10,72
1073,1073,-2.393939393939394,1.4242424242424248,-3.2367,3.3422,1,"(253, 219, 199)",10,73
1074,1074,-2.393939393939394,1.4848484848484853,-3.2367,3.3422,1,"(253, 219, 199)",10,74
1075,1075,-2.393939393939394,1.545454545454546,-3.2367,3.3422,1,"(253, 219, 199)",10,75
1076,1076,-2.393939393939394,1.6060606060606064,-3.2367,3.3422,1,"(253, 219, 199)",10,76
1077,1077,-2.393939393939394,1.666666666666667,-3.2367,3.3422,1,"(253, 219, 199)",10,77
1078,1078,-2.393939393939394,1.7272727272727275,-3.2367,3.3422,1,"(253, 219, 199)",10,78
1079,1079,-2.393939393939394,1.787878787878788,-3.2367,3.3422,1,"(253, 219, 199)",10,79
1080,1080,-2.393939393939394,1.8484848484848488,-3.2367,3.3422,1,"(253, 219, 199)",10,80
1081,1081,-2.393939393939394,1.9090909090909087,-3.2367,3.3422,1,"(253, 219, 199)",10,81
1082,1082,-2.393939393939394,1.9696969696969695,-3.2367,3.3422,1,"(253, 219, 199)",10,82
1083,1083,-2.393939393939394,2.0303030303030303,-3.2367,3.3422,1,"(253, 219, 199)",10,83
1084,1084,-2.393939393939394,2.090909090909091,-3.2367,3.3422,1,"(253, 219, 199)",10,84
1085,1085,-2.393939393939394,2.1515151515151514,-3.2367,3.3422,1,"(253, 219, 199)",10,85
1086,1086,-2.393939393939394,2.212121212121212,-3.2367,3.3422,1,"(253, 219, 199)",10,86
1087,1087,-2.393939393939394,2.2727272727272725,-3.2367,3.3422,1,"(253, 219, 199)",10,87
1088,1088,-2.393939393939394,2.333333333333334,-3.2367,3.3422,1,"(253, 219, 199)",10,88
1089,1089,-2.393939393939394,2.3939393939393945,-3.2367,3.3422,1,"(253, 219, 199)",10,89
1090,1090,-2.393939393939394,2.454545454545455,-3.2367,3.3422,1,"(253, 219, 199)",10,90
1091,1091,-2.393939393939394,2.515151515151516,-3.2367,3.3422,1,"(253, 219, 199)",10,91
1092,1092,-2.393939393939394,2.575757575757576,-3.2367,3.3422,1,"(253, 219, 199)",10,92
1093,1093,-2.393939393939394,2.6363636363636367,-3.2367,3.3422,1,"(253, 219, 199)",10,93
1094,1094,-2.393939393939394,2.696969696969697,-3.2367,3.3422,1,"(253, 219, 199)",10,94
1095,1095,-2.393939393939394,2.757575757575758,-3.2367,3.3422,1,"(253, 219, 199)",10,95
1096,1096,-2.393939393939394,2.8181818181818183,-3.2367,3.3422,1,"(253, 219, 199)",10,96
1097,1097,-2.393939393939394,2.878787878787879,-3.2367,3.3422,1,"(253, 219, 199)",10,97
1098,1098,-2.393939393939394,2.9393939393939394,-3.2367,3.3422,1,"(253, 219, 199)",10,98
1099,1099,-2.393939393939394,3.0,-3.2367,3.3422,1,"(253, 219, 199)",10,99
1100,1100,-2.333333333333333,-3.0,-3.2367,-3.3422,3,"(67, 147, 195)",11,0
1101,1101,-2.333333333333333,-2.9393939393939394,-3.2367,-3.3422,3,"(67, 147, 195)",11,1
1102,1102,-2.333333333333333,-2.878787878787879,-3.2367,-3.3422,3,"(67, 147, 195)",11,2
1103,1103,-2.333333333333333,-2.8181818181818183,-3.2367,-3.3422,3,"(67, 147, 195)",11,3
1104,1104,-2.333333333333333,-2.757575757575758,-3.2367,-3.3422,3,"(67, 147, 195)",11,4
1105,1105,-2.333333333333333,-2.696969696969697,-3.2367,-3.3422,3,"(67, 147, 195)",11,5
1106,1106,-2.333333333333333,-2.636363636363636,-3.2367,-3.3422,3,"(67, 147, 195)",11,6
1107,1107,-2.333333333333333,-2.575757575757576,-3.2367,-3.3422,3,"(67, 147, 195)",11,7
1108,1108,-2.333333333333333,-2.515151515151515,-3.2367,-3.3422,3,"(67, 147, 195)",11,8
1109,1109,-2.333333333333333,-2.4545454545454546,-3.2367,-3.3422,3,"(67, 147, 195)",11,9
1110,1110,-2.333333333333333,-2.393939393939394,-3.2367,-3.3422,3,"(67, 147, 195)",11,10
1111,1111,-2.333333333333333,-2.333333333333333,-3.2367,-3.3422,3,"(67, 147, 195)",11,11
1112,1112,-2.333333333333333,-2.2727272727272725,-3.2367,-3.3422,3,"(67, 147, 195)",11,12
1113,1113,-2.333333333333333,-2.212121212121212,-3.2367,-3.3422,3,"(67, 147, 195)",11,13
1114,1114,-2.333333333333333,-2.1515151515151514,-3.2367,-3.3422,3,"(67, 147, 195)",11,14
1115,1115,-2.333333333333333,-2.090909090909091,-3.2367,-3.3422,3,"(67, 147, 195)",11,15
1116,1116,-2.333333333333333,-2.0303030303030303,-3.2367,-3.3422,3,"(67, 147, 195)",11,16
1117,1117,-2.333333333333333,-1.9696969696969695,-3.2367,-3.3422,3,"(67, 147, 195)",11,17
1118,1118,-2.333333333333333,-1.9090909090909087,-3.2367,-3.3422,3,"(67, 147, 195)",11,18
1119,1119,-2.333333333333333,-1.8484848484848484,-3.2367,-3.3422,3,"(67, 147, 195)",11,19
1120,1120,-2.333333333333333,-1.7878787878787878,-3.2367,-3.3422,3,"(67, 147, 195)",11,20
1121,1121,-2.333333333333333,-1.7272727272727273,-3.2367,-3.3422,3,"(67, 147, 195)",11,21
1122,1122,-2.333333333333333,-1.6666666666666663,-3.2367,-3.3422,3,"(67, 147, 195)",11,22
1123,1123,-2.333333333333333,-1.606060606060606,-3.2367,-3.3422,3,"(67, 147, 195)",11,23
1124,1124,-2.333333333333333,-1.5454545454545454,-3.2367,-3.3422,3,"(67, 147, 195)",11,24
1125,1125,-2.333333333333333,-1.4848484848484849,-3.2367,-3.3422,3,"(67, 147, 195)",11,25
1126,1126,-2.333333333333333,-1.4242424242424243,-3.2367,-3.3422,3,"(67, 147, 195)",11,26
1127,1127,-2.333333333333333,-1.3636363636363635,-3.2367,-3.3422,3,"(67, 147, 195)",11,27
1128,1128,-2.333333333333333,-1.303030303030303,-3.2367,3.3422,1,"(253, 219, 199)",11,28
1129,1129,-2.333333333333333,-1.2424242424242424,-3.2367,3.3422,1,"(253, 219, 199)",11,29
1130,1130,-2.333333333333333,-1.1818181818181817,-3.2367,3.3422,1,"(253, 219, 199)",11,30
1131,1131,-2.333333333333333,-1.121212121212121,3.1653,3.3425,2,"(209, 229, 240)",11,31
1132,1132,-2.333333333333333,-1.0606060606060606,3.1653,-3.3425,0,"(214, 96, 77)",11,32
1133,1133,-2.333333333333333,-1.0,3.1653,-3.3425,0,"(214, 96, 77)",11,33
1134,1134,-2.333333333333333,-0.9393939393939394,3.1653,-3.3425,0,"(214, 96, 77)",11,34
1135,1135,-2.333333333333333,-0.8787878787878789,3.1653,-3.3425,0,"(214, 96, 77)",11,35
1136,1136,-2.333333333333333,-0.8181818181818183,3.1653,-3.3425,0,"(214, 96, 77)",11,36
1137,1137,-2.333333333333333,-0.7575757575757573,3.1653,-3.3425,0,"(214, 96, 77)",11,37
1138,1138,-2.333333333333333,-0.6969696969696968,3.1653,-3.3425,0,"(214, 96, 77)",11,38
1139,1139,-2.333333333333333,-0.6363636363636362,3.1653,-3.3425,0,"(214, 96, 77)",11,39
1140,1140,-2.333333333333333,-0.5757575757575757,3.1653,-3.3425,0,"(214, 96, 77)",11,40
1141,1141,-2.333333333333333,-0.5151515151515151,3.1653,-3.3425,0,"(214, 96, 77)",11,41
1142,1142,-2.333333333333333,-0.4545454545454546,3.1653,-3.3425,0,"(214, 96, 77)",11,42
1143,1143,-2.333333333333333,-0.393939393939394,3.1653,-3.3425,0,"(214, 96, 77)",11,43
1144,1144,-2.333333333333333,-0.333333333333333,3.1653,-3.3425,0,"(214, 96, 77)",11,44
1145,1145,-2.333333333333333,-0.2727272727272725,3.1653,-3.3425,0,"(214, 96, 77)",11,45
1146,1146,-2.333333333333333,-0.2121212121212119,3.1653,-3.3425,0,"(214, 96, 77)",11,46
1147,1147,-2.333333333333333,-0.1515151515151513,3.1653,-3.3425,0,"(214, 96, 77)",11,47
1148,1148,-2.333333333333333,-0.0909090909090908,3.1653,-3.3425,0,"(214, 96, 77)",11,48
1149,1149,-2.333333333333333,-0.0303030303030302,-3.2367,-3.3422,3,"(67, 147, 195)",11,49
1150,1150,-2.333333333333333,0.0303030303030302,-3.2367,3.3422,1,"(253, 219, 199)",11,50
1151,1151,-2.333333333333333,0.0909090909090908,3.1653,3.3425,2,"(209, 229, 240)",11,51
1152,1152,-2.333333333333333,0.1515151515151513,3.1653,3.3425,2,"(209, 229, 240)",11,52
1153,1153,-2.333333333333333,0.2121212121212123,3.1653,3.3425,2,"(209, 229, 240)",11,53
1154,1154,-2.333333333333333,0.2727272727272729,3.1653,3.3425,2,"(209, 229, 240)",11,54
1155,1155,-2.333333333333333,0.3333333333333335,3.1653,3.3425,2,"(209, 229, 240)",11,55
1156,1156,-2.333333333333333,0.393939393939394,3.1653,3.3425,2,"(209, 229, 240)",11,56
1157,1157,-2.333333333333333,0.4545454545454546,3.1653,3.3425,2,"(209, 229, 240)",11,57
1158,1158,-2.333333333333333,0.5151515151515151,3.1653,3.3425,2,"(209, 229, 240)",11,58
1159,1159,-2.333333333333333,0.5757575757575757,3.1653,3.3425,2,"(209, 229, 240)",11,59
1160,1160,-2.333333333333333,0.6363636363636367,3.1653,3.3425,2,"(209, 229, 240)",11,60
1161,1161,-2.333333333333333,0.6969696969696972,3.1653,3.3425,2,"(209, 229, 240)",11,61
1162,1162,-2.333333333333333,0.7575757575757578,3.1653,3.3425,2,"(209, 229, 240)",11,62
1163,1163,-2.333333333333333,0.8181818181818183,3.1653,3.3425,2,"(209, 229, 240)",11,63
1164,1164,-2.333333333333333,0.8787878787878789,3.1653,3.3425,2,"(209, 229, 240)",11,64
1165,1165,-2.333333333333333,0.9393939393939394,3.1653,3.3425,2,"(209, 229, 240)",11,65
1166,1166,-2.333333333333333,1.0,3.1653,3.3425,2,"(209, 229, 240)",11,66
1167,1167,-2.333333333333333,1.0606060606060606,3.1653,3.3425,2,"(209, 229, 240)",11,67
1168,1168,-2.333333333333333,1.121212121212121,3.1653,-3.3425,0,"(214, 96, 77)",11,68
1169,1169,-2.333333333333333,1.1818181818181817,-3.2367,-3.3422,3,"(67, 147, 195)",11,69
1170,1170,-2.333333333333333,1.2424242424242422,-3.2367,-3.3422,3,"(67, 147, 195)",11,70
1171,1171,-2.333333333333333,1.3030303030303028,-3.2367,-3.3422,3,"(67, 147, 195)",11,71
1172,1172,-2.333333333333333,1.363636363636363,-3.2367,3.3422,1,"(253, 219, 199)",11,72
1173,1173,-2.333333333333333,1.4242424242424248,-3.2367,3.3422,1,"(253, 219, 199)",11,73
1174,1174,-2.333333333333333,1.4848484848484853,-3.2367,3.3422,1,"(253, 219, 199)",11,74
1175,1175,-2.333333333333333,1.545454545454546,-3.2367,3.3422,1,"(253, 219, 199)",11,75
1176,1176,-2.333333333333333,1.6060606060606064,-3.2367,3.3422,1,"(253, 219, 199)",11,76
1177,1177,-2.333333333333333,1.666666666666667,-3.2367,3.3422,1,"(253, 219, 199)",11,77
1178,1178,-2.333333333333333,1.7272727272727275,-3.2367,3.3422,1,"(253, 219, 199)",11,78
1179,1179,-2.333333333333333,1.787878787878788,-3.2367,3.3422,1,"(253, 219, 199)",11,79
1180,1180,-2.333333333333333,1.8484848484848488,-3.2367,3.3422,1,"(253, 219, 199)",11,80
1181,1181,-2.333333333333333,1.9090909090909087,-3.2367,3.3422,1,"(253, 219, 199)",11,81
1182,1182,-2.333333333333333,1.9696969696969695,-3.2367,3.3422,1,"(253, 219, 199)",11,82
1183,1183,-2.333333333333333,2.0303030303030303,-3.2367,3.3422,1,"(253, 219, 199)",11,83
1184,1184,-2.333333333333333,2.090909090909091,-3.2367,3.3422,1,"(253, 219, 199)",11,84
1185,1185,-2.333333333333333,2.1515151515151514,-3.2367,3.3422,1,"(253, 219, 199)",11,85
1186,1186,-2.333333333333333,2.212121212121212,-3.2367,3.3422,1,"(253, 219, 199)",11,86
1187,1187,-2.333333333333333,2.2727272727272725,-3.2367,3.3422,1,"(253, 219, 199)",11,87
1188,1188,-2.333333333333333,2.333333333333334,-3.2367,3.3422,1,"(253, 219, 199)",11,88
1189,1189,-2.333333333333333,2.3939393939393945,-3.2367,3.3422,1,"(253, 219, 199)",11,89
1190,1190,-2.333333333333333,2.454545454545455,-3.2367,3.3422,1,"(253, 219, 199)",11,90
1191,1191,-2.333333333333333,2.515151515151516,-3.2367,3.3422,1,"(253, 219, 199)",11,91
1192,1192,-2.333333333333333,2.575757575757576,-3.2367,3.3422,1,"(253, 219, 199)",11,92
1193,1193,-2.333333333333333,2.6363636363636367,-3.2367,3.3422,1,"(253, 219, 199)",11,93
1194,1194,-2.333333333333333,2.696969696969697,-3.2367,3.3422,1,"(253, 219, 199)",11,94
1195,1195,-2.333333333333333,2.757575757575758,-3.2367,3.3422,1,"(253, 219, 199)",11,95
1196,1196,-2.333333333333333,2.8181818181818183,-3.2367,3.3422,1,"(253, 219, 199)",11,96
1197,1197,-2.333333333333333,2.878787878787879,-3.2367,3.3422,1,"(253, 219, 199)",11,97
1198,1198,-2.333333333333333,2.9393939393939394,-3.2367,3.3422,1,"(253, 219, 199)",11,98
1199,1199,-2.333333333333333,3.0,-3.2367,3.3422,1,"(253, 219, 199)",11,99
1200,1200,-2.2727272727272725,-3.0,-3.2367,-3.3422,3,"(67, 147, 195)",12,0
1201,1201,-2.2727272727272725,-2.9393939393939394,-3.2367,-3.3422,3,"(67, 147, 195)",12,1
1202,1202,-2.2727272727272725,-2.878787878787879,-3.2367,-3.3422,3,"(67, 147, 195)",12,2
1203,1203,-2.2727272727272725,-2.8181818181818183,-3.2367,-3.3422,3,"(67, 147, 195)",12,3
1204,1204,-2.2727272727272725,-2.757575757575758,-3.2367,-3.3422,3,"(67, 147, 195)",12,4
1205,1205,-2.2727272727272725,-2.696969696969697,-3.2367,-3.3422,3,"(67, 147, 195)",12,5
1206,1206,-2.2727272727272725,-2.636363636363636,-3.2367,-3.3422,3,"(67, 147, 195)",12,6
1207,1207,-2.2727272727272725,-2.575757575757576,-3.2367,-3.3422,3,"(67, 147, 195)",12,7
1208,1208,-2.2727272727272725,-2.515151515151515,-3.2367,-3.3422,3,"(67, 147, 195)",12,8
1209,1209,-2.2727272727272725,-2.4545454545454546,-3.2367,-3.3422,3,"(67, 147, 195)",12,9
1210,1210,-2.2727272727272725,-2.393939393939394,-3.2367,-3.3422,3,"(67, 147, 195)",12,10
1211,1211,-2.2727272727272725,-2.333333333333333,-3.2367,-3.3422,3,"(67, 147, 195)",12,11
1212,1212,-2.2727272727272725,-2.2727272727272725,-3.2367,-3.3422,3,"(67, 147, 195)",12,12
1213,1213,-2.2727272727272725,-2.212121212121212,-3.2367,-3.3422,3,"(67, 147, 195)",12,13
1214,1214,-2.2727272727272725,-2.1515151515151514,-3.2367,-3.3422,3,"(67, 147, 195)",12,14
1215,1215,-2.2727272727272725,-2.090909090909091,-3.2367,-3.3422,3,"(67, 147, 195)",12,15
1216,1216,-2.2727272727272725,-2.0303030303030303,-3.2367,-3.3422,3,"(67, 147, 195)",12,16
1217,1217,-2.2727272727272725,-1.9696969696969695,-3.2367,-3.3422,3,"(67, 147, 195)",12,17
1218,1218,-2.2727272727272725,-1.9090909090909087,-3.2367,-3.3422,3,"(67, 147, 195)",12,18
1219,1219,-2.2727272727272725,-1.8484848484848484,-3.2367,-3.3422,3,"(67, 147, 195)",12,19
1220,1220,-2.2727272727272725,-1.7878787878787878,-3.2367,-3.3422,3,"(67, 147, 195)",12,20
1221,1221,-2.2727272727272725,-1.7272727272727273,-3.2367,-3.3422,3,"(67, 147, 195)",12,21
1222,1222,-2.2727272727272725,-1.6666666666666663,-3.2367,-3.3422,3,"(67, 147, 195)",12,22
1223,1223,-2.2727272727272725,-1.606060606060606,-3.2367,-3.3422,3,"(67, 147, 195)",12,23
1224,1224,-2.2727272727272725,-1.5454545454545454,-3.2367,-3.3422,3,"(67, 147, 195)",12,24
1225,1225,-2.2727272727272725,-1.4848484848484849,-3.2367,-3.3422,3,"(67, 147, 195)",12,25
1226,1226,-2.2727272727272725,-1.4242424242424243,-3.2367,-3.3422,3,"(67, 147, 195)",12,26
1227,1227,-2.2727272727272725,-1.3636363636363635,-3.2367,-3.3422,3,"(67, 147, 195)",12,27
1228,1228,-2.2727272727272725,-1.303030303030303,-3.2367,-3.3422,3,"(67, 147, 195)",12,28
1229,1229,-2.2727272727272725,-1.2424242424242424,3.1653,-3.3425,0,"(214, 96, 77)",12,29
1230,1230,-2.2727272727272725,-1.1818181818181817,-3.2367,3.3422,1,"(253, 219, 199)",12,30
1231,1231,-2.2727272727272725,-1.121212121212121,3.1653,3.3425,2,"(209, 229, 240)",12,31
1232,1232,-2.2727272727272725,-1.0606060606060606,3.1653,3.3425,2,"(209, 229, 240)",12,32
1233,1233,-2.2727272727272725,-1.0,3.1653,-3.3425,0,"(214, 96, 77)",12,33
1234,1234,-2.2727272727272725,-0.9393939393939394,3.1653,-3.3425,0,"(214, 96, 77)",12,34
1235,1235,-2.2727272727272725,-0.8787878787878789,3.1653,-3.3425,0,"(214, 96, 77)",12,35
1236,1236,-2.2727272727272725,-0.8181818181818183,3.1653,-3.3425,0,"(214, 96, 77)",12,36
1237,1237,-2.2727272727272725,-0.7575757575757573,3.1653,-3.3425,0,"(214, 96, 77)",12,37
1238,1238,-2.2727272727272725,-0.6969696969696968,3.1653,-3.3425,0,"(214, 96, 77)",12,38
1239,1239,-2.2727272727272725,-0.6363636363636362,3.1653,-3.3425,0,"(214, 96, 77)",12,39
1240,1240,-2.2727272727272725,-0.5757575757575757,3.1653,-3.3425,0,"(214, 96, 77)",12,40
1241,1241,-2.2727272727272725,-0.5151515151515151,3.1653,-3.3425,0,"(214, 96, 77)",12,41
1242,1242,-2.2727272727272725,-0.4545454545454546,3.1653,-3.3425,0,"(214, 96, 77)",12,42
1243,1243,-2.2727272727272725,-0.393939393939394,3.1653,-3.3425,0,"(214, 96, 77)",12,43
1244,1244,-2.2727272727272725,-0.333333333333333,3.1653,-3.3425,0,"(214, 96, 77)",12,44
1245,1245,-2.2727272727272725,-0.2727272727272725,3.1653,-3.3425,0,"(214, 96, 77)",12,45
1246,1246,-2.2727272727272725,-0.2121212121212119,3.1653,-3.3425,0,"(214, 96, 77)",12,46
1247,1247,-2.2727272727272725,-0.1515151515151513,3.1653,-3.3425,0,"(214, 96, 77)",12,47
1248,1248,-2.2727272727272725,-0.0909090909090908,3.1653,-3.3425,0,"(214, 96, 77)",12,48
1249,1249,-2.2727272727272725,-0.0303030303030302,-3.2367,-3.3422,3,"(67, 147, 195)",12,49
1250,1250,-2.2727272727272725,0.0303030303030302,-3.2367,3.3422,1,"(253, 219, 199)",12,50
1251,1251,-2.2727272727272725,0.0909090909090908,3.1653,3.3425,2,"(209, 229, 240)",12,51
1252,1252,-2.2727272727272725,0.1515151515151513,3.1653,3.3425,2,"(209, 229, 240)",12,52
1253,1253,-2.2727272727272725,0.2121212121212123,3.1653,3.3425,2,"(209, 229, 240)",12,53
1254,1254,-2.2727272727272725,0.2727272727272729,3.1653,3.3425,2,"(209, 229, 240)",12,54
1255,1255,-2.2727272727272725,0.3333333333333335,3.1653,3.3425,2,"(209, 229, 240)",12,55
1256,1256,-2.2727272727272725,0.393939393939394,3.1653,3.3425,2,"(209, 229, 240)",12,56
1257,1257,-2.2727272727272725,0.4545454545454546,3.1653,3.3425,2,"(209, 229, 240)",12,57
1258,1258,-2.2727272727272725,0.5151515151515151,3.1653,3.3425,2,"(209, 229, 240)",12,58
1259,1259,-2.2727272727272725,0.5757575757575757,3.1653,3.3425,2,"(209, 229, 240)",12,59
1260,1260,-2.2727272727272725,0.6363636363636367,3.1653,3.3425,2,"(209, 229, 240)",12,60
1261,1261,-2.2727272727272725,0.6969696969696972,3.1653,3.3425,2,"(209, 229, 240)",12,61
1262,1262,-2.2727272727272725,0.7575757575757578,3.1653,3.3425,2,"(209, 229, 240)",12,62
1263,1263,-2.2727272727272725,0.8181818181818183,3.1653,3.3425,2,"(209, 229, 240)",12,63
1264,1264,-2.2727272727272725,0.8787878787878789,3.1653,3.3425,2,"(209, 229, 240)",12,64
1265,1265,-2.2727272727272725,0.9393939393939394,3.1653,3.3425,2,"(209, 229, 240)",12,65
1266,1266,-2.2727272727272725,1.0,3.1653,3.3425,2,"(209, 229, 240)",12,66
1267,1267,-2.2727272727272725,1.0606060606060606,3.1653,-3.3425,0,"(214, 96, 77)",12,67
1268,1268,-2.2727272727272725,1.121212121212121,3.1653,-3.3425,0,"(214, 96, 77)",12,68
1269,1269,-2.2727272727272725,1.1818181818181817,-3.2367,-3.3422,3,"(67, 147, 195)",12,69
1270,1270,-2.2727272727272725,1.2424242424242422,3.1653,3.3425,2,"(209, 229, 240)",12,70
1271,1271,-2.2727272727272725,1.3030303030303028,-3.2367,3.3422,1,"(253, 219, 199)",12,71
1272,1272,-2.2727272727272725,1.363636363636363,-3.2367,3.3422,1,"(253, 219, 199)",12,72
1273,1273,-2.2727272727272725,1.4242424242424248,-3.2367,3.3422,1,"(253, 219, 199)",12,73
1274,1274,-2.2727272727272725,1.4848484848484853,-3.2367,3.3422,1,"(253, 219, 199)",12,74
1275,1275,-2.2727272727272725,1.545454545454546,-3.2367,3.3422,1,"(253, 219, 199)",12,75
1276,1276,-2.2727272727272725,1.6060606060606064,-3.2367,3.3422,1,"(253, 219, 199)",12,76
1277,1277,-2.2727272727272725,1.666666666666667,-3.2367,3.3422,1,"(253, 219, 199)",12,77
1278,1278,-2.2727272727272725,1.7272727272727275,-3.2367,3.3422,1,"(253, 219, 199)",12,78
1279,1279,-2.2727272727272725,1.787878787878788,-3.2367,3.3422,1,"(253, 219, 199)",12,79
1280,1280,-2.2727272727272725,1.8484848484848488,-3.2367,3.3422,1,"(253, 219, 199)",12,80
1281,1281,-2.2727272727272725,1.9090909090909087,-3.2367,3.3422,1,"(253, 219, 199)",12,81
1282,1282,-2.2727272727272725,1.9696969696969695,-3.2367,3.3422,1,"(253, 219, 199)",12,82
1283,1283,-2.2727272727272725,2.0303030303030303,-3.2367,3.3422,1,"(253, 219, 199)",12,83
1284,1284,-2.2727272727272725,2.090909090909091,-3.2367,3.3422,1,"(253, 219, 199)",12,84
1285,1285,-2.2727272727272725,2.1515151515151514,-3.2367,3.3422,1,"(253, 219, 199)",12,85
1286,1286,-2.2727272727272725,2.212121212121212,-3.2367,3.3422,1,"(253, 219, 199)",12,86
1287,1287,-2.2727272727272725,2.2727272727272725,-3.2367,3.3422,1,"(253, 219, 199)",12,87
1288,1288,-2.2727272727272725,2.333333333333334,-3.2367,3.3422,1,"(253, 219, 199)",12,88
1289,1289,-2.2727272727272725,2.3939393939393945,-3.2367,3.3422,1,"(253, 219, 199)",12,89
1290,1290,-2.2727272727272725,2.454545454545455,-3.2367,3.3422,1,"(253, 219, 199)",12,90
1291,1291,-2.2727272727272725,2.515151515151516,-3.2367,3.3422,1,"(253, 219, 199)",12,91
1292,1292,-2.2727272727272725,2.575757575757576,-3.2367,3.3422,1,"(253, 219, 199)",12,92
1293,1293,-2.2727272727272725,2.6363636363636367,-3.2367,3.3422,1,"(253, 219, 199)",12,93
1294,1294,-2.2727272727272725,2.696969696969697,-3.2367,3.3422,1,"(253, 219, 199)",12,94
1295,1295,-2.2727272727272725,2.757575757575758,-3.2367,3.3422,1,"(253, 219, 199)",12,95
1296,1296,-2.2727272727272725,2.8181818181818183,-3.2367,3.3422,1,"(253, 219, 199)",12,96
1297,1297,-2.2727272727272725,2.878787878787879,-3.2367,3.3422,1,"(253, 219, 199)",12,97
1298,1298,-2.2727272727272725,2.9393939393939394,-3.2367,3.3422,1,"(253, 219, 199)",12,98
1299,1299,-2.2727272727272725,3.0,-3.2367,3.3422,1,"(253, 219, 199)",12,99
1300,1300,-2.212121212121212,-3.0,-3.2367,-3.3422,3,"(67, 147, 195)",13,0
1301,1301,-2.212121212121212,-2.9393939393939394,-3.2367,-3.3422,3,"(67, 147, 195)",13,1
1302,1302,-2.212121212121212,-2.878787878787879,-3.2367,-3.3422,3,"(67, 147, 195)",13,2
1303,1303,-2.212121212121212,-2.8181818181818183,-3.2367,-3.3422,3,"(67, 147, 195)",13,3
1304,1304,-2.212121212121212,-2.757575757575758,-3.2367,-3.3422,3,"(67, 147, 195)",13,4
1305,1305,-2.212121212121212,-2.696969696969697,-3.2367,-3.3422,3,"(67, 147, 195)",13,5
1306,1306,-2.212121212121212,-2.636363636363636,-3.2367,-3.3422,3,"(67, 147, 195)",13,6
1307,1307,-2.212121212121212,-2.575757575757576,-3.2367,-3.3422,3,"(67, 147, 195)",13,7
1308,1308,-2.212121212121212,-2.515151515151515,-3.2367,-3.3422,3,"(67, 147, 195)",13,8
1309,1309,-2.212121212121212,-2.4545454545454546,-3.2367,-3.3422,3,"(67, 147, 195)",13,9
1310,1310,-2.212121212121212,-2.393939393939394,-3.2367,-3.3422,3,"(67, 147, 195)",13,10
1311,1311,-2.212121212121212,-2.333333333333333,-3.2367,-3.3422,3,"(67, 147, 195)",13,11
1312,1312,-2.212121212121212,-2.2727272727272725,-3.2367,-3.3422,3,"(67, 147, 195)",13,12
1313,1313,-2.212121212121212,-2.212121212121212,-3.2367,-3.3422,3,"(67, 147, 195)",13,13
1314,1314,-2.212121212121212,-2.1515151515151514,-3.2367,-3.3422,3,"(67, 147, 195)",13,14
1315,1315,-2.212121212121212,-2.090909090909091,-3.2367,-3.3422,3,"(67, 147, 195)",13,15
1316,1316,-2.212121212121212,-2.0303030303030303,-3.2367,-3.3422,3,"(67, 147, 195)",13,16
1317,1317,-2.212121212121212,-1.9696969696969695,-3.2367,-3.3422,3,"(67, 147, 195)",13,17
1318,1318,-2.212121212121212,-1.9090909090909087,-3.2367,-3.3422,3,"(67, 147, 195)",13,18
1319,1319,-2.212121212121212,-1.8484848484848484,-3.2367,-3.3422,3,"(67, 147, 195)",13,19
1320,1320,-2.212121212121212,-1.7878787878787878,-3.2367,-3.3422,3,"(67, 147, 195)",13,20
1321,1321,-2.212121212121212,-1.7272727272727273,-3.2367,-3.3422,3,"(67, 147, 195)",13,21
1322,1322,-2.212121212121212,-1.6666666666666663,-3.2367,-3.3422,3,"(67, 147, 195)",13,22
1323,1323,-2.212121212121212,-1.606060606060606,-3.2367,-3.3422,3,"(67, 147, 195)",13,23
1324,1324,-2.212121212121212,-1.5454545454545454,-3.2367,-3.3422,3,"(67, 147, 195)",13,24
1325,1325,-2.212121212121212,-1.4848484848484849,-3.2367,-3.3422,3,"(67, 147, 195)",13,25
1326,1326,-2.212121212121212,-1.4242424242424243,-3.2367,-3.3422,3,"(67, 147, 195)",13,26
1327,1327,-2.212121212121212,-1.3636363636363635,-3.2367,-3.3422,3,"(67, 147, 195)",13,27
1328,1328,-2.212121212121212,-1.303030303030303,-3.2367,3.3422,1,"(253, 219, 199)",13,28
1329,1329,-2.212121212121212,-1.2424242424242424,3.1653,-3.3425,0,"(214, 96, 77)",13,29
1330,1330,-2.212121212121212,-1.1818181818181817,-3.2367,3.3422,1,"(253, 219, 199)",13,30
1331,1331,-2.212121212121212,-1.121212121212121,-3.2367,-3.3422,3,"(67, 147, 195)",13,31
1332,1332,-2.212121212121212,-1.0606060606060606,-3.2367,-3.3422,3,"(67, 147, 195)",13,32
1333,1333,-2.212121212121212,-1.0,3.1653,-3.3425,0,"(214, 96, 77)",13,33
1334,1334,-2.212121212121212,-0.9393939393939394,3.1653,-3.3425,0,"(214, 96, 77)",13,34
1335,1335,-2.212121212121212,-0.8787878787878789,3.1653,-3.3425,0,"(214, 96, 77)",13,35
1336,1336,-2.212121212121212,-0.8181818181818183,3.1653,-3.3425,0,"(214, 96, 77)",13,36
1337,1337,-2.212121212121212,-0.7575757575757573,3.1653,-3.3425,0,"(214, 96, 77)",13,37
1338,1338,-2.212121212121212,-0.6969696969696968,3.1653,-3.3425,0,"(214, 96, 77)",13,38
1339,1339,-2.212121212121212,-0.6363636363636362,3.1653,-3.3425,0,"(214, 96, 77)",13,39
1340,1340,-2.212121212121212,-0.5757575757575757,3.1653,-3.3425,0,"(214, 96, 77)",13,40
1341,1341,-2.212121212121212,-0.5151515151515151,3.1653,-3.3425,0,"(214, 96, 77)",13,41
1342,1342,-2.212121212121212,-0.4545454545454546,3.1653,-3.3425,0,"(214, 96, 77)",13,42
1343,1343,-2.212121212121212,-0.393939393939394,3.1653,-3.3425,0,"(214, 96, 77)",13,43
1344,1344,-2.212121212121212,-0.333333333333333,3.1653,-3.3425,0,"(214, 96, 77)",13,44
1345,1345,-2.212121212121212,-0.2727272727272725,3.1653,-3.3425,0,"(214, 96, 77)",13,45
1346,1346,-2.212121212121212,-0.2121212121212119,3.1653,-3.3425,0,"(214, 96, 77)",13,46
1347,1347,-2.212121212121212,-0.1515151515151513,3.1653,-3.3425,0,"(214, 96, 77)",13,47
1348,1348,-2.212121212121212,-0.0909090909090908,3.1653,-3.3425,0,"(214, 96, 77)",13,48
1349,1349,-2.212121212121212,-0.0303030303030302,3.1653,-3.3425,0,"(214, 96, 77)",13,49
1350,1350,-2.212121212121212,0.0303030303030302,3.1653,3.3425,2,"(209, 229, 240)",13,50
1351,1351,-2.212121212121212,0.0909090909090908,3.1653,3.3425,2,"(209, 229, 240)",13,51
1352,1352,-2.212121212121212,0.1515151515151513,3.1653,3.3425,2,"(209, 229, 240)",13,52
1353,1353,-2.212121212121212,0.2121212121212123,3.1653,3.3425,2,"(209, 229, 240)",13,53
1354,1354,-2.212121212121212,0.2727272727272729,3.1653,3.3425,2,"(209, 229, 240)",13,54
1355,1355,-2.212121212121212,0.3333333333333335,3.1653,3.3425,2,"(209, 229, 240)",13,55
1356,1356,-2.212121212121212,0.393939393939394,3.1653,3.3425,2,"(209, 229, 240)",13,56
1357,1357,-2.212121212121212,0.4545454545454546,3.1653,3.3425,2,"(209, 229, 240)",13,57
1358,1358,-2.212121212121212,0.5151515151515151,3.1653,3.3425,2,"(209, 229, 240)",13,58
1359,1359,-2.212121212121212,0.5757575757575757,3.1653,3.3425,2,"(209, 229, 240)",13,59
1360,1360,-2.212121212121212,0.6363636363636367,3.1653,3.3425,2,"(209, 229, 240)",13,60
1361,1361,-2.212121212121212,0.6969696969696972,3.1653,3.3425,2,"(209, 229, 240)",13,61
1362,1362,-2.212121212121212,0.7575757575757578,3.1653,3.3425,2,"(209, 229, 240)",13,62
1363,1363,-2.212121212121212,0.8181818181818183,3.1653,3.3425,2,"(209, 229, 240)",13,63
1364,1364,-2.212121212121212,0.8787878787878789,3.1653,3.3425,2,"(209, 229, 240)",13,64
1365,1365,-2.212121212121212,0.9393939393939394,3.1653,3.3425,2,"(209, 229, 240)",13,65
1366,1366,-2.212121212121212,1.0,3.1653,3.3425,2,"(209, 229, 240)",13,66
1367,1367,-2.212121212121212,1.0606060606060606,-3.2367,3.3422,1,"(253, 219, 199)",13,67
1368,1368,-2.212121212121212,1.121212121212121,-3.2367,3.3422,1,"(253, 219, 199)",13,68
1369,1369,-2.212121212121212,1.1818181818181817,-3.2367,-3.3422,3,"(67, 147, 195)",13,69
1370,1370,-2.212121212121212,1.2424242424242422,3.1653,3.3425,2,"(209, 229, 240)",13,70
1371,1371,-2.212121212121212,1.3030303030303028,-3.2367,-3.3422,3,"(67, 147, 195)",13,71
1372,1372,-2.212121212121212,1.363636363636363,-3.2367,3.3422,1,"(253, 219, 199)",13,72
1373,1373,-2.212121212121212,1.4242424242424248,-3.2367,3.3422,1,"(253, 219, 199)",13,73
1374,1374,-2.212121212121212,1.4848484848484853,-3.2367,3.3422,1,"(253, 219, 199)",13,74
1375,1375,-2.212121212121212,1.545454545454546,-3.2367,3.3422,1,"(253, 219, 199)",13,75
1376,1376,-2.212121212121212,1.6060606060606064,-3.2367,3.3422,1,"(253, 219, 199)",13,76
1377,1377,-2.212121212121212,1.666666666666667,-3.2367,3.3422,1,"(253, 219, 199)",13,77
1378,1378,-2.212121212121212,1.7272727272727275,-3.2367,3.3422,1,"(253, 219, 199)",13,78
1379,1379,-2.212121212121212,1.787878787878788,-3.2367,3.3422,1,"(253, 219, 199)",13,79
1380,1380,-2.212121212121212,1.8484848484848488,-3.2367,3.3422,1,"(253, 219, 199)",13,80
1381,1381,-2.212121212121212,1.9090909090909087,-3.2367,3.3422,1,"(253, 219, 199)",13,81
1382,1382,-2.212121212121212,1.9696969696969695,-3.2367,3.3422,1,"(253, 219, 199)",13,82
1383,1383,-2.212121212121212,2.0303030303030303,-3.2367,3.3422,1,"(253, 219, 199)",13,83
1384,1384,-2.212121212121212,2.090909090909091,-3.2367,3.3422,1,"(253, 219, 199)",13,84
1385,1385,-2.212121212121212,2.1515151515151514,-3.2367,3.3422,1,"(253, 219, 199)",13,85
1386,1386,-2.212121212121212,2.212121212121212,-3.2367,3.3422,1,"(253, 219, 199)",13,86
1387,1387,-2.212121212121212,2.2727272727272725,-3.2367,3.3422,1,"(253, 219, 199)",13,87
1388,1388,-2.212121212121212,2.333333333333334,-3.2367,3.3422,1,"(253, 219, 199)",13,88
1389,1389,-2.212121212121212,2.3939393939393945,-3.2367,3.3422,1,"(253, 219, 199)",13,89
1390,1390,-2.212121212121212,2.454545454545455,-3.2367,3.3422,1,"(253, 219, 199)",13,90
1391,1391,-2.212121212121212,2.515151515151516,-3.2367,3.3422,1,"(253, 219, 199)",13,91
1392,1392,-2.212121212121212,2.575757575757576,-3.2367,3.3422,1,"(253, 219, 199)",13,92
1393,1393,-2.212121212121212,2.6363636363636367,-3.2367,3.3422,1,"(253, 219, 199)",13,93
1394,1394,-2.212121212121212,2.696969696969697,-3.2367,3.3422,1,"(253, 219, 199)",13,94
1395,1395,-2.212121212121212,2.757575757575758,-3.2367,3.3422,1,"(253, 219, 199)",13,95
1396,1396,-2.212121212121212,2.8181818181818183,-3.2367,3.3422,1,"(253, 219, 199)",13,96
1397,1397,-2.212121212121212,2.878787878787879,-3.2367,3.3422,1,"(253, 219, 199)",13,97
1398,1398,-2.212121212121212,2.9393939393939394,-3.2367,3.3422,1,"(253, 219, 199)",13,98
1399,1399,-2.212121212121212,3.0,-3.2367,3.3422,1,"(253, 219, 199)",13,99
1400,1400,-2.1515151515151514,-3.0,-3.2367,-3.3422,3,"(67, 147, 195)",14,0
1401,1401,-2.1515151515151514,-2.9393939393939394,-3.2367,-3.3422,3,"(67, 147, 195)",14,1
1402,1402,-2.1515151515151514,-2.878787878787879,-3.2367,-3.3422,3,"(67, 147, 195)",14,2
1403,1403,-2.1515151515151514,-2.8181818181818183,-3.2367,-3.3422,3,"(67, 147, 195)",14,3
1404,1404,-2.1515151515151514,-2.757575757575758,-3.2367,-3.3422,3,"(67, 147, 195)",14,4
1405,1405,-2.1515151515151514,-2.696969696969697,-3.2367,-3.3422,3,"(67, 147, 195)",14,5
1406,1406,-2.1515151515151514,-2.636363636363636,-3.2367,-3.3422,3,"(67, 147, 195)",14,6
1407,1407,-2.1515151515151514,-2.575757575757576,-3.2367,-3.3422,3,"(67, 147, 195)",14,7
1408,1408,-2.1515151515151514,-2.515151515151515,-3.2367,-3.3422,3,"(67, 147, 195)",14,8
1409,1409,-2.1515151515151514,-2.4545454545454546,-3.2367,-3.3422,3,"(67, 147, 195)",14,9
1410,1410,-2.1515151515151514,-2.393939393939394,-3.2367,-3.3422,3,"(67, 147, 195)",14,10
1411,1411,-2.1515151515151514,-2.333333333333333,-3.2367,-3.3422,3,"(67, 147, 195)",14,11
1412,1412,-2.1515151515151514,-2.2727272727272725,-3.2367,-3.3422,3,"(67, 147, 195)",14,12
1413,1413,-2.1515151515151514,-2.212121212121212,-3.2367,-3.3422,3,"(67, 147, 195)",14,13
1414,1414,-2.1515151515151514,-2.1515151515151514,-3.2367,-3.3422,3,"(67, 147, 195)",14,14
1415,1415,-2.1515151515151514,-2.090909090909091,-3.2367,-3.3422,3,"(67, 147, 195)",14,15
1416,1416,-2.1515151515151514,-2.0303030303030303,-3.2367,-3.3422,3,"(67, 147, 195)",14,16
1417,1417,-2.1515151515151514,-1.9696969696969695,-3.2367,-3.3422,3,"(67, 147, 195)",14,17
1418,1418,-2.1515151515151514,-1.9090909090909087,-3.2367,-3.3422,3,"(67, 147, 195)",14,18
1419,1419,-2.1515151515151514,-1.8484848484848484,-3.2367,-3.3422,3,"(67, 147, 195)",14,19
1420,1420,-2.1515151515151514,-1.7878787878787878,-3.2367,-3.3422,3,"(67, 147, 195)",14,20
1421,1421,-2.1515151515151514,-1.7272727272727273,-3.2367,-3.3422,3,"(67, 147, 195)",14,21
1422,1422,-2.1515151515151514,-1.6666666666666663,-3.2367,-3.3422,3,"(67, 147, 195)",14,22
1423,1423,-2.1515151515151514,-1.606060606060606,-3.2367,-3.3422,3,"(67, 147, 195)",14,23
1424,1424,-2.1515151515151514,-1.5454545454545454,-3.2367,-3.3422,3,"(67, 147, 195)",14,24
1425,1425,-2.1515151515151514,-1.4848484848484849,-3.2367,-3.3422,3,"(67, 147, 195)",14,25
1426,1426,-2.1515151515151514,-1.4242424242424243,-3.2367,-3.3422,3,"(67, 147, 195)",14,26
1427,1427,-2.1515151515151514,-1.3636363636363635,-3.2367,-3.3422,3,"(67, 147, 195)",14,27
1428,1428,-2.1515151515151514,-1.303030303030303,-3.2367,-3.3422,3,"(67, 147, 195)",14,28
1429,1429,-2.1515151515151514,-1.2424242424242424,-3.2367,-3.3422,3,"(67, 147, 195)",14,29
1430,1430,-2.1515151515151514,-1.1818181818181817,-3.2367,-3.3422,3,"(67, 147, 195)",14,30
1431,1431,-2.1515151515151514,-1.121212121212121,-3.2367,-3.3422,3,"(67, 147, 195)",14,31
1432,1432,-2.1515151515151514,-1.0606060606060606,3.1653,-3.3425,0,"(214, 96, 77)",14,32
1433,1433,-2.1515151515151514,-1.0,3.1653,-3.3425,0,"(214, 96, 77)",14,33
1434,1434,-2.1515151515151514,-0.9393939393939394,3.1653,-3.3425,0,"(214, 96, 77)",14,34
1435,1435,-2.1515151515151514,-0.8787878787878789,3.1653,-3.3425,0,"(214, 96, 77)",14,35
1436,1436,-2.1515151515151514,-0.8181818181818183,3.1653,-3.3425,0,"(214, 96, 77)",14,36
1437,1437,-2.1515151515151514,-0.7575757575757573,3.1653,-3.3425,0,"(214, 96, 77)",14,37
1438,1438,-2.1515151515151514,-0.6969696969696968,3.1653,-3.3425,0,"(214, 96, 77)",14,38
1439,1439,-2.1515151515151514,-0.6363636363636362,3.1653,-3.3425,0,"(214, 96, 77)",14,39
1440,1440,-2.1515151515151514,-0.5757575757575757,3.1653,-3.3425,0,"(214, 96, 77)",14,40
1441,1441,-2.1515151515151514,-0.5151515151515151,3.1653,-3.3425,0,"(214, 96, 77)",14,41
1442,1442,-2.1515151515151514,-0.4545454545454546,3.1653,-3.3425,0,"(214, 96, 77)",14,42
1443,1443,-2.1515151515151514,-0.393939393939394,3.1653,-3.3425,0,"(214, 96, 77)",14,43
1444,1444,-2.1515151515151514,-0.333333333333333,3.1653,-3.3425,0,"(214, 96, 77)",14,44
1445,1445,-2.1515151515151514,-0.2727272727272725,3.1653,-3.3425,0,"(214, 96, 77)",14,45
1446,1446,-2.1515151515151514,-0.2121212121212119,3.1653,-3.3425,0,"(214, 96, 77)",14,46
1447,1447,-2.1515151515151514,-0.1515151515151513,3.1653,-3.3425,0,"(214, 96, 77)",14,47
1448,1448,-2.1515151515151514,-0.0909090909090908,3.1653,-3.3425,0,"(214, 96, 77)",14,48
1449,1449,-2.1515151515151514,-0.0303030303030302,-3.2367,-3.3422,3,"(67, 147, 195)",14,49
1450,1450,-2.1515151515151514,0.0303030303030302,-3.2367,3.3422,1,"(253, 219, 199)",14,50
1451,1451,-2.1515151515151514,0.0909090909090908,3.1653,3.3425,2,"(209, 229, 240)",14,51
1452,1452,-2.1515151515151514,0.1515151515151513,3.1653,3.3425,2,"(209, 229, 240)",14,52
1453,1453,-2.1515151515151514,0.2121212121212123,3.1653,3.3425,2,"(209, 229, 240)",14,53
1454,1454,-2.1515151515151514,0.2727272727272729,3.1653,3.3425,2,"(209, 229, 240)",14,54
1455,1455,-2.1515151515151514,0.3333333333333335,3.1653,3.3425,2,"(209, 229, 240)",14,55
1456,1456,-2.1515151515151514,0.393939393939394,3.1653,3.3425,2,"(209, 229, 240)",14,56
1457,1457,-2.1515151515151514,0.4545454545454546,3.1653,3.3425,2,"(209, 229, 240)",14,57
1458,1458,-2.1515151515151514,0.5151515151515151,3.1653,3.3425,2,"(209, 229, 240)",14,58
1459,1459,-2.1515151515151514,0.5757575757575757,3.1653,3.3425,2,"(209, 229, 240)",14,59
1460,1460,-2.1515151515151514,0.6363636363636367,3.1653,3.3425,2,"(209, 229, 240)",14,60
1461,1461,-2.1515151515151514,0.6969696969696972,3.1653,3.3425,2,"(209, 229, 240)",14,61
1462,1462,-2.1515151515151514,0.7575757575757578,3.1653,3.3425,2,"(209, 229, 240)",14,62
1463,1463,-2.1515151515151514,0.8181818181818183,3.1653,3.3425,2,"(209, 229, 240)",14,63
1464,1464,-2.1515151515151514,0.8787878787878789,3.1653,3.3425,2,"(209, 229, 240)",14,64
1465,1465,-2.1515151515151514,0.9393939393939394,3.1653,3.3425,2,"(209, 229, 240)",14,65
1466,1466,-2.1515151515151514,1.0,3.1653,3.3425,2,"(209, 229, 240)",14,66
1467,1467,-2.1515151515151514,1.0606060606060606,3.1653,3.3425,2,"(209, 229, 240)",14,67
1468,1468,-2.1515151515151514,1.121212121212121,-3.2367,3.3422,1,"(253, 219, 199)",14,68
1469,1469,-2.1515151515151514,1.1818181818181817,-3.2367,3.3422,1,"(253, 219, 199)",14,69
1470,1470,-2.1515151515151514,1.2424242424242422,-3.2367,3.3422,1,"(253, 219, 199)",14,70
1471,1471,-2.1515151515151514,1.3030303030303028,-3.2367,3.3422,1,"(253, 219, 199)",14,71
1472,1472,-2.1515151515151514,1.363636363636363,-3.2367,3.3422,1,"(253, 219, 199)",14,72
1473,1473,-2.1515151515151514,1.4242424242424248,-3.2367,3.3422,1,"(253, 219, 199)",14,73
1474,1474,-2.1515151515151514,1.4848484848484853,-3.2367,3.3422,1,"(253, 219, 199)",14,74
1475,1475,-2.1515151515151514,1.545454545454546,-3.2367,3.3422,1,"(253, 219, 199)",14,75
1476,1476,-2.1515151515151514,1.6060606060606064,-3.2367,3.3422,1,"(253, 219, 199)",14,76
1477,1477,-2.1515151515151514,1.666666666666667,-3.2367,3.3422,1,"(253, 219, 199)",14,77
1478,1478,-2.1515151515151514,1.7272727272727275,-3.2367,3.3422,1,"(253, 219, 199)",14,78
1479,1479,-2.1515151515151514,1.787878787878788,-3.2367,3.3422,1,"(253, 219, 199)",14,79
1480,1480,-2.1515151515151514,1.8484848484848488,-3.2367,3.3422,1,"(253, 219, 199)",14,80
1481,1481,-2.1515151515151514,1.9090909090909087,-3.2367,3.3422,1,"(253, 219, 199)",14,81
1482,1482,-2.1515151515151514,1.9696969696969695,-3.2367,3.3422,1,"(253, 219, 199)",14,82
1483,1483,-2.1515151515151514,2.0303030303030303,-3.2367,3.3422,1,"(253, 219, 199)",14,83
1484,1484,-2.1515151515151514,2.090909090909091,-3.2367,3.3422,1,"(253, 219, 199)",14,84
1485,1485,-2.1515151515151514,2.1515151515151514,-3.2367,3.3422,1,"(253, 219, 199)",14,85
1486,1486,-2.1515151515151514,2.212121212121212,-3.2367,3.3422,1,"(253, 219, 199)",14,86
1487,1487,-2.1515151515151514,2.2727272727272725,-3.2367,3.3422,1,"(253, 219, 199)",14,87
1488,1488,-2.1515151515151514,2.333333333333334,-3.2367,3.3422,1,"(253, 219, 199)",14,88
1489,1489,-2.1515151515151514,2.3939393939393945,-3.2367,3.3422,1,"(253, 219, 199)",14,89
1490,1490,-2.1515151515151514,2.454545454545455,-3.2367,3.3422,1,"(253, 219, 199)",14,90
1491,1491,-2.1515151515151514,2.515151515151516,-3.2367,3.3422,1,"(253, 219, 199)",14,91
1492,1492,-2.1515151515151514,2.575757575757576,-3.2367,3.3422,1,"(253, 219, 199)",14,92
1493,1493,-2.1515151515151514,2.6363636363636367,-3.2367,3.3422,1,"(253, 219, 199)",14,93
1494,1494,-2.1515151515151514,2.696969696969697,-3.2367,3.3422,1,"(253, 219, 199)",14,94
1495,1495,-2.1515151515151514,2.757575757575758,-3.2367,3.3422,1,"(253, 219, 199)",14,95
1496,1496,-2.1515151515151514,2.8181818181818183,-3.2367,3.3422,1,"(253, 219, 199)",14,96
1497,1497,-2.1515151515151514,2.878787878787879,-3.2367,3.3422,1,"(253, 219, 199)",14,97
1498,1498,-2.1515151515151514,2.9393939393939394,-3.2367,3.3422,1,"(253, 219, 199)",14,98
1499,1499,-2.1515151515151514,3.0,-3.2367,3.3422,1,"(253, 219, 199)",14,99
1500,1500,-2.090909090909091,-3.0,-3.2367,-3.3422,3,"(67, 147, 195)",15,0
1501,1501,-2.090909090909091,-2.9393939393939394,-3.2367,-3.3422,3,"(67, 147, 195)",15,1
1502,1502,-2.090909090909091,-2.878787878787879,-3.2367,-3.3422,3,"(67, 147, 195)",15,2
1503,1503,-2.090909090909091,-2.8181818181818183,-3.2367,-3.3422,3,"(67, 147, 195)",15,3
1504,1504,-2.090909090909091,-2.757575757575758,-3.2367,-3.3422,3,"(67, 147, 195)",15,4
1505,1505,-2.090909090909091,-2.696969696969697,-3.2367,-3.3422,3,"(67, 147, 195)",15,5
1506,1506,-2.090909090909091,-2.636363636363636,-3.2367,-3.3422,3,"(67, 147, 195)",15,6
1507,1507,-2.090909090909091,-2.575757575757576,-3.2367,-3.3422,3,"(67, 147, 195)",15,7
1508,1508,-2.090909090909091,-2.515151515151515,-3.2367,-3.3422,3,"(67, 147, 195)",15,8
1509,1509,-2.090909090909091,-2.4545454545454546,-3.2367,-3.3422,3,"(67, 147, 195)",15,9
1510,1510,-2.090909090909091,-2.393939393939394,-3.2367,-3.3422,3,"(67, 147, 195)",15,10
1511,1511,-2.090909090909091,-2.333333333333333,-3.2367,-3.3422,3,"(67, 147, 195)",15,11
1512,1512,-2.090909090909091,-2.2727272727272725,-3.2367,-3.3422,3,"(67, 147, 195)",15,12
1513,1513,-2.090909090909091,-2.212121212121212,-3.2367,-3.3422,3,"(67, 147, 195)",15,13
1514,1514,-2.090909090909091,-2.1515151515151514,-3.2367,-3.3422,3,"(67, 147, 195)",15,14
1515,1515,-2.090909090909091,-2.090909090909091,-3.2367,-3.3422,3,"(67, 147, 195)",15,15
1516,1516,-2.090909090909091,-2.0303030303030303,-3.2367,-3.3422,3,"(67, 147, 195)",15,16
1517,1517,-2.090909090909091,-1.9696969696969695,-3.2367,-3.3422,3,"(67, 147, 195)",15,17
1518,1518,-2.090909090909091,-1.9090909090909087,-3.2367,-3.3422,3,"(67, 147, 195)",15,18
1519,1519,-2.090909090909091,-1.8484848484848484,-3.2367,-3.3422,3,"(67, 147, 195)",15,19
1520,1520,-2.090909090909091,-1.7878787878787878,-3.2367,-3.3422,3,"(67, 147, 195)",15,20
1521,1521,-2.090909090909091,-1.7272727272727273,-3.2367,-3.3422,3,"(67, 147, 195)",15,21
1522,1522,-2.090909090909091,-1.6666666666666663,-3.2367,-3.3422,3,"(67, 147, 195)",15,22
1523,1523,-2.090909090909091,-1.606060606060606,-3.2367,-3.3422,3,"(67, 147, 195)",15,23
1524,1524,-2.090909090909091,-1.5454545454545454,-3.2367,-3.3422,3,"(67, 147, 195)",15,24
1525,1525,-2.090909090909091,-1.4848484848484849,-3.2367,-3.3422,3,"(67, 147, 195)",15,25
1526,1526,-2.090909090909091,-1.4242424242424243,-3.2367,-3.3422,3,"(67, 147, 195)",15,26
1527,1527,-2.090909090909091,-1.3636363636363635,-3.2367,-3.3422,3,"(67, 147, 195)",15,27
1528,1528,-2.090909090909091,-1.303030303030303,-3.2367,-3.3422,3,"(67, 147, 195)",15,28
1529,1529,-2.090909090909091,-1.2424242424242424,-3.2367,-3.3422,3,"(67, 147, 195)",15,29
1530,1530,-2.090909090909091,-1.1818181818181817,-3.2367,3.3422,1,"(253, 219, 199)",15,30
1531,1531,-2.090909090909091,-1.121212121212121,3.1653,3.3425,2,"(209, 229, 240)",15,31
1532,1532,-2.090909090909091,-1.0606060606060606,3.1653,3.3425,2,"(209, 229, 240)",15,32
1533,1533,-2.090909090909091,-1.0,3.1653,-3.3425,0,"(214, 96, 77)",15,33
1534,1534,-2.090909090909091,-0.9393939393939394,3.1653,-3.3425,0,"(214, 96, 77)",15,34
1535,1535,-2.090909090909091,-0.8787878787878789,3.1653,-3.3425,0,"(214, 96, 77)",15,35
1536,1536,-2.090909090909091,-0.8181818181818183,3.1653,-3.3425,0,"(214, 96, 77)",15,36
1537,1537,-2.090909090909091,-0.7575757575757573,3.1653,-3.3425,0,"(214, 96, 77)",15,37
1538,1538,-2.090909090909091,-0.6969696969696968,3.1653,-3.3425,0,"(214, 96, 77)",15,38
1539,1539,-2.090909090909091,-0.6363636363636362,3.1653,-3.3425,0,"(214, 96, 77)",15,39
1540,1540,-2.090909090909091,-0.5757575757575757,3.1653,-3.3425,0,"(214, 96, 77)",15,40
1541,1541,-2.090909090909091,-0.5151515151515151,3.1653,-3.3425,0,"(214, 96, 77)",15,41
1542,1542,-2.090909090909091,-0.4545454545454546,3.1653,-3.3425,0,"(214, 96, 77)",15,42
1543,1543,-2.090909090909091,-0.393939393939394,3.1653,-3.3425,0,"(214, 96, 77)",15,43
1544,1544,-2.090909090909091,-0.333333333333333,3.1653,-3.3425,0,"(214, 96, 77)",15,44
1545,1545,-2.090909090909091,-0.2727272727272725,3.1653,-3.3425,0,"(214, 96, 77)",15,45
1546,1546,-2.090909090909091,-0.2121212121212119,3.1653,-3.3425,0,"(214, 96, 77)",15,46
1547,1547,-2.090909090909091,-0.1515151515151513,3.1653,-3.3425,0,"(214, 96, 77)",15,47
1548,1548,-2.090909090909091,-0.0909090909090908,3.1653,3.3425,2,"(209, 229, 240)",15,48
1549,1549,-2.090909090909091,-0.0303030303030302,-3.2367,-3.3422,3,"(67, 147, 195)",15,49
1550,1550,-2.090909090909091,0.0303030303030302,-3.2367,3.3422,1,"(253, 219, 199)",15,50
1551,1551,-2.090909090909091,0.0909090909090908,3.1653,-3.3425,0,"(214, 96, 77)",15,51
1552,1552,-2.090909090909091,0.1515151515151513,3.1653,3.3425,2,"(209, 229, 240)",15,52
1553,1553,-2.090909090909091,0.2121212121212123,3.1653,3.3425,2,"(209, 229, 240)",15,53
1554,1554,-2.090909090909091,0.2727272727272729,3.1653,3.3425,2,"(209, 229, 240)",15,54
1555,1555,-2.090909090909091,0.3333333333333335,3.1653,3.3425,2,"(209, 229, 240)",15,55
1556,1556,-2.090909090909091,0.393939393939394,3.1653,3.3425,2,"(209, 229, 240)",15,56
1557,1557,-2.090909090909091,0.4545454545454546,3.1653,3.3425,2,"(209, 229, 240)",15,57
1558,1558,-2.090909090909091,0.5151515151515151,3.1653,3.3425,2,"(209, 229, 240)",15,58
1559,1559,-2.090909090909091,0.5757575757575757,3.1653,3.3425,2,"(209, 229, 240)",15,59
1560,1560,-2.090909090909091,0.6363636363636367,3.1653,3.3425,2,"(209, 229, 240)",15,60
1561,1561,-2.090909090909091,0.6969696969696972,3.1653,3.3425,2,"(209, 229, 240)",15,61
1562,1562,-2.090909090909091,0.7575757575757578,3.1653,3.3425,2,"(209, 229, 240)",15,62
1563,1563,-2.090909090909091,0.8181818181818183,3.1653,3.3425,2,"(209, 229, 240)",15,63
1564,1564,-2.090909090909091,0.8787878787878789,3.1653,3.3425,2,"(209, 229, 240)",15,64
1565,1565,-2.090909090909091,0.9393939393939394,3.1653,3.3425,2,"(209, 229, 240)",15,65
1566,1566,-2.090909090909091,1.0,3.1653,3.3425,2,"(209, 229, 240)",15,66
1567,1567,-2.090909090909091,1.0606060606060606,3.1653,-3.3425,0,"(214, 96, 77)",15,67
1568,1568,-2.090909090909091,1.121212121212121,3.1653,-3.3425,0,"(214, 96, 77)",15,68
1569,1569,-2.090909090909091,1.1818181818181817,-3.2367,-3.3422,3,"(67, 147, 195)",15,69
1570,1570,-2.090909090909091,1.2424242424242422,-3.2367,3.3422,1,"(253, 219, 199)",15,70
1571,1571,-2.090909090909091,1.3030303030303028,-3.2367,3.3422,1,"(253, 219, 199)",15,71
1572,1572,-2.090909090909091,1.363636363636363,-3.2367,3.3422,1,"(253, 219, 199)",15,72
1573,1573,-2.090909090909091,1.4242424242424248,-3.2367,3.3422,1,"(253, 219, 199)",15,73
1574,1574,-2.090909090909091,1.4848484848484853,-3.2367,3.3422,1,"(253, 219, 199)",15,74
1575,1575,-2.090909090909091,1.545454545454546,-3.2367,3.3422,1,"(253, 219, 199)",15,75
1576,1576,-2.090909090909091,1.6060606060606064,-3.2367,3.3422,1,"(253, 219, 199)",15,76
1577,1577,-2.090909090909091,1.666666666666667,-3.2367,3.3422,1,"(253, 219, 199)",15,77
1578,1578,-2.090909090909091,1.7272727272727275,-3.2367,3.3422,1,"(253, 219, 199)",15,78
1579,1579,-2.090909090909091,1.787878787878788,-3.2367,3.3422,1,"(253, 219, 199)",15,79
1580,1580,-2.090909090909091,1.8484848484848488,-3.2367,3.3422,1,"(253, 219, 199)",15,80
1581,1581,-2.090909090909091,1.9090909090909087,-3.2367,3.3422,1,"(253, 219, 199)",15,81
1582,1582,-2.090909090909091,1.9696969696969695,-3.2367,3.3422,1,"(253, 219, 199)",15,82
1583,1583,-2.090909090909091,2.0303030303030303,-3.2367,3.3422,1,"(253, 219, 199)",15,83
1584,1584,-2.090909090909091,2.090909090909091,-3.2367,3.3422,1,"(253, 219, 199)",15,84
1585,1585,-2.090909090909091,2.1515151515151514,-3.2367,3.3422,1,"(253, 219, 199)",15,85
1586,1586,-2.090909090909091,2.212121212121212,-3.2367,3.3422,1,"(253, 219, 199)",15,86
1587,1587,-2.090909090909091,2.2727272727272725,-3.2367,3.3422,1,"(253, 219, 199)",15,87
1588,1588,-2.090909090909091,2.333333333333334,-3.2367,3.3422,1,"(253, 219, 199)",15,88
1589,1589,-2.090909090909091,2.3939393939393945,-3.2367,3.3422,1,"(253, 219, 199)",15,89
1590,1590,-2.090909090909091,2.454545454545455,-3.2367,3.3422,1,"(253, 219, 199)",15,90
1591,1591,-2.090909090909091,2.515151515151516,-3.2367,3.3422,1,"(253, 219, 199)",15,91
1592,1592,-2.090909090909091,2.575757575757576,-3.2367,3.3422,1,"(253, 219, 199)",15,92
1593,1593,-2.090909090909091,2.6363636363636367,-3.2367,3.3422,1,"(253, 219, 199)",15,93
1594,1594,-2.090909090909091,2.696969696969697,-3.2367,3.3422,1,"(253, 219, 199)",15,94
1595,1595,-2.090909090909091,2.757575757575758,-3.2367,3.3422,1,"(253, 219, 199)",15,95
1596,1596,-2.090909090909091,2.8181818181818183,-3.2367,3.3422,1,"(253, 219, 199)",15,96
1597,1597,-2.090909090909091,2.878787878787879,-3.2367,3.3422,1,"(253, 219, 199)",15,97
1598,1598,-2.090909090909091,2.9393939393939394,-3.2367,3.3422,1,"(253, 219, 199)",15,98
1599,1599,-2.090909090909091,3.0,-3.2367,3.3422,1,"(253, 219, 199)",15,99
1600,1600,-2.0303030303030303,-3.0,-3.2367,-3.3422,3,"(67, 147, 195)",16,0
1601,1601,-2.0303030303030303,-2.9393939393939394,-3.2367,-3.3422,3,"(67, 147, 195)",16,1
1602,1602,-2.0303030303030303,-2.878787878787879,-3.2367,-3.3422,3,"(67, 147, 195)",16,2
1603,1603,-2.0303030303030303,-2.8181818181818183,-3.2367,-3.3422,3,"(67, 147, 195)",16,3
1604,1604,-2.0303030303030303,-2.757575757575758,-3.2367,-3.3422,3,"(67, 147, 195)",16,4
1605,1605,-2.0303030303030303,-2.696969696969697,-3.2367,-3.3422,3,"(67, 147, 195)",16,5
1606,1606,-2.0303030303030303,-2.636363636363636,-3.2367,-3.3422,3,"(67, 147, 195)",16,6
1607,1607,-2.0303030303030303,-2.575757575757576,-3.2367,-3.3422,3,"(67, 147, 195)",16,7
1608,1608,-2.0303030303030303,-2.515151515151515,-3.2367,-3.3422,3,"(67, 147, 195)",16,8
1609,1609,-2.0303030303030303,-2.4545454545454546,-3.2367,-3.3422,3,"(67, 147, 195)",16,9
1610,1610,-2.0303030303030303,-2.393939393939394,-3.2367,-3.3422,3,"(67, 147, 195)",16,10
1611,1611,-2.0303030303030303,-2.333333333333333,-3.2367,-3.3422,3,"(67, 147, 195)",16,11
1612,1612,-2.0303030303030303,-2.2727272727272725,-3.2367,-3.3422,3,"(67, 147, 195)",16,12
1613,1613,-2.0303030303030303,-2.212121212121212,-3.2367,-3.3422,3,"(67, 147, 195)",16,13
1614,1614,-2.0303030303030303,-2.1515151515151514,-3.2367,-3.3422,3,"(67, 147, 195)",16,14
1615,1615,-2.0303030303030303,-2.090909090909091,-3.2367,-3.3422,3,"(67, 147, 195)",16,15
1616,1616,-2.0303030303030303,-2.0303030303030303,-3.2367,-3.3422,3,"(67, 147, 195)",16,16
1617,1617,-2.0303030303030303,-1.9696969696969695,-3.2367,-3.3422,3,"(67, 147, 195)",16,17
1618,1618,-2.0303030303030303,-1.9090909090909087,-3.2367,-3.3422,3,"(67, 147, 195)",16,18
1619,1619,-2.0303030303030303,-1.8484848484848484,-3.2367,-3.3422,3,"(67, 147, 195)",16,19
1620,1620,-2.0303030303030303,-1.7878787878787878,-3.2367,-3.3422,3,"(67, 147, 195)",16,20
1621,1621,-2.0303030303030303,-1.7272727272727273,-3.2367,-3.3422,3,"(67, 147, 195)",16,21
1622,1622,-2.0303030303030303,-1.6666666666666663,-3.2367,-3.3422,3,"(67, 147, 195)",16,22
1623,1623,-2.0303030303030303,-1.606060606060606,-3.2367,-3.3422,3,"(67, 147, 195)",16,23
1624,1624,-2.0303030303030303,-1.5454545454545454,-3.2367,-3.3422,3,"(67, 147, 195)",16,24
1625,1625,-2.0303030303030303,-1.4848484848484849,-3.2367,-3.3422,3,"(67, 147, 195)",16,25
1626,1626,-2.0303030303030303,-1.4242424242424243,-3.2367,-3.3422,3,"(67, 147, 195)",16,26
1627,1627,-2.0303030303030303,-1.3636363636363635,-3.2367,-3.3422,3,"(67, 147, 195)",16,27
1628,1628,-2.0303030303030303,-1.303030303030303,-3.2367,-3.3422,3,"(67, 147, 195)",16,28
1629,1629,-2.0303030303030303,-1.2424242424242424,-3.2367,-3.3422,3,"(67, 147, 195)",16,29
1630,1630,-2.0303030303030303,-1.1818181818181817,-3.2367,3.3422,1,"(253, 219, 199)",16,30
1631,1631,-2.0303030303030303,-1.121212121212121,3.1653,3.3425,2,"(209, 229, 240)",16,31
1632,1632,-2.0303030303030303,-1.0606060606060606,3.1653,3.3425,2,"(209, 229, 240)",16,32
1633,1633,-2.0303030303030303,-1.0,3.1653,-3.3425,0,"(214, 96, 77)",16,33
1634,1634,-2.0303030303030303,-0.9393939393939394,3.1653,-3.3425,0,"(214, 96, 77)",16,34
1635,1635,-2.0303030303030303,-0.8787878787878789,3.1653,-3.3425,0,"(214, 96, 77)",16,35
1636,1636,-2.0303030303030303,-0.8181818181818183,3.1653,-3.3425,0,"(214, 96, 77)",16,36
1637,1637,-2.0303030303030303,-0.7575757575757573,3.1653,-3.3425,0,"(214, 96, 77)",16,37
1638,1638,-2.0303030303030303,-0.6969696969696968,3.1653,-3.3425,0,"(214, 96, 77)",16,38
1639,1639,-2.0303030303030303,-0.6363636363636362,3.1653,-3.3425,0,"(214, 96, 77)",16,39
1640,1640,-2.0303030303030303,-0.5757575757575757,3.1653,-3.3425,0,"(214, 96, 77)",16,40
1641,1641,-2.0303030303030303,-0.5151515151515151,3.1653,-3.3425,0,"(214, 96, 77)",16,41
1642,1642,-2.0303030303030303,-0.4545454545454546,3.1653,-3.3425,0,"(214, 96, 77)",16,42
1643,1643,-2.0303030303030303,-0.393939393939394,3.1653,-3.3425,0,"(214, 96, 77)",16,43
1644,1644,-2.0303030303030303,-0.333333333333333,3.1653,-3.3425,0,"(214, 96, 77)",16,44
1645,1645,-2.0303030303030303,-0.2727272727272725,3.1653,-3.3425,0,"(214, 96, 77)",16,45
1646,1646,-2.0303030303030303,-0.2121212121212119,3.1653,-3.3425,0,"(214, 96, 77)",16,46
1647,1647,-2.0303030303030303,-0.1515151515151513,3.1653,-3.3425,0,"(214, 96, 77)",16,47
1648,1648,-2.0303030303030303,-0.0909090909090908,-3.2367,3.3422,1,"(253, 219, 199)",16,48
1649,1649,-2.0303030303030303,-0.0303030303030302,-3.2367,3.3422,1,"(253, 219, 199)",16,49
1650,1650,-2.0303030303030303,0.0303030303030302,-3.2367,-3.3422,3,"(67, 147, 195)",16,50
1651,1651,-2.0303030303030303,0.0909090909090908,-3.2367,-3.3422,3,"(67, 147, 195)",16,51
1652,1652,-2.0303030303030303,0.1515151515151513,3.1653,3.3425,2,"(209, 229, 240)",16,52
1653,1653,-2.0303030303030303,0.2121212121212123,3.1653,3.3425,2,"(209, 229, 240)",16,53
1654,1654,-2.0303030303030303,0.2727272727272729,3.1653,3.3425,2,"(209, 229, 240)",16,54
1655,1655,-2.0303030303030303,0.3333333333333335,3.1653,3.3425,2,"(209, 229, 240)",16,55
1656,1656,-2.0303030303030303,0.393939393939394,3.1653,3.3425,2,"(209, 229, 240)",16,56
1657,1657,-2.0303030303030303,0.4545454545454546,3.1653,3.3425,2,"(209, 229, 240)",16,57
1658,1658,-2.0303030303030303,0.5151515151515151,3.1653,3.3425,2,"(209, 229, 240)",16,58
1659,1659,-2.0303030303030303,0.5757575757575757,3.1653,3.3425,2,"(209, 229, 240)",16,59
1660,1660,-2.0303030303030303,0.6363636363636367,3.1653,3.3425,2,"(209, 229, 240)",16,60
1661,1661,-2.0303030303030303,0.6969696969696972,3.1653,3.3425,2,"(209, 229, 240)",16,61
1662,1662,-2.0303030303030303,0.7575757575757578,3.1653,3.3425,2,"(209, 229, 240)",16,62
1663,1663,-2.0303030303030303,0.8181818181818183,3.1653,3.3425,2,"(209, 229, 240)",16,63
1664,1664,-2.0303030303030303,0.8787878787878789,3.1653,3.3425,2,"(209, 229, 240)",16,64
1665,1665,-2.0303030303030303,0.9393939393939394,3.1653,3.3425,2,"(209, 229, 240)",16,65
1666,1666,-2.0303030303030303,1.0,3.1653,3.3425,2,"(209, 229, 240)",16,66
1667,1667,-2.0303030303030303,1.0606060606060606,3.1653,-3.3425,0,"(214, 96, 77)",16,67
1668,1668,-2.0303030303030303,1.121212121212121,3.1653,-3.3425,0,"(214, 96, 77)",16,68
1669,1669,-2.0303030303030303,1.1818181818181817,-3.2367,-3.3422,3,"(67, 147, 195)",16,69
1670,1670,-2.0303030303030303,1.2424242424242422,-3.2367,3.3422,1,"(253, 219, 199)",16,70
1671,1671,-2.0303030303030303,1.3030303030303028,-3.2367,3.3422,1,"(253, 219, 199)",16,71
1672,1672,-2.0303030303030303,1.363636363636363,-3.2367,3.3422,1,"(253, 219, 199)",16,72
1673,1673,-2.0303030303030303,1.4242424242424248,-3.2367,3.3422,1,"(253, 219, 199)",16,73
1674,1674,-2.0303030303030303,1.4848484848484853,-3.2367,3.3422,1,"(253, 219, 199)",16,74
1675,1675,-2.0303030303030303,1.545454545454546,-3.2367,3.3422,1,"(253, 219, 199)",16,75
1676,1676,-2.0303030303030303,1.6060606060606064,-3.2367,3.3422,1,"(253, 219, 199)",16,76
1677,1677,-2.0303030303030303,1.666666666666667,-3.2367,3.3422,1,"(253, 219, 199)",16,77
1678,1678,-2.0303030303030303,1.7272727272727275,-3.2367,3.3422,1,"(253, 219, 199)",16,78
1679,1679,-2.0303030303030303,1.787878787878788,-3.2367,3.3422,1,"(253, 219, 199)",16,79
1680,1680,-2.0303030303030303,1.8484848484848488,-3.2367,3.3422,1,"(253, 219, 199)",16,80
1681,1681,-2.0303030303030303,1.9090909090909087,-3.2367,3.3422,1,"(253, 219, 199)",16,81
1682,1682,-2.0303030303030303,1.9696969696969695,-3.2367,3.3422,1,"(253, 219, 199)",16,82
1683,1683,-2.0303030303030303,2.0303030303030303,-3.2367,3.3422,1,"(253, 219, 199)",16,83
1684,1684,-2.0303030303030303,2.090909090909091,-3.2367,3.3422,1,"(253, 219, 199)",16,84
1685,1685,-2.0303030303030303,2.1515151515151514,-3.2367,3.3422,1,"(253, 219, 199)",16,85
1686,1686,-2.0303030303030303,2.212121212121212,-3.2367,3.3422,1,"(253, 219, 199)",16,86
1687,1687,-2.0303030303030303,2.2727272727272725,-3.2367,3.3422,1,"(253, 219, 199)",16,87
1688,1688,-2.0303030303030303,2.333333333333334,-3.2367,3.3422,1,"(253, 219, 199)",16,88
1689,1689,-2.0303030303030303,2.3939393939393945,-3.2367,3.3422,1,"(253, 219, 199)",16,89
1690,1690,-2.0303030303030303,2.454545454545455,-3.2367,3.3422,1,"(253, 219, 199)",16,90
1691,1691,-2.0303030303030303,2.515151515151516,-3.2367,3.3422,1,"(253, 219, 199)",16,91
1692,1692,-2.0303030303030303,2.575757575757576,-3.2367,3.3422,1,"(253, 219, 199)",16,92
1693,1693,-2.0303030303030303,2.6363636363636367,-3.2367,3.3422,1,"(253, 219, 199)",16,93
1694,1694,-2.0303030303030303,2.696969696969697,-3.2367,3.3422,1,"(253, 219, 199)",16,94
1695,1695,-2.0303030303030303,2.757575757575758,-3.2367,3.3422,1,"(253, 219, 199)",16,95
1696,1696,-2.0303030303030303,2.8181818181818183,-3.2367,3.3422,1,"(253, 219, 199)",16,96
1697,1697,-2.0303030303030303,2.878787878787879,-3.2367,3.3422,1,"(253, 219, 199)",16,97
1698,1698,-2.0303030303030303,2.9393939393939394,-3.2367,3.3422,1,"(253, 219, 199)",16,98
1699,1699,-2.0303030303030303,3.0,-3.2367,3.3422,1,"(253, 219, 199)",16,99
1700,1700,-1.9696969696969695,-3.0,-3.2367,-3.3422,3,"(67, 147, 195)",17,0
1701,1701,-1.9696969696969695,-2.9393939393939394,-3.2367,-3.3422,3,"(67, 147, 195)",17,1
1702,1702,-1.9696969696969695,-2.878787878787879,-3.2367,-3.3422,3,"(67, 147, 195)",17,2
1703,1703,-1.9696969696969695,-2.8181818181818183,-3.2367,-3.3422,3,"(67, 147, 195)",17,3
1704,1704,-1.9696969696969695,-2.757575757575758,-3.2367,-3.3422,3,"(67, 147, 195)",17,4
1705,1705,-1.9696969696969695,-2.696969696969697,-3.2367,-3.3422,3,"(67, 147, 195)",17,5
1706,1706,-1.9696969696969695,-2.636363636363636,-3.2367,-3.3422,3,"(67, 147, 195)",17,6
1707,1707,-1.9696969696969695,-2.575757575757576,-3.2367,-3.3422,3,"(67, 147, 195)",17,7
1708,1708,-1.9696969696969695,-2.515151515151515,-3.2367,-3.3422,3,"(67, 147, 195)",17,8
1709,1709,-1.9696969696969695,-2.4545454545454546,-3.2367,-3.3422,3,"(67, 147, 195)",17,9
1710,1710,-1.9696969696969695,-2.393939393939394,-3.2367,-3.3422,3,"(67, 147, 195)",17,10
1711,1711,-1.9696969696969695,-2.333333333333333,-3.2367,-3.3422,3,"(67, 147, 195)",17,11
1712,1712,-1.9696969696969695,-2.2727272727272725,-3.2367,-3.3422,3,"(67, 147, 195)",17,12
1713,1713,-1.9696969696969695,-2.212121212121212,-3.2367,-3.3422,3,"(67, 147, 195)",17,13
1714,1714,-1.9696969696969695,-2.1515151515151514,-3.2367,-3.3422,3,"(67, 147, 195)",17,14
1715,1715,-1.9696969696969695,-2.090909090909091,-3.2367,-3.3422,3,"(67, 147, 195)",17,15
1716,1716,-1.9696969696969695,-2.0303030303030303,-3.2367,-3.3422,3,"(67, 147, 195)",17,16
1717,1717,-1.9696969696969695,-1.9696969696969695,-3.2367,-3.3422,3,"(67, 147, 195)",17,17
1718,1718,-1.9696969696969695,-1.9090909090909087,-3.2367,-3.3422,3,"(67, 147, 195)",17,18
1719,1719,-1.9696969696969695,-1.8484848484848484,-3.2367,-3.3422,3,"(67, 147, 195)",17,19
1720,1720,-1.9696969696969695,-1.7878787878787878,-3.2367,-3.3422,3,"(67, 147, 195)",17,20
1721,1721,-1.9696969696969695,-1.7272727272727273,-3.2367,-3.3422,3,"(67, 147, 195)",17,21
1722,1722,-1.9696969696969695,-1.6666666666666663,-3.2367,-3.3422,3,"(67, 147, 195)",17,22
1723,1723,-1.9696969696969695,-1.606060606060606,-3.2367,-3.3422,3,"(67, 147, 195)",17,23
1724,1724,-1.9696969696969695,-1.5454545454545454,-3.2367,-3.3422,3,"(67, 147, 195)",17,24
1725,1725,-1.9696969696969695,-1.4848484848484849,-3.2367,-3.3422,3,"(67, 147, 195)",17,25
1726,1726,-1.9696969696969695,-1.4242424242424243,-3.2367,-3.3422,3,"(67, 147, 195)",17,26
1727,1727,-1.9696969696969695,-1.3636363636363635,-3.2367,-3.3422,3,"(67, 147, 195)",17,27
1728,1728,-1.9696969696969695,-1.303030303030303,-3.2367,-3.3422,3,"(67, 147, 195)",17,28
1729,1729,-1.9696969696969695,-1.2424242424242424,3.1653,-3.3425,0,"(214, 96, 77)",17,29
1730,1730,-1.9696969696969695,-1.1818181818181817,3.1653,3.3425,2,"(209, 229, 240)",17,30
1731,1731,-1.9696969696969695,-1.121212121212121,-3.2367,3.3422,1,"(253, 219, 199)",17,31
1732,1732,-1.9696969696969695,-1.0606060606060606,-3.2367,-3.3422,3,"(67, 147, 195)",17,32
1733,1733,-1.9696969696969695,-1.0,3.1653,-3.3425,0,"(214, 96, 77)",17,33
1734,1734,-1.9696969696969695,-0.9393939393939394,3.1653,-3.3425,0,"(214, 96, 77)",17,34
1735,1735,-1.9696969696969695,-0.8787878787878789,3.1653,-3.3425,0,"(214, 96, 77)",17,35
1736,1736,-1.9696969696969695,-0.8181818181818183,3.1653,-3.3425,0,"(214, 96, 77)",17,36
1737,1737,-1.9696969696969695,-0.7575757575757573,3.1653,-3.3425,0,"(214, 96, 77)",17,37
1738,1738,-1.9696969696969695,-0.6969696969696968,3.1653,-3.3425,0,"(214, 96, 77)",17,38
1739,1739,-1.9696969696969695,-0.6363636363636362,3.1653,-3.3425,0,"(214, 96, 77)",17,39
1740,1740,-1.9696969696969695,-0.5757575757575757,3.1653,-3.3425,0,"(214, 96, 77)",17,40
1741,1741,-1.9696969696969695,-0.5151515151515151,3.1653,-3.3425,0,"(214, 96, 77)",17,41
1742,1742,-1.9696969696969695,-0.4545454545454546,3.1653,-3.3425,0,"(214, 96, 77)",17,42
1743,1743,-1.9696969696969695,-0.393939393939394,3.1653,-3.3425,0,"(214, 96, 77)",17,43
1744,1744,-1.9696969696969695,-0.333333333333333,3.1653,-3.3425,0,"(214, 96, 77)",17,44
1745,1745,-1.9696969696969695,-0.2727272727272725,3.1653,-3.3425,0,"(214, 96, 77)",17,45
1746,1746,-1.9696969696969695,-0.2121212121212119,3.1653,-3.3425,0,"(214, 96, 77)",17,46
1747,1747,-1.9696969696969695,-0.1515151515151513,3.1653,-3.3425,0,"(214, 96, 77)",17,47
1748,1748,-1.9696969696969695,-0.0909090909090908,3.1653,-3.3425,0,"(214, 96, 77)",17,48
1749,1749,-1.9696969696969695,-0.0303030303030302,-3.2367,-3.3422,3,"(67, 147, 195)",17,49
1750,1750,-1.9696969696969695,0.0303030303030302,-3.2367,3.3422,1,"(253, 219, 199)",17,50
1751,1751,-1.9696969696969695,0.0909090909090908,3.1653,3.3425,2,"(209, 229, 240)",17,51
1752,1752,-1.9696969696969695,0.1515151515151513,3.1653,3.3425,2,"(209, 229, 240)",17,52
1753,1753,-1.9696969696969695,0.2121212121212123,3.1653,3.3425,2,"(209, 229, 240)",17,53
1754,1754,-1.9696969696969695,0.2727272727272729,3.1653,3.3425,2,"(209, 229, 240)",17,54
1755,1755,-1.9696969696969695,0.3333333333333335,3.1653,3.3425,2,"(209, 229, 240)",17,55
1756,1756,-1.9696969696969695,0.393939393939394,3.1653,3.3425,2,"(209, 229, 240)",17,56
1757,1757,-1.9696969696969695,0.4545454545454546,3.1653,3.3425,2,"(209, 229, 240)",17,57
1758,1758,-1.9696969696969695,0.5151515151515151,3.1653,3.3425,2,"(209, 229, 240)",17,58
1759,1759,-1.9696969696969695,0.5757575757575757,3.1653,3.3425,2,"(209, 229, 240)",17,59
1760,1760,-1.9696969696969695,0.6363636363636367,3.1653,3.3425,2,"(209, 229, 240)",17,60
1761,1761,-1.9696969696969695,0.6969696969696972,3.1653,3.3425,2,"(209, 229, 240)",17,61
1762,1762,-1.9696969696969695,0.7575757575757578,3.1653,3.3425,2,"(209, 229, 240)",17,62
1763,1763,-1.9696969696969695,0.8181818181818183,3.1653,3.3425,2,"(209, 229, 240)",17,63
1764,1764,-1.9696969696969695,0.8787878787878789,3.1653,3.3425,2,"(209, 229, 240)",17,64
1765,1765,-1.9696969696969695,0.9393939393939394,3.1653,3.3425,2,"(209, 229, 240)",17,65
1766,1766,-1.9696969696969695,1.0,3.1653,3.3425,2,"(209, 229, 240)",17,66
1767,1767,-1.9696969696969695,1.0606060606060606,-3.2367,3.3422,1,"(253, 219, 199)",17,67
1768,1768,-1.9696969696969695,1.121212121212121,-3.2367,-3.3422,3,"(67, 147, 195)",17,68
1769,1769,-1.9696969696969695,1.1818181818181817,3.1653,-3.3425,0,"(214, 96, 77)",17,69
1770,1770,-1.9696969696969695,1.2424242424242422,3.1653,3.3425,2,"(209, 229, 240)",17,70
1771,1771,-1.9696969696969695,1.3030303030303028,-3.2367,3.3422,1,"(253, 219, 199)",17,71
1772,1772,-1.9696969696969695,1.363636363636363,-3.2367,3.3422,1,"(253, 219, 199)",17,72
1773,1773,-1.9696969696969695,1.4242424242424248,-3.2367,3.3422,1,"(253, 219, 199)",17,73
1774,1774,-1.9696969696969695,1.4848484848484853,-3.2367,3.3422,1,"(253, 219, 199)",17,74
1775,1775,-1.9696969696969695,1.545454545454546,-3.2367,3.3422,1,"(253, 219, 199)",17,75
1776,1776,-1.9696969696969695,1.6060606060606064,-3.2367,3.3422,1,"(253, 219, 199)",17,76
1777,1777,-1.9696969696969695,1.666666666666667,-3.2367,3.3422,1,"(253, 219, 199)",17,77
1778,1778,-1.9696969696969695,1.7272727272727275,-3.2367,3.3422,1,"(253, 219, 199)",17,78
1779,1779,-1.9696969696969695,1.787878787878788,-3.2367,3.3422,1,"(253, 219, 199)",17,79
1780,1780,-1.9696969696969695,1.8484848484848488,-3.2367,3.3422,1,"(253, 219, 199)",17,80
1781,1781,-1.9696969696969695,1.9090909090909087,-3.2367,3.3422,1,"(253, 219, 199)",17,81
1782,1782,-1.9696969696969695,1.9696969696969695,-3.2367,3.3422,1,"(253, 219, 199)",17,82
1783,1783,-1.9696969696969695,2.0303030303030303,-3.2367,3.3422,1,"(253, 219, 199)",17,83
1784,1784,-1.9696969696969695,2.090909090909091,-3.2367,3.3422,1,"(253, 219, 199)",17,84
1785,1785,-1.9696969696969695,2.1515151515151514,-3.2367,3.3422,1,"(253, 219, 199)",17,85
1786,1786,-1.9696969696969695,2.212121212121212,-3.2367,3.3422,1,"(253, 219, 199)",17,86
1787,1787,-1.9696969696969695,2.2727272727272725,-3.2367,3.3422,1,"(253, 219, 199)",17,87
1788,1788,-1.9696969696969695,2.333333333333334,-3.2367,3.3422,1,"(253, 219, 199)",17,88
1789,1789,-1.9696969696969695,2.3939393939393945,-3.2367,3.3422,1,"(253, 219, 199)",17,89
1790,1790,-1.9696969696969695,2.454545454545455,-3.2367,3.3422,1,"(253, 219, 199)",17,90
1791,1791,-1.9696969696969695,2.515151515151516,-3.2367,3.3422,1,"(253, 219, 199)",17,91
1792,1792,-1.9696969696969695,2.575757575757576,-3.2367,3.3422,1,"(253, 219, 199)",17,92
1793,1793,-1.9696969696969695,2.6363636363636367,-3.2367,3.3422,1,"(253, 219, 199)",17,93
1794,1794,-1.9696969696969695,2.696969696969697,-3.2367,3.3422,1,"(253, 219, 199)",17,94
1795,1795,-1.9696969696969695,2.757575757575758,-3.2367,3.3422,1,"(253, 219, 199)",17,95
1796,1796,-1.9696969696969695,2.8181818181818183,-3.2367,3.3422,1,"(253, 219, 199)",17,96
1797,1797,-1.9696969696969695,2.878787878787879,-3.2367,3.3422,1,"(253, 219, 199)",17,97
1798,1798,-1.9696969696969695,2.9393939393939394,-3.2367,3.3422,1,"(253, 219, 199)",17,98
1799,1799,-1.9696969696969695,3.0,-3.2367,3.3422,1,"(253, 219, 199)",17,99
1800,1800,-1.9090909090909087,-3.0,-3.2367,-3.3422,3,"(67, 147, 195)",18,0
1801,1801,-1.9090909090909087,-2.9393939393939394,-3.2367,-3.3422,3,"(67, 147, 195)",18,1
1802,1802,-1.9090909090909087,-2.878787878787879,-3.2367,-3.3422,3,"(67, 147, 195)",18,2
1803,1803,-1.9090909090909087,-2.8181818181818183,-3.2367,-3.3422,3,"(67, 147, 195)",18,3
1804,1804,-1.9090909090909087,-2.757575757575758,-3.2367,-3.3422,3,"(67, 147, 195)",18,4
1805,1805,-1.9090909090909087,-2.696969696969697,-3.2367,-3.3422,3,"(67, 147, 195)",18,5
1806,1806,-1.9090909090909087,-2.636363636363636,-3.2367,-3.3422,3,"(67, 147, 195)",18,6
1807,1807,-1.9090909090909087,-2.575757575757576,-3.2367,-3.3422,3,"(67, 147, 195)",18,7
1808,1808,-1.9090909090909087,-2.515151515151515,-3.2367,-3.3422,3,"(67, 147, 195)",18,8
1809,1809,-1.9090909090909087,-2.4545454545454546,-3.2367,-3.3422,3,"(67, 147, 195)",18,9
1810,1810,-1.9090909090909087,-2.393939393939394,-3.2367,-3.3422,3,"(67, 147, 195)",18,10
1811,1811,-1.9090909090909087,-2.333333333333333,-3.2367,-3.3422,3,"(67, 147, 195)",18,11
1812,1812,-1.9090909090909087,-2.2727272727272725,-3.2367,-3.3422,3,"(67, 147, 195)",18,12
1813,1813,-1.9090909090909087,-2.212121212121212,-3.2367,-3.3422,3,"(67, 147, 195)",18,13
1814,1814,-1.9090909090909087,-2.1515151515151514,-3.2367,-3.3422,3,"(67, 147, 195)",18,14
1815,1815,-1.9090909090909087,-2.090909090909091,-3.2367,-3.3422,3,"(67, 147, 195)",18,15
1816,1816,-1.9090909090909087,-2.0303030303030303,-3.2367,-3.3422,3,"(67, 147, 195)",18,16
1817,1817,-1.9090909090909087,-1.9696969696969695,-3.2367,-3.3422,3,"(67, 147, 195)",18,17
1818,1818,-1.9090909090909087,-1.9090909090909087,-3.2367,-3.3422,3,"(67, 147, 195)",18,18
1819,1819,-1.9090909090909087,-1.8484848484848484,-3.2367,-3.3422,3,"(67, 147, 195)",18,19
1820,1820,-1.9090909090909087,-1.7878787878787878,-3.2367,-3.3422,3,"(67, 147, 195)",18,20
1821,1821,-1.9090909090909087,-1.7272727272727273,-3.2367,-3.3422,3,"(67, 147, 195)",18,21
1822,1822,-1.9090909090909087,-1.6666666666666663,-3.2367,-3.3422,3,"(67, 147, 195)",18,22
1823,1823,-1.9090909090909087,-1.606060606060606,-3.2367,-3.3422,3,"(67, 147, 195)",18,23
1824,1824,-1.9090909090909087,-1.5454545454545454,-3.2367,-3.3422,3,"(67, 147, 195)",18,24
1825,1825,-1.9090909090909087,-1.4848484848484849,-3.2367,-3.3422,3,"(67, 147, 195)",18,25
1826,1826,-1.9090909090909087,-1.4242424242424243,-3.2367,-3.3422,3,"(67, 147, 195)",18,26
1827,1827,-1.9090909090909087,-1.3636363636363635,-3.2367,-3.3422,3,"(67, 147, 195)",18,27
1828,1828,-1.9090909090909087,-1.303030303030303,-3.2367,-3.3422,3,"(67, 147, 195)",18,28
1829,1829,-1.9090909090909087,-1.2424242424242424,-3.2367,-3.3422,3,"(67, 147, 195)",18,29
1830,1830,-1.9090909090909087,-1.1818181818181817,3.1653,-3.3425,0,"(214, 96, 77)",18,30
1831,1831,-1.9090909090909087,-1.121212121212121,-3.2367,-3.3422,3,"(67, 147, 195)",18,31
1832,1832,-1.9090909090909087,-1.0606060606060606,3.1653,-3.3425,0,"(214, 96, 77)",18,32
1833,1833,-1.9090909090909087,-1.0,3.1653,-3.3425,0,"(214, 96, 77)",18,33
1834,1834,-1.9090909090909087,-0.9393939393939394,3.1653,-3.3425,0,"(214, 96, 77)",18,34
1835,1835,-1.9090909090909087,-0.8787878787878789,3.1653,-3.3425,0,"(214, 96, 77)",18,35
1836,1836,-1.9090909090909087,-0.8181818181818183,3.1653,-3.3425,0,"(214, 96, 77)",18,36
1837,1837,-1.9090909090909087,-0.7575757575757573,3.1653,-3.3425,0,"(214, 96, 77)",18,37
1838,1838,-1.9090909090909087,-0.6969696969696968,3.1653,-3.3425,0,"(214, 96, 77)",18,38
1839,1839,-1.9090909090909087,-0.6363636363636362,3.1653,-3.3425,0,"(214, 96, 77)",18,39
1840,1840,-1.9090909090909087,-0.5757575757575757,3.1653,-3.3425,0,"(214, 96, 77)",18,40
1841,1841,-1.9090909090909087,-0.5151515151515151,3.1653,-3.3425,0,"(214, 96, 77)",18,41
1842,1842,-1.9090909090909087,-0.4545454545454546,3.1653,-3.3425,0,"(214, 96, 77)",18,42
1843,1843,-1.9090909090909087,-0.393939393939394,3.1653,-3.3425,0,"(214, 96, 77)",18,43
1844,1844,-1.9090909090909087,-0.333333333333333,3.1653,-3.3425,0,"(214, 96, 77)",18,44
1845,1845,-1.9090909090909087,-0.2727272727272725,3.1653,-3.3425,0,"(214, 96, 77)",18,45
1846,1846,-1.9090909090909087,-0.2121212121212119,3.1653,-3.3425,0,"(214, 96, 77)",18,46
1847,1847,-1.9090909090909087,-0.1515151515151513,3.1653,-3.3425,0,"(214, 96, 77)",18,47
1848,1848,-1.9090909090909087,-0.0909090909090908,-3.2367,-3.3422,3,"(67, 147, 195)",18,48
1849,1849,-1.9090909090909087,-0.0303030303030302,-3.2367,-3.3422,3,"(67, 147, 195)",18,49
1850,1850,-1.9090909090909087,0.0303030303030302,-3.2367,3.3422,1,"(253, 219, 199)",18,50
1851,1851,-1.9090909090909087,0.0909090909090908,-3.2367,3.3422,1,"(253, 219, 199)",18,51
1852,1852,-1.9090909090909087,0.1515151515151513,3.1653,3.3425,2,"(209, 229, 240)",18,52
1853,1853,-1.9090909090909087,0.2121212121212123,3.1653,3.3425,2,"(209, 229, 240)",18,53
1854,1854,-1.9090909090909087,0.2727272727272729,3.1653,3.3425,2,"(209, 229, 240)",18,54
1855,1855,-1.9090909090909087,0.3333333333333335,3.1653,3.3425,2,"(209, 229, 240)",18,55
1856,1856,-1.9090909090909087,0.393939393939394,3.1653,3.3425,2,"(209, 229, 240)",18,56
1857,1857,-1.9090909090909087,0.4545454545454546,3.1653,3.3425,2,"(209, 229, 240)",18,57
1858,1858,-1.9090909090909087,0.5151515151515151,3.1653,3.3425,2,"(209, 229, 240)",18,58
1859,1859,-1.9090909090909087,0.5757575757575757,3.1653,3.3425,2,"(209, 229, 240)",18,59
1860,1860,-1.9090909090909087,0.6363636363636367,3.1653,3.3425,2,"(209, 229, 240)",18,60
1861,1861,-1.9090909090909087,0.6969696969696972,3.1653,3.3425,2,"(209, 229, 240)",18,61
1862,1862,-1.9090909090909087,0.7575757575757578,3.1653,3.3425,2,"(209, 229, 240)",18,62
1863,1863,-1.9090909090909087,0.8181818181818183,3.1653,3.3425,2,"(209, 229, 240)",18,63
1864,1864,-1.9090909090909087,0.8787878787878789,3.1653,3.3425,2,"(209, 229, 240)",18,64
1865,1865,-1.9090909090909087,0.9393939393939394,3.1653,3.3425,2,"(209, 229, 240)",18,65
1866,1866,-1.9090909090909087,1.0,3.1653,3.3425,2,"(209, 229, 240)",18,66
1867,1867,-1.9090909090909087,1.0606060606060606,3.1653,3.3425,2,"(209, 229, 240)",18,67
1868,1868,-1.9090909090909087,1.121212121212121,-3.2367,3.3422,1,"(253, 219, 199)",18,68
1869,1869,-1.9090909090909087,1.1818181818181817,3.1653,3.3425,2,"(209, 229, 240)",18,69
1870,1870,-1.9090909090909087,1.2424242424242422,-3.2367,3.3422,1,"(253, 219, 199)",18,70
1871,1871,-1.9090909090909087,1.3030303030303028,-3.2367,3.3422,1,"(253, 219, 199)",18,71
1872,1872,-1.9090909090909087,1.363636363636363,-3.2367,3.3422,1,"(253, 219, 199)",18,72
1873,1873,-1.9090909090909087,1.4242424242424248,-3.2367,3.3422,1,"(253, 219, 199)",18,73
1874,1874,-1.9090909090909087,1.4848484848484853,-3.2367,3.3422,1,"(253, 219, 199)",18,74
1875,1875,-1.9090909090909087,1.545454545454546,-3.2367,3.3422,1,"(253, 219, 199)",18,75
1876,1876,-1.9090909090909087,1.6060606060606064,-3.2367,3.3422,1,"(253, 219, 199)",18,76
1877,1877,-1.9090909090909087,1.666666666666667,-3.2367,3.3422,1,"(253, 219, 199)",18,77
1878,1878,-1.9090909090909087,1.7272727272727275,-3.2367,3.3422,1,"(253, 219, 199)",18,78
1879,1879,-1.9090909090909087,1.787878787878788,-3.2367,3.3422,1,"(253, 219, 199)",18,79
1880,1880,-1.9090909090909087,1.8484848484848488,-3.2367,3.3422,1,"(253, 219, 199)",18,80
1881,1881,-1.9090909090909087,1.9090909090909087,-3.2367,3.3422,1,"(253, 219, 199)",18,81
1882,1882,-1.9090909090909087,1.9696969696969695,-3.2367,3.3422,1,"(253, 219, 199)",18,82
1883,1883,-1.9090909090909087,2.0303030303030303,-3.2367,3.3422,1,"(253, 219, 199)",18,83
1884,1884,-1.9090909090909087,2.090909090909091,-3.2367,3.3422,1,"(253, 219, 199)",18,84
1885,1885,-1.9090909090909087,2.1515151515151514,-3.2367,3.3422,1,"(253, 219, 199)",18,85
1886,1886,-1.9090909090909087,2.212121212121212,-3.2367,3.3422,1,"(253, 219, 199)",18,86
1887,1887,-1.9090909090909087,2.2727272727272725,-3.2367,3.3422,1,"(253, 219, 199)",18,87
1888,1888,-1.9090909090909087,2.333333333333334,-3.2367,3.3422,1,"(253, 219, 199)",18,88
1889,1889,-1.9090909090909087,2.3939393939393945,-3.2367,3.3422,1,"(253, 219, 199)",18,89
1890,1890,-1.9090909090909087,2.454545454545455,-3.2367,3.3422,1,"(253, 219, 199)",18,90
1891,1891,-1.9090909090909087,2.515151515151516,-3.2367,3.3422,1,"(253, 219, 199)",18,91
1892,1892,-1.9090909090909087,2.575757575757576,-3.2367,3.3422,1,"(253, 219, 199)",18,92
1893,1893,-1.9090909090909087,2.6363636363636367,-3.2367,3.3422,1,"(253, 219, 199)",18,93
1894,1894,-1.9090909090909087,2.696969696969697,-3.2367,3.3422,1,"(253, 219, 199)",18,94
1895,1895,-1.9090909090909087,2.757575757575758,-3.2367,3.3422,1,"(253, 219, 199)",18,95
1896,1896,-1.9090909090909087,2.8181818181818183,-3.2367,3.3422,1,"(253, 219, 199)",18,96
1897,1897,-1.9090909090909087,2.878787878787879,-3.2367,3.3422,1,"(253, 219, 199)",18,97
1898,1898,-1.9090909090909087,2.9393939393939394,-3.2367,3.3422,1,"(253, 219, 199)",18,98
1899,1899,-1.9090909090909087,3.0,-3.2367,3.3422,1,"(253, 219, 199)",18,99
1900,1900,-1.8484848484848484,-3.0,-3.2367,-3.3422,3,"(67, 147, 195)",19,0
1901,1901,-1.8484848484848484,-2.9393939393939394,-3.2367,-3.3422,3,"(67, 147, 195)",19,1
1902,1902,-1.8484848484848484,-2.878787878787879,-3.2367,-3.3422,3,"(67, 147, 195)",19,2
1903,1903,-1.8484848484848484,-2.8181818181818183,-3.2367,-3.3422,3,"(67, 147, 195)",19,3
1904,1904,-1.8484848484848484,-2.757575757575758,-3.2367,-3.3422,3,"(67, 147, 195)",19,4
1905,1905,-1.8484848484848484,-2.696969696969697,-3.2367,-3.3422,3,"(67, 147, 195)",19,5
1906,1906,-1.8484848484848484,-2.636363636363636,-3.2367,-3.3422,3,"(67, 147, 195)",19,6
1907,1907,-1.8484848484848484,-2.575757575757576,-3.2367,-3.3422,3,"(67, 147, 195)",19,7
1908,1908,-1.8484848484848484,-2.515151515151515,-3.2367,-3.3422,3,"(67, 147, 195)",19,8
1909,1909,-1.8484848484848484,-2.4545454545454546,-3.2367,-3.3422,3,"(67, 147, 195)",19,9
1910,1910,-1.8484848484848484,-2.393939393939394,-3.2367,-3.3422,3,"(67, 147, 195)",19,10
1911,1911,-1.8484848484848484,-2.333333333333333,-3.2367,-3.3422,3,"(67, 147, 195)",19,11
1912,1912,-1.8484848484848484,-2.2727272727272725,-3.2367,-3.3422,3,"(67, 147, 195)",19,12
1913,1913,-1.8484848484848484,-2.212121212121212,-3.2367,-3.3422,3,"(67, 147, 195)",19,13
1914,1914,-1.8484848484848484,-2.1515151515151514,-3.2367,-3.3422,3,"(67, 147, 195)",19,14
1915,1915,-1.8484848484848484,-2.090909090909091,-3.2367,-3.3422,3,"(67, 147, 195)",19,15
1916,1916,-1.8484848484848484,-2.0303030303030303,-3.2367,-3.3422,3,"(67, 147, 195)",19,16
1917,1917,-1.8484848484848484,-1.9696969696969695,-3.2367,-3.3422,3,"(67, 147, 195)",19,17
1918,1918,-1.8484848484848484,-1.9090909090909087,-3.2367,-3.3422,3,"(67, 147, 195)",19,18
1919,1919,-1.8484848484848484,-1.8484848484848484,-3.2367,-3.3422,3,"(67, 147, 195)",19,19
1920,1920,-1.8484848484848484,-1.7878787878787878,-3.2367,-3.3422,3,"(67, 147, 195)",19,20
1921,1921,-1.8484848484848484,-1.7272727272727273,-3.2367,-3.3422,3,"(67, 147, 195)",19,21
1922,1922,-1.8484848484848484,-1.6666666666666663,-3.2367,-3.3422,3,"(67, 147, 195)",19,22
1923,1923,-1.8484848484848484,-1.606060606060606,-3.2367,-3.3422,3,"(67, 147, 195)",19,23
1924,1924,-1.8484848484848484,-1.5454545454545454,-3.2367,-3.3422,3,"(67, 147, 195)",19,24
1925,1925,-1.8484848484848484,-1.4848484848484849,-3.2367,-3.3422,3,"(67, 147, 195)",19,25
1926,1926,-1.8484848484848484,-1.4242424242424243,-3.2367,-3.3422,3,"(67, 147, 195)",19,26
1927,1927,-1.8484848484848484,-1.3636363636363635,-3.2367,-3.3422,3,"(67, 147, 195)",19,27
1928,1928,-1.8484848484848484,-1.303030303030303,-3.2367,-3.3422,3,"(67, 147, 195)",19,28
1929,1929,-1.8484848484848484,-1.2424242424242424,-3.2367,-3.3422,3,"(67, 147, 195)",19,29
1930,1930,-1.8484848484848484,-1.1818181818181817,-3.2367,-3.3422,3,"(67, 147, 195)",19,30
1931,1931,-1.8484848484848484,-1.121212121212121,-3.2367,3.3422,1,"(253, 219, 199)",19,31
1932,1932,-1.8484848484848484,-1.0606060606060606,3.1653,3.3425,2,"(209, 229, 240)",19,32
1933,1933,-1.8484848484848484,-1.0,-3.2367,3.3422,1,"(253, 219, 199)",19,33
1934,1934,-1.8484848484848484,-0.9393939393939394,3.1653,-3.3425,0,"(214, 96, 77)",19,34
1935,1935,-1.8484848484848484,-0.8787878787878789,3.1653,-3.3425,0,"(214, 96, 77)",19,35
1936,1936,-1.8484848484848484,-0.8181818181818183,3.1653,-3.3425,0,"(214, 96, 77)",19,36
1937,1937,-1.8484848484848484,-0.7575757575757573,3.1653,-3.3425,0,"(214, 96, 77)",19,37
1938,1938,-1.8484848484848484,-0.6969696969696968,3.1653,-3.3425,0,"(214, 96, 77)",19,38
1939,1939,-1.8484848484848484,-0.6363636363636362,3.1653,-3.3425,0,"(214, 96, 77)",19,39
1940,1940,-1.8484848484848484,-0.5757575757575757,3.1653,-3.3425,0,"(214, 96, 77)",19,40
1941,1941,-1.8484848484848484,-0.5151515151515151,3.1653,-3.3425,0,"(214, 96, 77)",19,41
1942,1942,-1.8484848484848484,-0.4545454545454546,3.1653,-3.3425,0,"(214, 96, 77)",19,42
1943,1943,-1.8484848484848484,-0.393939393939394,3.1653,-3.3425,0,"(214, 96, 77)",19,43
1944,1944,-1.8484848484848484,-0.333333333333333,3.1653,-3.3425,0,"(214, 96, 77)",19,44
1945,1945,-1.8484848484848484,-0.2727272727272725,3.1653,-3.3425,0,"(214, 96, 77)",19,45
1946,1946,-1.8484848484848484,-0.2121212121212119,3.1653,-3.3425,0,"(214, 96, 77)",19,46
1947,1947,-1.8484848484848484,-0.1515151515151513,3.1653,-3.3425,0,"(214, 96, 77)",19,47
1948,1948,-1.8484848484848484,-0.0909090909090908,-3.2367,-3.3422,3,"(67, 147, 195)",19,48
1949,1949,-1.8484848484848484,-0.0303030303030302,-3.2367,3.3422,1,"(253, 219, 199)",19,49
1950,1950,-1.8484848484848484,0.0303030303030302,-3.2367,-3.3422,3,"(67, 147, 195)",19,50
1951,1951,-1.8484848484848484,0.0909090909090908,-3.2367,3.3422,1,"(253, 219, 199)",19,51
1952,1952,-1.8484848484848484,0.1515151515151513,3.1653,3.3425,2,"(209, 229, 240)",19,52
1953,1953,-1.8484848484848484,0.2121212121212123,3.1653,3.3425,2,"(209, 229, 240)",19,53
1954,1954,-1.8484848484848484,0.2727272727272729,3.1653,3.3425,2,"(209, 229, 240)",19,54
1955,1955,-1.8484848484848484,0.3333333333333335,3.1653,3.3425,2,"(209, 229, 240)",19,55
1956,1956,-1.8484848484848484,0.393939393939394,3.1653,3.3425,2,"(209, 229, 240)",19,56
1957,1957,-1.8484848484848484,0.4545454545454546,3.1653,3.3425,2,"(209, 229, 240)",19,57
1958,1958,-1.8484848484848484,0.5151515151515151,3.1653,3.3425,2,"(209, 229, 240)",19,58
1959,1959,-1.8484848484848484,0.5757575757575757,3.1653,3.3425,2,"(209, 229, 240)",19,59
1960,1960,-1.8484848484848484,0.6363636363636367,3.1653,3.3425,2,"(209, 229, 240)",19,60
1961,1961,-1.8484848484848484,0.6969696969696972,3.1653,3.3425,2,"(209, 229, 240)",19,61
1962,1962,-1.8484848484848484,0.7575757575757578,3.1653,3.3425,2,"(209, 229, 240)",19,62
1963,1963,-1.8484848484848484,0.8181818181818183,3.1653,3.3425,2,"(209, 229, 240)",19,63
1964,1964,-1.8484848484848484,0.8787878787878789,3.1653,3.3425,2,"(209, 229, 240)",19,64
1965,1965,-1.8484848484848484,0.9393939393939394,3.1653,3.3425,2,"(209, 229, 240)",19,65
1966,1966,-1.8484848484848484,1.0,-3.2367,-3.3422,3,"(67, 147, 195)",19,66
1967,1967,-1.8484848484848484,1.0606060606060606,3.1653,-3.3425,0,"(214, 96, 77)",19,67
1968,1968,-1.8484848484848484,1.121212121212121,-3.2367,-3.3422,3,"(67, 147, 195)",19,68
1969,1969,-1.8484848484848484,1.1818181818181817,-3.2367,3.3422,1,"(253, 219, 199)",19,69
1970,1970,-1.8484848484848484,1.2424242424242422,-3.2367,3.3422,1,"(253, 219, 199)",19,70
1971,1971,-1.8484848484848484,1.3030303030303028,-3.2367,3.3422,1,"(253, 219, 199)",19,71
1972,1972,-1.8484848484848484,1.363636363636363,-3.2367,3.3422,1,"(253, 219, 199)",19,72
1973,1973,-1.8484848484848484,1.4242424242424248,-3.2367,3.3422,1,"(253, 219, 199)",19,73
1974,1974,-1.8484848484848484,1.4848484848484853,-3.2367,3.3422,1,"(253, 219, 199)",19,74
1975,1975,-1.8484848484848484,1.545454545454546,-3.2367,3.3422,1,"(253, 219, 199)",19,75
1976,1976,-1.8484848484848484,1.6060606060606064,-3.2367,3.3422,1,"(253, 219, 199)",19,76
1977,1977,-1.8484848484848484,1.666666666666667,-3.2367,3.3422,1,"(253, 219, 199)",19,77
1978,1978,-1.8484848484848484,1.7272727272727275,-3.2367,3.3422,1,"(253, 219, 199)",19,78
1979,1979,-1.8484848484848484,1.787878787878788,-3.2367,3.3422,1,"(253, 219, 199)",19,79
1980,1980,-1.8484848484848484,1.8484848484848488,-3.2367,3.3422,1,"(253, 219, 199)",19,80
1981,1981,-1.8484848484848484,1.9090909090909087,-3.2367,3.3422,1,"(253, 219, 199)",19,81
1982,1982,-1.8484848484848484,1.9696969696969695,-3.2367,3.3422,1,"(253, 219, 199)",19,82
1983,1983,-1.8484848484848484,2.0303030303030303,-3.2367,3.3422,1,"(253, 219, 199)",19,83
1984,1984,-1.8484848484848484,2.090909090909091,-3.2367,3.3422,1,"(253, 219, 199)",19,84
1985,1985,-1.8484848484848484,2.1515151515151514,-3.2367,3.3422,1,"(253, 219, 199)",19,85
1986,1986,-1.8484848484848484,2.212121212121212,-3.2367,3.3422,1,"(253, 219, 199)",19,86
1987,1987,-1.8484848484848484,2.2727272727272725,-3.2367,3.3422,1,"(253, 219, 199)",19,87
1988,1988,-1.8484848484848484,2.333333333333334,-3.2367,3.3422,1,"(253, 219, 199)",19,88
1989,1989,-1.8484848484848484,2.3939393939393945,-3.2367,3.3422,1,"(253, 219, 199)",19,89
1990,1990,-1.8484848484848484,2.454545454545455,-3.2367,3.3422,1,"(253, 219, 199)",19,90
1991,1991,-1.8484848484848484,2.515151515151516,-3.2367,3.3422,1,"(253, 219, 199)",19,91
1992,1992,-1.8484848484848484,2.575757575757576,-3.2367,3.3422,1,"(253, 219, 199)",19,92
1993,1993,-1.8484848484848484,2.6363636363636367,-3.2367,3.3422,1,"(253, 219, 199)",19,93
1994,1994,-1.8484848484848484,2.696969696969697,-3.2367,3.3422,1,"(253, 219, 199)",19,94
1995,1995,-1.8484848484848484,2.757575757575758,-3.2367,3.3422,1,"(253, 219, 199)",19,95
1996,1996,-1.8484848484848484,2.8181818181818183,-3.2367,3.3422,1,"(253, 219, 199)",19,96
1997,1997,-1.8484848484848484,2.878787878787879,-3.2367,3.3422,1,"(253, 219, 199)",19,97
1998,1998,-1.8484848484848484,2.9393939393939394,-3.2367,3.3422,1,"(253, 219, 199)",19,98
1999,1999,-1.8484848484848484,3.0,-3.2367,3.3422,1,"(253, 219, 199)",19,99
2000,2000,-1.7878787878787878,-3.0,-3.2367,-3.3422,3,"(67, 147, 195)",20,0
2001,2001,-1.7878787878787878,-2.9393939393939394,-3.2367,-3.3422,3,"(67, 147, 195)",20,1
2002,2002,-1.7878787878787878,-2.878787878787879,-3.2367,-3.3422,3,"(67, 147, 195)",20,2
2003,2003,-1.7878787878787878,-2.8181818181818183,-3.2367,-3.3422,3,"(67, 147, 195)",20,3
2004,2004,-1.7878787878787878,-2.757575757575758,-3.2367,-3.3422,3,"(67, 147, 195)",20,4
2005,2005,-1.7878787878787878,-2.696969696969697,-3.2367,-3.3422,3,"(67, 147, 195)",20,5
2006,2006,-1.7878787878787878,-2.636363636363636,-3.2367,-3.3422,3,"(67, 147, 195)",20,6
2007,2007,-1.7878787878787878,-2.575757575757576,-3.2367,-3.3422,3,"(67, 147, 195)",20,7
2008,2008,-1.7878787878787878,-2.515151515151515,-3.2367,-3.3422,3,"(67, 147, 195)",20,8
2009,2009,-1.7878787878787878,-2.4545454545454546,-3.2367,-3.3422,3,"(67, 147, 195)",20,9
2010,2010,-1.7878787878787878,-2.393939393939394,-3.2367,-3.3422,3,"(67, 147, 195)",20,10
2011,2011,-1.7878787878787878,-2.333333333333333,-3.2367,-3.3422,3,"(67, 147, 195)",20,11
2012,2012,-1.7878787878787878,-2.2727272727272725,-3.2367,-3.3422,3,"(67, 147, 195)",20,12
2013,2013,-1.7878787878787878,-2.212121212121212,-3.2367,-3.3422,3,"(67, 147, 195)",20,13
2014,2014,-1.7878787878787878,-2.1515151515151514,-3.2367,-3.3422,3,"(67, 147, 195)",20,14
2015,2015,-1.7878787878787878,-2.090909090909091,-3.2367,-3.3422,3,"(67, 147, 195)",20,15
2016,2016,-1.7878787878787878,-2.0303030303030303,-3.2367,-3.3422,3,"(67, 147, 195)",20,16
2017,2017,-1.7878787878787878,-1.9696969696969695,-3.2367,-3.3422,3,"(67, 147, 195)",20,17
2018,2018,-1.7878787878787878,-1.9090909090909087,-3.2367,-3.3422,3,"(67, 147, 195)",20,18
2019,2019,-1.7878787878787878,-1.8484848484848484,-3.2367,-3.3422,3,"(67, 147, 195)",20,19
2020,2020,-1.7878787878787878,-1.7878787878787878,-3.2367,-3.3422,3,"(67, 147, 195)",20,20
2021,2021,-1.7878787878787878,-1.7272727272727273,-3.2367,-3.3422,3,"(67, 147, 195)",20,21
2022,2022,-1.7878787878787878,-1.6666666666666663,-3.2367,-3.3422,3,"(67, 147, 195)",20,22
2023,2023,-1.7878787878787878,-1.606060606060606,-3.2367,-3.3422,3,"(67, 147, 195)",20,23
2024,2024,-1.7878787878787878,-1.5454545454545454,-3.2367,-3.3422,3,"(67, 147, 195)",20,24
2025,2025,-1.7878787878787878,-1.4848484848484849,-3.2367,-3.3422,3,"(67, 147, 195)",20,25
2026,2026,-1.7878787878787878,-1.4242424242424243,-3.2367,-3.3422,3,"(67, 147, 195)",20,26
2027,2027,-1.7878787878787878,-1.3636363636363635,-3.2367,-3.3422,3,"(67, 147, 195)",20,27
2028,2028,-1.7878787878787878,-1.303030303030303,-3.2367,-3.3422,3,"(67, 147, 195)",20,28
2029,2029,-1.7878787878787878,-1.2424242424242424,-3.2367,-3.3422,3,"(67, 147, 195)",20,29
2030,2030,-1.7878787878787878,-1.1818181818181817,-3.2367,-3.3422,3,"(67, 147, 195)",20,30
2031,2031,-1.7878787878787878,-1.121212121212121,-3.2367,3.3422,1,"(253, 219, 199)",20,31
2032,2032,-1.7878787878787878,-1.0606060606060606,3.1653,3.3425,2,"(209, 229, 240)",20,32
2033,2033,-1.7878787878787878,-1.0,3.1653,-3.3425,0,"(214, 96, 77)",20,33
2034,2034,-1.7878787878787878,-0.9393939393939394,3.1653,-3.3425,0,"(214, 96, 77)",20,34
2035,2035,-1.7878787878787878,-0.8787878787878789,3.1653,-3.3425,0,"(214, 96, 77)",20,35
2036,2036,-1.7878787878787878,-0.8181818181818183,3.1653,-3.3425,0,"(214, 96, 77)",20,36
2037,2037,-1.7878787878787878,-0.7575757575757573,3.1653,-3.3425,0,"(214, 96, 77)",20,37
2038,2038,-1.7878787878787878,-0.6969696969696968,3.1653,-3.3425,0,"(214, 96, 77)",20,38
2039,2039,-1.7878787878787878,-0.6363636363636362,3.1653,-3.3425,0,"(214, 96, 77)",20,39
2040,2040,-1.7878787878787878,-0.5757575757575757,3.1653,-3.3425,0,"(214, 96, 77)",20,40
2041,2041,-1.7878787878787878,-0.5151515151515151,3.1653,-3.3425,0,"(214, 96, 77)",20,41
2042,2042,-1.7878787878787878,-0.4545454545454546,3.1653,-3.3425,0,"(214, 96, 77)",20,42
2043,2043,-1.7878787878787878,-0.393939393939394,3.1653,-3.3425,0,"(214, 96, 77)",20,43
2044,2044,-1.7878787878787878,-0.333333333333333,3.1653,-3.3425,0,"(214, 96, 77)",20,44
2045,2045,-1.7878787878787878,-0.2727272727272725,3.1653,-3.3425,0,"(214, 96, 77)",20,45
2046,2046,-1.7878787878787878,-0.2121212121212119,3.1653,-3.3425,0,"(214, 96, 77)",20,46
2047,2047,-1.7878787878787878,-0.1515151515151513,3.1653,-3.3425,0,"(214, 96, 77)",20,47
2048,2048,-1.7878787878787878,-0.0909090909090908,3.1653,-3.3425,0,"(214, 96, 77)",20,48
2049,2049,-1.7878787878787878,-0.0303030303030302,-3.2367,-3.3422,3,"(67, 147, 195)",20,49
2050,2050,-1.7878787878787878,0.0303030303030302,-3.2367,3.3422,1,"(253, 219, 199)",20,50
2051,2051,-1.7878787878787878,0.0909090909090908,3.1653,3.3425,2,"(209, 229, 240)",20,51
2052,2052,-1.7878787878787878,0.1515151515151513,3.1653,3.3425,2,"(209, 229, 240)",20,52
2053,2053,-1.7878787878787878,0.2121212121212123,3.1653,3.3425,2,"(209, 229, 240)",20,53
2054,2054,-1.7878787878787878,0.2727272727272729,3.1653,3.3425,2,"(209, 229, 240)",20,54
2055,2055,-1.7878787878787878,0.3333333333333335,3.1653,3.3425,2,"(209, 229, 240)",20,55
2056,2056,-1.7878787878787878,0.393939393939394,3.1653,3.3425,2,"(209, 229, 240)",20,56
2057,2057,-1.7878787878787878,0.4545454545454546,3.1653,3.3425,2,"(209, 229, 240)",20,57
2058,2058,-1.7878787878787878,0.5151515151515151,3.1653,3.3425,2,"(209, 229, 240)",20,58
2059,2059,-1.7878787878787878,0.5757575757575757,3.1653,3.3425,2,"(209, 229, 240)",20,59
2060,2060,-1.7878787878787878,0.6363636363636367,3.1653,3.3425,2,"(209, 229, 240)",20,60
2061,2061,-1.7878787878787878,0.6969696969696972,3.1653,3.3425,2,"(209, 229, 240)",20,61
2062,2062,-1.7878787878787878,0.7575757575757578,3.1653,3.3425,2,"(209, 229, 240)",20,62
2063,2063,-1.7878787878787878,0.8181818181818183,3.1653,3.3425,2,"(209, 229, 240)",20,63
2064,2064,-1.7878787878787878,0.8787878787878789,3.1653,3.3425,2,"(209, 229, 240)",20,64
2065,2065,-1.7878787878787878,0.9393939393939394,3.1653,3.3425,2,"(209, 229, 240)",20,65
2066,2066,-1.7878787878787878,1.0,3.1653,3.3425,2,"(209, 229, 240)",20,66
2067,2067,-1.7878787878787878,1.0606060606060606,3.1653,-3.3425,0,"(214, 96, 77)",20,67
2068,2068,-1.7878787878787878,1.121212121212121,-3.2367,-3.3422,3,"(67, 147, 195)",20,68
2069,2069,-1.7878787878787878,1.1818181818181817,-3.2367,3.3422,1,"(253, 219, 199)",20,69
2070,2070,-1.7878787878787878,1.2424242424242422,-3.2367,3.3422,1,"(253, 219, 199)",20,70
2071,2071,-1.7878787878787878,1.3030303030303028,-3.2367,3.3422,1,"(253, 219, 199)",20,71
2072,2072,-1.7878787878787878,1.363636363636363,-3.2367,3.3422,1,"(253, 219, 199)",20,72
2073,2073,-1.7878787878787878,1.4242424242424248,-3.2367,3.3422,1,"(253, 219, 199)",20,73
2074,2074,-1.7878787878787878,1.4848484848484853,-3.2367,3.3422,1,"(253, 219, 199)",20,74
2075,2075,-1.7878787878787878,1.545454545454546,-3.2367,3.3422,1,"(253, 219, 199)",20,75
2076,2076,-1.7878787878787878,1.6060606060606064,-3.2367,3.3422,1,"(253, 219, 199)",20,76
2077,2077,-1.7878787878787878,1.666666666666667,-3.2367,3.3422,1,"(253, 219, 199)",20,77
2078,2078,-1.7878787878787878,1.7272727272727275,-3.2367,3.3422,1,"(253, 219, 199)",20,78
2079,2079,-1.7878787878787878,1.787878787878788,-3.2367,3.3422,1,"(253, 219, 199)",20,79
2080,2080,-1.7878787878787878,1.8484848484848488,-3.2367,3.3422,1,"(253, 219, 199)",20,80
2081,2081,-1.7878787878787878,1.9090909090909087,-3.2367,3.3422,1,"(253, 219, 199)",20,81
2082,2082,-1.7878787878787878,1.9696969696969695,-3.2367,3.3422,1,"(253, 219, 199)",20,82
2083,2083,-1.7878787878787878,2.0303030303030303,-3.2367,3.3422,1,"(253, 219, 199)",20,83
2084,2084,-1.7878787878787878,2.090909090909091,-3.2367,3.3422,1,"(253, 219, 199)",20,84
2085,2085,-1.7878787878787878,2.1515151515151514,-3.2367,3.3422,1,"(253, 219, 199)",20,85
2086,2086,-1.7878787878787878,2.212121212121212,-3.2367,3.3422,1,"(253, 219, 199)",20,86
2087,2087,-1.7878787878787878,2.2727272727272725,-3.2367,3.3422,1,"(253, 219, 199)",20,87
2088,2088,-1.7878787878787878,2.333333333333334,-3.2367,3.3422,1,"(253, 219, 199)",20,88
2089,2089,-1.7878787878787878,2.3939393939393945,-3.2367,3.3422,1,"(253, 219, 199)",20,89
2090,2090,-1.7878787878787878,2.454545454545455,-3.2367,3.3422,1,"(253, 219, 199)",20,90
2091,2091,-1.7878787878787878,2.515151515151516,-3.2367,3.3422,1,"(253, 219, 199)",20,91
2092,2092,-1.7878787878787878,2.575757575757576,-3.2367,3.3422,1,"(253, 219, 199)",20,92
2093,2093,-1.7878787878787878,2.6363636363636367,-3.2367,3.3422,1,"(253, 219, 199)",20,93
2094,2094,-1.7878787878787878,2.696969696969697,-3.2367,3.3422,1,"(253, 219, 199)",20,94
2095,2095,-1.7878787878787878,2.757575757575758,-3.2367,3.3422,1,"(253, 219, 199)",20,95
2096,2096,-1.7878787878787878,2.8181818181818183,-3.2367,3.3422,1,"(253, 219, 199)",20,96
2097,2097,-1.7878787878787878,2.878787878787879,-3.2367,3.3422,1,"(253, 219, 199)",20,97
2098,2098,-1.7878787878787878,2.9393939393939394,-3.2367,3.3422,1,"(253, 219, 199)",20,98
2099,2099,-1.7878787878787878,3.0,-3.2367,3.3422,1,"(253, 219, 199)",20,99
2100,2100,-1.7272727272727273,-3.0,-3.2367,-3.3422,3,"(67, 147, 195)",21,0
2101,2101,-1.7272727272727273,-2.9393939393939394,-3.2367,-3.3422,3,"(67, 147, 195)",21,1
2102,2102,-1.7272727272727273,-2.878787878787879,-3.2367,-3.3422,3,"(67, 147, 195)",21,2
2103,2103,-1.7272727272727273,-2.8181818181818183,-3.2367,-3.3422,3,"(67, 147, 195)",21,3
2104,2104,-1.7272727272727273,-2.757575757575758,-3.2367,-3.3422,3,"(67, 147, 195)",21,4
2105,2105,-1.7272727272727273,-2.696969696969697,-3.2367,-3.3422,3,"(67, 147, 195)",21,5
2106,2106,-1.7272727272727273,-2.636363636363636,-3.2367,-3.3422,3,"(67, 147, 195)",21,6
2107,2107,-1.7272727272727273,-2.575757575757576,-3.2367,-3.3422,3,"(67, 147, 195)",21,7
2108,2108,-1.7272727272727273,-2.515151515151515,-3.2367,-3.3422,3,"(67, 147, 195)",21,8
2109,2109,-1.7272727272727273,-2.4545454545454546,-3.2367,-3.3422,3,"(67, 147, 195)",21,9
2110,2110,-1.7272727272727273,-2.393939393939394,-3.2367,-3.3422,3,"(67, 147, 195)",21,10
2111,2111,-1.7272727272727273,-2.333333333333333,-3.2367,-3.3422,3,"(67, 147, 195)",21,11
2112,2112,-1.7272727272727273,-2.2727272727272725,-3.2367,-3.3422,3,"(67, 147, 195)",21,12
2113,2113,-1.7272727272727273,-2.212121212121212,-3.2367,-3.3422,3,"(67, 147, 195)",21,13
2114,2114,-1.7272727272727273,-2.1515151515151514,-3.2367,-3.3422,3,"(67, 147, 195)",21,14
2115,2115,-1.7272727272727273,-2.090909090909091,-3.2367,-3.3422,3,"(67, 147, 195)",21,15
2116,2116,-1.7272727272727273,-2.0303030303030303,-3.2367,-3.3422,3,"(67, 147, 195)",21,16
2117,2117,-1.7272727272727273,-1.9696969696969695,-3.2367,-3.3422,3,"(67, 147, 195)",21,17
2118,2118,-1.7272727272727273,-1.9090909090909087,-3.2367,-3.3422,3,"(67, 147, 195)",21,18
2119,2119,-1.7272727272727273,-1.8484848484848484,-3.2367,-3.3422,3,"(67, 147, 195)",21,19
2120,2120,-1.7272727272727273,-1.7878787878787878,-3.2367,-3.3422,3,"(67, 147, 195)",21,20
2121,2121,-1.7272727272727273,-1.7272727272727273,-3.2367,-3.3422,3,"(67, 147, 195)",21,21
2122,2122,-1.7272727272727273,-1.6666666666666663,-3.2367,-3.3422,3,"(67, 147, 195)",21,22
2123,2123,-1.7272727272727273,-1.606060606060606,-3.2367,-3.3422,3,"(67, 147, 195)",21,23
2124,2124,-1.7272727272727273,-1.5454545454545454,-3.2367,-3.3422,3,"(67, 147, 195)",21,24
2125,2125,-1.7272727272727273,-1.4848484848484849,-3.2367,-3.3422,3,"(67, 147, 195)",21,25
2126,2126,-1.7272727272727273,-1.4242424242424243,-3.2367,-3.3422,3,"(67, 147, 195)",21,26
2127,2127,-1.7272727272727273,-1.3636363636363635,-3.2367,-3.3422,3,"(67, 147, 195)",21,27
2128,2128,-1.7272727272727273,-1.303030303030303,-3.2367,-3.3422,3,"(67, 147, 195)",21,28
2129,2129,-1.7272727272727273,-1.2424242424242424,-3.2367,-3.3422,3,"(67, 147, 195)",21,29
2130,2130,-1.7272727272727273,-1.1818181818181817,-3.2367,-3.3422,3,"(67, 147, 195)",21,30
2131,2131,-1.7272727272727273,-1.121212121212121,3.1653,3.3425,2,"(209, 229, 240)",21,31
2132,2132,-1.7272727272727273,-1.0606060606060606,3.1653,3.3425,2,"(209, 229, 240)",21,32
2133,2133,-1.7272727272727273,-1.0,-3.2367,-3.3422,3,"(67, 147, 195)",21,33
2134,2134,-1.7272727272727273,-0.9393939393939394,3.1653,-3.3425,0,"(214, 96, 77)",21,34
2135,2135,-1.7272727272727273,-0.8787878787878789,3.1653,-3.3425,0,"(214, 96, 77)",21,35
2136,2136,-1.7272727272727273,-0.8181818181818183,3.1653,-3.3425,0,"(214, 96, 77)",21,36
2137,2137,-1.7272727272727273,-0.7575757575757573,3.1653,-3.3425,0,"(214, 96, 77)",21,37
2138,2138,-1.7272727272727273,-0.6969696969696968,3.1653,-3.3425,0,"(214, 96, 77)",21,38
2139,2139,-1.7272727272727273,-0.6363636363636362,3.1653,-3.3425,0,"(214, 96, 77)",21,39
2140,2140,-1.7272727272727273,-0.5757575757575757,3.1653,-3.3425,0,"(214, 96, 77)",21,40
2141,2141,-1.7272727272727273,-0.5151515151515151,3.1653,-3.3425,0,"(214, 96, 77)",21,41
2142,2142,-1.7272727272727273,-0.4545454545454546,3.1653,-3.3425,0,"(214, 96, 77)",21,42
2143,2143,-1.7272727272727273,-0.393939393939394,3.1653,-3.3425,0,"(214, 96, 77)",21,43
2144,2144,-1.7272727272727273,-0.333333333333333,3.1653,-3.3425,0,"(214, 96, 77)",21,44
2145,2145,-1.7272727272727273,-0.2727272727272725,3.1653,-3.3425,0,"(214, 96, 77)",21,45
2146,2146,-1.7272727272727273,-0.2121212121212119,3.1653,-3.3425,0,"(214, 96, 77)",21,46
2147,2147,-1.7272727272727273,-0.1515151515151513,3.1653,-3.3425,0,"(214, 96, 77)",21,47
2148,2148,-1.7272727272727273,-0.0909090909090908,3.1653,-3.3425,0,"(214, 96, 77)",21,48
2149,2149,-1.7272727272727273,-0.0303030303030302,-3.2367,-3.3422,3,"(67, 147, 195)",21,49
2150,2150,-1.7272727272727273,0.0303030303030302,-3.2367,3.3422,1,"(253, 219, 199)",21,50
2151,2151,-1.7272727272727273,0.0909090909090908,3.1653,3.3425,2,"(209, 229, 240)",21,51
2152,2152,-1.7272727272727273,0.1515151515151513,3.1653,3.3425,2,"(209, 229, 240)",21,52
2153,2153,-1.7272727272727273,0.2121212121212123,3.1653,3.3425,2,"(209, 229, 240)",21,53
2154,2154,-1.7272727272727273,0.2727272727272729,3.1653,3.3425,2,"(209, 229, 240)",21,54
2155,2155,-1.7272727272727273,0.3333333333333335,3.1653,3.3425,2,"(209, 229, 240)",21,55
2156,2156,-1.7272727272727273,0.393939393939394,3.1653,3.3425,2,"(209, 229, 240)",21,56
2157,2157,-1.7272727272727273,0.4545454545454546,3.1653,3.3425,2,"(209, 229, 240)",21,57
2158,2158,-1.7272727272727273,0.5151515151515151,3.1653,3.3425,2,"(209, 229, 240)",21,58
2159,2159,-1.7272727272727273,0.5757575757575757,3.1653,3.3425,2,"(209, 229, 240)",21,59
2160,2160,-1.7272727272727273,0.6363636363636367,3.1653,3.3425,2,"(209, 229, 240)",21,60
2161,2161,-1.7272727272727273,0.6969696969696972,3.1653,3.3425,2,"(209, 229, 240)",21,61
2162,2162,-1.7272727272727273,0.7575757575757578,3.1653,3.3425,2,"(209, 229, 240)",21,62
2163,2163,-1.7272727272727273,0.8181818181818183,3.1653,3.3425,2,"(209, 229, 240)",21,63
2164,2164,-1.7272727272727273,0.8787878787878789,3.1653,3.3425,2,"(209, 229, 240)",21,64
2165,2165,-1.7272727272727273,0.9393939393939394,3.1653,3.3425,2,"(209, 229, 240)",21,65
2166,2166,-1.7272727272727273,1.0,-3.2367,3.3422,1,"(253, 219, 199)",21,66
2167,2167,-1.7272727272727273,1.0606060606060606,3.1653,-3.3425,0,"(214, 96, 77)",21,67
2168,2168,-1.7272727272727273,1.121212121212121,3.1653,-3.3425,0,"(214, 96, 77)",21,68
2169,2169,-1.7272727272727273,1.1818181818181817,-3.2367,3.3422,1,"(253, 219, 199)",21,69
2170,2170,-1.7272727272727273,1.2424242424242422,-3.2367,3.3422,1,"(253, 219, 199)",21,70
2171,2171,-1.7272727272727273,1.3030303030303028,-3.2367,3.3422,1,"(253, 219, 199)",21,71
2172,2172,-1.7272727272727273,1.363636363636363,-3.2367,3.3422,1,"(253, 219, 199)",21,72
2173,2173,-1.7272727272727273,1.4242424242424248,-3.2367,3.3422,1,"(253, 219, 199)",21,73
2174,2174,-1.7272727272727273,1.4848484848484853,-3.2367,3.3422,1,"(253, 219, 199)",21,74
2175,2175,-1.7272727272727273,1.545454545454546,-3.2367,3.3422,1,"(253, 219, 199)",21,75
2176,2176,-1.7272727272727273,1.6060606060606064,-3.2367,3.3422,1,"(253, 219, 199)",21,76
2177,2177,-1.7272727272727273,1.666666666666667,-3.2367,3.3422,1,"(253, 219, 199)",21,77
2178,2178,-1.7272727272727273,1.7272727272727275,-3.2367,3.3422,1,"(253, 219, 199)",21,78
2179,2179,-1.7272727272727273,1.787878787878788,-3.2367,3.3422,1,"(253, 219, 199)",21,79
2180,2180,-1.7272727272727273,1.8484848484848488,-3.2367,3.3422,1,"(253, 219, 199)",21,80
2181,2181,-1.7272727272727273,1.9090909090909087,-3.2367,3.3422,1,"(253, 219, 199)",21,81
2182,2182,-1.7272727272727273,1.9696969696969695,-3.2367,3.3422,1,"(253, 219, 199)",21,82
2183,2183,-1.7272727272727273,2.0303030303030303,-3.2367,3.3422,1,"(253, 219, 199)",21,83
2184,2184,-1.7272727272727273,2.090909090909091,-3.2367,3.3422,1,"(253, 219, 199)",21,84
2185,2185,-1.7272727272727273,2.1515151515151514,-3.2367,3.3422,1,"(253, 219, 199)",21,85
2186,2186,-1.7272727272727273,2.212121212121212,-3.2367,3.3422,1,"(253, 219, 199)",21,86
2187,2187,-1.7272727272727273,2.2727272727272725,-3.2367,3.3422,1,"(253, 219, 199)",21,87
2188,2188,-1.7272727272727273,2.333333333333334,-3.2367,3.3422,1,"(253, 219, 199)",21,88
2189,2189,-1.7272727272727273,2.3939393939393945,-3.2367,3.3422,1,"(253, 219, 199)",21,89
2190,2190,-1.7272727272727273,2.454545454545455,-3.2367,3.3422,1,"(253, 219, 199)",21,90
2191,2191,-1.7272727272727273,2.515151515151516,-3.2367,3.3422,1,"(253, 219, 199)",21,91
2192,2192,-1.7272727272727273,2.575757575757576,-3.2367,3.3422,1,"(253, 219, 199)",21,92
2193,2193,-1.7272727272727273,2.6363636363636367,-3.2367,3.3422,1,"(253, 219, 199)",21,93
2194,2194,-1.7272727272727273,2.696969696969697,-3.2367,3.3422,1,"(253, 219, 199)",21,94
2195,2195,-1.7272727272727273,2.757575757575758,-3.2367,3.3422,1,"(253, 219, 199)",21,95
2196,2196,-1.7272727272727273,2.8181818181818183,-3.2367,3.3422,1,"(253, 219, 199)",21,96
2197,2197,-1.7272727272727273,2.878787878787879,-3.2367,3.3422,1,"(253, 219, 199)",21,97
2198,2198,-1.7272727272727273,2.9393939393939394,-3.2367,3.3422,1,"(253, 219, 199)",21,98
2199,2199,-1.7272727272727273,3.0,-3.2367,3.3422,1,"(253, 219, 199)",21,99
2200,2200,-1.6666666666666663,-3.0,-3.2367,-3.3422,3,"(67, 147, 195)",22,0
2201,2201,-1.6666666666666663,-2.9393939393939394,-3.2367,-3.3422,3,"(67, 147, 195)",22,1
2202,2202,-1.6666666666666663,-2.878787878787879,-3.2367,-3.3422,3,"(67, 147, 195)",22,2
2203,2203,-1.6666666666666663,-2.8181818181818183,-3.2367,-3.3422,3,"(67, 147, 195)",22,3
2204,2204,-1.6666666666666663,-2.757575757575758,-3.2367,-3.3422,3,"(67, 147, 195)",22,4
2205,2205,-1.6666666666666663,-2.696969696969697,-3.2367,-3.3422,3,"(67, 147, 195)",22,5
2206,2206,-1.6666666666666663,-2.636363636363636,-3.2367,-3.3422,3,"(67, 147, 195)",22,6
2207,2207,-1.6666666666666663,-2.575757575757576,-3.2367,-3.3422,3,"(67, 147, 195)",22,7
2208,2208,-1.6666666666666663,-2.515151515151515,-3.2367,-3.3422,3,"(67, 147, 195)",22,8
2209,2209,-1.6666666666666663,-2.4545454545454546,-3.2367,-3.3422,3,"(67, 147, 195)",22,9
2210,2210,-1.6666666666666663,-2.393939393939394,-3.2367,-3.3422,3,"(67, 147, 195)",22,10
2211,2211,-1.6666666666666663,-2.333333333333333,-3.2367,-3.3422,3,"(67, 147, 195)",22,11
2212,2212,-1.6666666666666663,-2.2727272727272725,-3.2367,-3.3422,3,"(67, 147, 195)",22,12
2213,2213,-1.6666666666666663,-2.212121212121212,-3.2367,-3.3422,3,"(67, 147, 195)",22,13
2214,2214,-1.6666666666666663,-2.1515151515151514,-3.2367,-3.3422,3,"(67, 147, 195)",22,14
2215,2215,-1.6666666666666663,-2.090909090909091,-3.2367,-3.3422,3,"(67, 147, 195)",22,15
2216,2216,-1.6666666666666663,-2.0303030303030303,-3.2367,-3.3422,3,"(67, 147, 195)",22,16
2217,2217,-1.6666666666666663,-1.9696969696969695,-3.2367,-3.3422,3,"(67, 147, 195)",22,17
2218,2218,-1.6666666666666663,-1.9090909090909087,-3.2367,-3.3422,3,"(67, 147, 195)",22,18
2219,2219,-1.6666666666666663,-1.8484848484848484,-3.2367,-3.3422,3,"(67, 147, 195)",22,19
2220,2220,-1.6666666666666663,-1.7878787878787878,-3.2367,-3.3422,3,"(67, 147, 195)",22,20
2221,2221,-1.6666666666666663,-1.7272727272727273,-3.2367,-3.3422,3,"(67, 147, 195)",22,21
2222,2222,-1.6666666666666663,-1.6666666666666663,-3.2367,-3.3422,3,"(67, 147, 195)",22,22
2223,2223,-1.6666666666666663,-1.606060606060606,-3.2367,-3.3422,3,"(67, 147, 195)",22,23
2224,2224,-1.6666666666666663,-1.5454545454545454,-3.2367,-3.3422,3,"(67, 147, 195)",22,24
2225,2225,-1.6666666666666663,-1.4848484848484849,-3.2367,-3.3422,3,"(67, 147, 195)",22,25
2226,2226,-1.6666666666666663,-1.4242424242424243,-3.2367,-3.3422,3,"(67, 147, 195)",22,26
2227,2227,-1.6666666666666663,-1.3636363636363635,-3.2367,-3.3422,3,"(67, 147, 195)",22,27
2228,2228,-1.6666666666666663,-1.303030303030303,-3.2367,-3.3422,3,"(67, 147, 195)",22,28
2229,2229,-1.6666666666666663,-1.2424242424242424,-3.2367,-3.3422,3,"(67, 147, 195)",22,29
2230,2230,-1.6666666666666663,-1.1818181818181817,-3.2367,-3.3422,3,"(67, 147, 195)",22,30
2231,2231,-1.6666666666666663,-1.121212121212121,-3.2367,-3.3422,3,"(67, 147, 195)",22,31
2232,2232,-1.6666666666666663,-1.0606060606060606,-3.2367,-3.3422,3,"(67, 147, 195)",22,32
2233,2233,-1.6666666666666663,-1.0,3.1653,3.3425,2,"(209, 229, 240)",22,33
2234,2234,-1.6666666666666663,-0.9393939393939394,3.1653,-3.3425,0,"(214, 96, 77)",22,34
2235,2235,-1.6666666666666663,-0.8787878787878789,3.1653,-3.3425,0,"(214, 96, 77)",22,35
2236,2236,-1.6666666666666663,-0.8181818181818183,3.1653,-3.3425,0,"(214, 96, 77)",22,36
2237,2237,-1.6666666666666663,-0.7575757575757573,3.1653,-3.3425,0,"(214, 96, 77)",22,37
2238,2238,-1.6666666666666663,-0.6969696969696968,3.1653,-3.3425,0,"(214, 96, 77)",22,38
2239,2239,-1.6666666666666663,-0.6363636363636362,3.1653,-3.3425,0,"(214, 96, 77)",22,39
2240,2240,-1.6666666666666663,-0.5757575757575757,3.1653,-3.3425,0,"(214, 96, 77)",22,40
2241,2241,-1.6666666666666663,-0.5151515151515151,3.1653,-3.3425,0,"(214, 96, 77)",22,41
2242,2242,-1.6666666666666663,-0.4545454545454546,3.1653,-3.3425,0,"(214, 96, 77)",22,42
2243,2243,-1.6666666666666663,-0.393939393939394,3.1653,-3.3425,0,"(214, 96, 77)",22,43
2244,2244,-1.6666666666666663,-0.333333333333333,3.1653,-3.3425,0,"(214, 96, 77)",22,44
2245,2245,-1.6666666666666663,-0.2727272727272725,3.1653,-3.3425,0,"(214, 96, 77)",22,45
2246,2246,-1.6666666666666663,-0.2121212121212119,3.1653,-3.3425,0,"(214, 96, 77)",22,46
2247,2247,-1.6666666666666663,-0.1515151515151513,3.1653,-3.3425,0,"(214, 96, 77)",22,47
2248,2248,-1.6666666666666663,-0.0909090909090908,3.1653,3.3425,2,"(209, 229, 240)",22,48
2249,2249,-1.6666666666666663,-0.0303030303030302,-3.2367,3.3422,1,"(253, 219, 199)",22,49
2250,2250,-1.6666666666666663,0.0303030303030302,-3.2367,-3.3422,3,"(67, 147, 195)",22,50
2251,2251,-1.6666666666666663,0.0909090909090908,3.1653,-3.3425,0,"(214, 96, 77)",22,51
2252,2252,-1.6666666666666663,0.1515151515151513,3.1653,3.3425,2,"(209, 229, 240)",22,52
2253,2253,-1.6666666666666663,0.2121212121212123,3.1653,3.3425,2,"(209, 229, 240)",22,53
2254,2254,-1.6666666666666663,0.2727272727272729,3.1653,3.3425,2,"(209, 229, 240)",22,54
2255,2255,-1.6666666666666663,0.3333333333333335,3.1653,3.3425,2,"(209, 229, 240)",22,55
2256,2256,-1.6666666666666663,0.393939393939394,3.1653,3.3425,2,"(209, 229, 240)",22,56
2257,2257,-1.6666666666666663,0.4545454545454546,3.1653,3.3425,2,"(209, 229, 240)",22,57
2258,2258,-1.6666666666666663,0.5151515151515151,3.1653,3.3425,2,"(209, 229, 240)",22,58
2259,2259,-1.6666666666666663,0.5757575757575757,3.1653,3.3425,2,"(209, 229, 240)",22,59
2260,2260,-1.6666666666666663,0.6363636363636367,3.1653,3.3425,2,"(209, 229, 240)",22,60
2261,2261,-1.6666666666666663,0.6969696969696972,3.1653,3.3425,2,"(209, 229, 240)",22,61
2262,2262,-1.6666666666666663,0.7575757575757578,3.1653,3.3425,2,"(209, 229, 240)",22,62
2263,2263,-1.6666666666666663,0.8181818181818183,3.1653,3.3425,2,"(209, 229, 240)",22,63
2264,2264,-1.6666666666666663,0.8787878787878789,3.1653,3.3425,2,"(209, 229, 240)",22,64
2265,2265,-1.6666666666666663,0.9393939393939394,3.1653,3.3425,2,"(209, 229, 240)",22,65
2266,2266,-1.6666666666666663,1.0,3.1653,-3.3425,0,"(214, 96, 77)",22,66
2267,2267,-1.6666666666666663,1.0606060606060606,-3.2367,3.3422,1,"(253, 219, 199)",22,67
2268,2268,-1.6666666666666663,1.121212121212121,-3.2367,3.3422,1,"(253, 219, 199)",22,68
2269,2269,-1.6666666666666663,1.1818181818181817,-3.2367,3.3422,1,"(253, 219, 199)",22,69
2270,2270,-1.6666666666666663,1.2424242424242422,-3.2367,3.3422,1,"(253, 219, 199)",22,70
2271,2271,-1.6666666666666663,1.3030303030303028,-3.2367,3.3422,1,"(253, 219, 199)",22,71
2272,2272,-1.6666666666666663,1.363636363636363,-3.2367,3.3422,1,"(253, 219, 199)",22,72
2273,2273,-1.6666666666666663,1.4242424242424248,-3.2367,3.3422,1,"(253, 219, 199)",22,73
2274,2274,-1.6666666666666663,1.4848484848484853,-3.2367,3.3422,1,"(253, 219, 199)",22,74
2275,2275,-1.6666666666666663,1.545454545454546,-3.2367,3.3422,1,"(253, 219, 199)",22,75
2276,2276,-1.6666666666666663,1.6060606060606064,-3.2367,3.3422,1,"(253, 219, 199)",22,76
2277,2277,-1.6666666666666663,1.666666666666667,-3.2367,3.3422,1,"(253, 219, 199)",22,77
2278,2278,-1.6666666666666663,1.7272727272727275,-3.2367,3.3422,1,"(253, 219, 199)",22,78
2279,2279,-1.6666666666666663,1.787878787878788,-3.2367,3.3422,1,"(253, 219, 199)",22,79
2280,2280,-1.6666666666666663,1.8484848484848488,-3.2367,3.3422,1,"(253, 219, 199)",22,80
2281,2281,-1.6666666666666663,1.9090909090909087,-3.2367,3.3422,1,"(253, 219, 199)",22,81
2282,2282,-1.6666666666666663,1.9696969696969695,-3.2367,3.3422,1,"(253, 219, 199)",22,82
2283,2283,-1.6666666666666663,2.0303030303030303,-3.2367,3.3422,1,"(253, 219, 199)",22,83
2284,2284,-1.6666666666666663,2.090909090909091,-3.2367,3.3422,1,"(253, 219, 199)",22,84
2285,2285,-1.6666666666666663,2.1515151515151514,-3.2367,3.3422,1,"(253, 219, 199)",22,85
2286,2286,-1.6666666666666663,2.212121212121212,-3.2367,3.3422,1,"(253, 219, 199)",22,86
2287,2287,-1.6666666666666663,2.2727272727272725,-3.2367,3.3422,1,"(253, 219, 199)",22,87
2288,2288,-1.6666666666666663,2.333333333333334,-3.2367,3.3422,1,"(253, 219, 199)",22,88
2289,2289,-1.6666666666666663,2.3939393939393945,-3.2367,3.3422,1,"(253, 219, 199)",22,89
2290,2290,-1.6666666666666663,2.454545454545455,-3.2367,3.3422,1,"(253, 219, 199)",22,90
2291,2291,-1.6666666666666663,2.515151515151516,-3.2367,3.3422,1,"(253, 219, 199)",22,91
2292,2292,-1.6666666666666663,2.575757575757576,-3.2367,3.3422,1,"(253, 219, 199)",22,92
2293,2293,-1.6666666666666663,2.6363636363636367,-3.2367,3.3422,1,"(253, 219, 199)",22,93
2294,2294,-1.6666666666666663,2.696969696969697,-3.2367,3.3422,1,"(253, 219, 199)",22,94
2295,2295,-1.6666666666666663,2.757575757575758,-3.2367,3.3422,1,"(253, 219, 199)",22,95
2296,2296,-1.6666666666666663,2.8181818181818183,-3.2367,3.3422,1,"(253, 219, 199)",22,96
2297,2297,-1.6666666666666663,2.878787878787879,-3.2367,3.3422,1,"(253, 219, 199)",22,97
2298,2298,-1.6666666666666663,2.9393939393939394,-3.2367,3.3422,1,"(253, 219, 199)",22,98
2299,2299,-1.6666666666666663,3.0,-3.2367,3.3422,1,"(253, 219, 199)",22,99
2300,2300,-1.606060606060606,-3.0,-3.2367,-3.3422,3,"(67, 147, 195)",23,0
2301,2301,-1.606060606060606,-2.9393939393939394,-3.2367,-3.3422,3,"(67, 147, 195)",23,1
2302,2302,-1.606060606060606,-2.878787878787879,-3.2367,-3.3422,3,"(67, 147, 195)",23,2
2303,2303,-1.606060606060606,-2.8181818181818183,-3.2367,-3.3422,3,"(67, 147, 195)",23,3
2304,2304,-1.606060606060606,-2.757575757575758,-3.2367,-3.3422,3,"(67, 147, 195)",23,4
2305,2305,-1.606060606060606,-2.696969696969697,-3.2367,-3.3422,3,"(67, 147, 195)",23,5
2306,2306,-1.606060606060606,-2.636363636363636,-3.2367,-3.3422,3,"(67, 147, 195)",23,6
2307,2307,-1.606060606060606,-2.575757575757576,-3.2367,-3.3422,3,"(67, 147, 195)",23,7
2308,2308,-1.606060606060606,-2.515151515151515,-3.2367,-3.3422,3,"(67, 147, 195)",23,8
2309,2309,-1.606060606060606,-2.4545454545454546,-3.2367,-3.3422,3,"(67, 147, 195)",23,9
2310,2310,-1.606060606060606,-2.393939393939394,-3.2367,-3.3422,3,"(67, 147, 195)",23,10
2311,2311,-1.606060606060606,-2.333333333333333,-3.2367,-3.3422,3,"(67, 147, 195)",23,11
2312,2312,-1.606060606060606,-2.2727272727272725,-3.2367,-3.3422,3,"(67, 147, 195)",23,12
2313,2313,-1.606060606060606,-2.212121212121212,-3.2367,-3.3422,3,"(67, 147, 195)",23,13
2314,2314,-1.606060606060606,-2.1515151515151514,-3.2367,-3.3422,3,"(67, 147, 195)",23,14
2315,2315,-1.606060606060606,-2.090909090909091,-3.2367,-3.3422,3,"(67, 147, 195)",23,15
2316,2316,-1.606060606060606,-2.0303030303030303,-3.2367,-3.3422,3,"(67, 147, 195)",23,16
2317,2317,-1.606060606060606,-1.9696969696969695,-3.2367,-3.3422,3,"(67, 147, 195)",23,17
2318,2318,-1.606060606060606,-1.9090909090909087,-3.2367,-3.3422,3,"(67, 147, 195)",23,18
2319,2319,-1.606060606060606,-1.8484848484848484,-3.2367,-3.3422,3,"(67, 147, 195)",23,19
2320,2320,-1.606060606060606,-1.7878787878787878,-3.2367,-3.3422,3,"(67, 147, 195)",23,20
2321,2321,-1.606060606060606,-1.7272727272727273,-3.2367,-3.3422,3,"(67, 147, 195)",23,21
2322,2322,-1.606060606060606,-1.6666666666666663,-3.2367,-3.3422,3,"(67, 147, 195)",23,22
2323,2323,-1.606060606060606,-1.606060606060606,-3.2367,-3.3422,3,"(67, 147, 195)",23,23
2324,2324,-1.606060606060606,-1.5454545454545454,-3.2367,-3.3422,3,"(67, 147, 195)",23,24
2325,2325,-1.606060606060606,-1.4848484848484849,-3.2367,-3.3422,3,"(67, 147, 195)",23,25
2326,2326,-1.606060606060606,-1.4242424242424243,-3.2367,-3.3422,3,"(67, 147, 195)",23,26
2327,2327,-1.606060606060606,-1.3636363636363635,-3.2367,-3.3422,3,"(67, 147, 195)",23,27
2328,2328,-1.606060606060606,-1.303030303030303,-3.2367,-3.3422,3,"(67, 147, 195)",23,28
2329,2329,-1.606060606060606,-1.2424242424242424,-3.2367,-3.3422,3,"(67, 147, 195)",23,29
2330,2330,-1.606060606060606,-1.1818181818181817,-3.2367,-3.3422,3,"(67, 147, 195)",23,30
2331,2331,-1.606060606060606,-1.121212121212121,-3.2367,-3.3422,3,"(67, 147, 195)",23,31
2332,2332,-1.606060606060606,-1.0606060606060606,-3.2367,3.3422,1,"(253, 219, 199)",23,32
2333,2333,-1.606060606060606,-1.0,3.1653,3.3425,2,"(209, 229, 240)",23,33
2334,2334,-1.606060606060606,-0.9393939393939394,-3.2367,3.3422,1,"(253, 219, 199)",23,34
2335,2335,-1.606060606060606,-0.8787878787878789,3.1653,-3.3425,0,"(214, 96, 77)",23,35
2336,2336,-1.606060606060606,-0.8181818181818183,3.1653,-3.3425,0,"(214, 96, 77)",23,36
2337,2337,-1.606060606060606,-0.7575757575757573,3.1653,-3.3425,0,"(214, 96, 77)",23,37
2338,2338,-1.606060606060606,-0.6969696969696968,3.1653,-3.3425,0,"(214, 96, 77)",23,38
2339,2339,-1.606060606060606,-0.6363636363636362,3.1653,-3.3425,0,"(214, 96, 77)",23,39
2340,2340,-1.606060606060606,-0.5757575757575757,3.1653,-3.3425,0,"(214, 96, 77)",23,40
2341,2341,-1.606060606060606,-0.5151515151515151,3.1653,-3.3425,0,"(214, 96, 77)",23,41
2342,2342,-1.606060606060606,-0.4545454545454546,3.1653,-3.3425,0,"(214, 96, 77)",23,42
2343,2343,-1.606060606060606,-0.393939393939394,3.1653,-3.3425,0,"(214, 96, 77)",23,43
2344,2344,-1.606060606060606,-0.333333333333333,3.1653,-3.3425,0,"(214, 96, 77)",23,44
2345,2345,-1.606060606060606,-0.2727272727272725,3.1653,-3.3425,0,"(214, 96, 77)",23,45
2346,2346,-1.606060606060606,-0.2121212121212119,3.1653,-3.3425,0,"(214, 96, 77)",23,46
2347,2347,-1.606060606060606,-0.1515151515151513,3.1653,-3.3425,0,"(214, 96, 77)",23,47
2348,2348,-1.606060606060606,-0.0909090909090908,3.1653,-3.3425,0,"(214, 96, 77)",23,48
2349,2349,-1.606060606060606,-0.0303030303030302,-3.2367,-3.3422,3,"(67, 147, 195)",23,49
2350,2350,-1.606060606060606,0.0303030303030302,-3.2367,3.3422,1,"(253, 219, 199)",23,50
2351,2351,-1.606060606060606,0.0909090909090908,3.1653,3.3425,2,"(209, 229, 240)",23,51
2352,2352,-1.606060606060606,0.1515151515151513,3.1653,3.3425,2,"(209, 229, 240)",23,52
2353,2353,-1.606060606060606,0.2121212121212123,3.1653,3.3425,2,"(209, 229, 240)",23,53
2354,2354,-1.606060606060606,0.2727272727272729,3.1653,3.3425,2,"(209, 229, 240)",23,54
2355,2355,-1.606060606060606,0.3333333333333335,3.1653,3.3425,2,"(209, 229, 240)",23,55
2356,2356,-1.606060606060606,0.393939393939394,3.1653,3.3425,2,"(209, 229, 240)",23,56
2357,2357,-1.606060606060606,0.4545454545454546,3.1653,3.3425,2,"(209, 229, 240)",23,57
2358,2358,-1.606060606060606,0.5151515151515151,3.1653,3.3425,2,"(209, 229, 240)",23,58
2359,2359,-1.606060606060606,0.5757575757575757,3.1653,3.3425,2,"(209, 229, 240)",23,59
2360,2360,-1.606060606060606,0.6363636363636367,3.1653,3.3425,2,"(209, 229, 240)",23,60
2361,2361,-1.606060606060606,0.6969696969696972,3.1653,3.3425,2,"(209, 229, 240)",23,61
2362,2362,-1.606060606060606,0.7575757575757578,3.1653,3.3425,2,"(209, 229, 240)",23,62
2363,2363,-1.606060606060606,0.8181818181818183,3.1653,3.3425,2,"(209, 229, 240)",23,63
2364,2364,-1.606060606060606,0.8787878787878789,3.1653,3.3425,2,"(209, 229, 240)",23,64
2365,2365,-1.606060606060606,0.9393939393939394,-3.2367,-3.3422,3,"(67, 147, 195)",23,65
2366,2366,-1.606060606060606,1.0,3.1653,-3.3425,0,"(214, 96, 77)",23,66
2367,2367,-1.606060606060606,1.0606060606060606,-3.2367,-3.3422,3,"(67, 147, 195)",23,67
2368,2368,-1.606060606060606,1.121212121212121,-3.2367,3.3422,1,"(253, 219, 199)",23,68
2369,2369,-1.606060606060606,1.1818181818181817,-3.2367,3.3422,1,"(253, 219, 199)",23,69
2370,2370,-1.606060606060606,1.2424242424242422,-3.2367,3.3422,1,"(253, 219, 199)",23,70
2371,2371,-1.606060606060606,1.3030303030303028,-3.2367,3.3422,1,"(253, 219, 199)",23,71
2372,2372,-1.606060606060606,1.363636363636363,-3.2367,3.3422,1,"(253, 219, 199)",23,72
2373,2373,-1.606060606060606,1.4242424242424248,-3.2367,3.3422,1,"(253, 219, 199)",23,73
2374,2374,-1.606060606060606,1.4848484848484853,-3.2367,3.3422,1,"(253, 219, 199)",23,74
2375,2375,-1.606060606060606,1.545454545454546,-3.2367,3.3422,1,"(253, 219, 199)",23,75
2376,2376,-1.606060606060606,1.6060606060606064,-3.2367,3.3422,1,"(253, 219, 199)",23,76
2377,2377,-1.606060606060606,1.666666666666667,-3.2367,3.3422,1,"(253, 219, 199)",23,77
2378,2378,-1.606060606060606,1.7272727272727275,-3.2367,3.3422,1,"(253, 219, 199)",23,78
2379,2379,-1.606060606060606,1.787878787878788,-3.2367,3.3422,1,"(253, 219, 199)",23,79
2380,2380,-1.606060606060606,1.8484848484848488,-3.2367,3.3422,1,"(253, 219, 199)",23,80
2381,2381,-1.606060606060606,1.9090909090909087,-3.2367,3.3422,1,"(253, 219, 199)",23,81
2382,2382,-1.606060606060606,1.9696969696969695,-3.2367,3.3422,1,"(253, 219, 199)",23,82
2383,2383,-1.606060606060606,2.0303030303030303,-3.2367,3.3422,1,"(253, 219, 199)",23,83
2384,2384,-1.606060606060606,2.090909090909091,-3.2367,3.3422,1,"(253, 219, 199)",23,84
2385,2385,-1.606060606060606,2.1515151515151514,-3.2367,3.3422,1,"(253, 219, 199)",23,85
2386,2386,-1.606060606060606,2.212121212121212,-3.2367,3.3422,1,"(253, 219, 199)",23,86
2387,2387,-1.606060606060606,2.2727272727272725,-3.2367,3.3422,1,"(253, 219, 199)",23,87
2388,2388,-1.606060606060606,2.333333333333334,-3.2367,3.3422,1,"(253, 219, 199)",23,88
2389,2389,-1.606060606060606,2.3939393939393945,-3.2367,3.3422,1,"(253, 219, 199)",23,89
2390,2390,-1.606060606060606,2.454545454545455,-3.2367,3.3422,1,"(253, 219, 199)",23,90
2391,2391,-1.606060606060606,2.515151515151516,-3.2367,3.3422,1,"(253, 219, 199)",23,91
2392,2392,-1.606060606060606,2.575757575757576,-3.2367,3.3422,1,"(253, 219, 199)",23,92
2393,2393,-1.606060606060606,2.6363636363636367,-3.2367,3.3422,1,"(253, 219, 199)",23,93
2394,2394,-1.606060606060606,2.696969696969697,-3.2367,3.3422,1,"(253, 219, 199)",23,94
2395,2395,-1.606060606060606,2.757575757575758,-3.2367,3.3422,1,"(253, 219, 199)",23,95
2396,2396,-1.606060606060606,2.8181818181818183,-3.2367,3.3422,1,"(253, 219, 199)",23,96
2397,2397,-1.606060606060606,2.878787878787879,-3.2367,3.3422,1,"(253, 219, 199)",23,97
2398,2398,-1.606060606060606,2.9393939393939394,-3.2367,3.3422,1,"(253, 219, 199)",23,98
2399,2399,-1.606060606060606,3.0,-3.2367,3.3422,1,"(253, 219, 199)",23,99
2400,2400,-1.5454545454545454,-3.0,-3.2367,-3.3422,3,"(67, 147, 195)",24,0
2401,2401,-1.5454545454545454,-2.9393939393939394,-3.2367,-3.3422,3,"(67, 147, 195)",24,1
2402,2402,-1.5454545454545454,-2.878787878787879,-3.2367,-3.3422,3,"(67, 147, 195)",24,2
2403,2403,-1.5454545454545454,-2.8181818181818183,-3.2367,-3.3422,3,"(67, 147, 195)",24,3
2404,2404,-1.5454545454545454,-2.757575757575758,-3.2367,-3.3422,3,"(67, 147, 195)",24,4
2405,2405,-1.5454545454545454,-2.696969696969697,-3.2367,-3.3422,3,"(67, 147, 195)",24,5
2406,2406,-1.5454545454545454,-2.636363636363636,-3.2367,-3.3422,3,"(67, 147, 195)",24,6
2407,2407,-1.5454545454545454,-2.575757575757576,-3.2367,-3.3422,3,"(67, 147, 195)",24,7
2408,2408,-1.5454545454545454,-2.515151515151515,-3.2367,-3.3422,3,"(67, 147, 195)",24,8
2409,2409,-1.5454545454545454,-2.4545454545454546,-3.2367,-3.3422,3,"(67, 147, 195)",24,9
2410,2410,-1.5454545454545454,-2.393939393939394,-3.2367,-3.3422,3,"(67, 147, 195)",24,10
2411,2411,-1.5454545454545454,-2.333333333333333,-3.2367,-3.3422,3,"(67, 147, 195)",24,11
2412,2412,-1.5454545454545454,-2.2727272727272725,-3.2367,-3.3422,3,"(67, 147, 195)",24,12
2413,2413,-1.5454545454545454,-2.212121212121212,-3.2367,-3.3422,3,"(67, 147, 195)",24,13
2414,2414,-1.5454545454545454,-2.1515151515151514,-3.2367,-3.3422,3,"(67, 147, 195)",24,14
2415,2415,-1.5454545454545454,-2.090909090909091,-3.2367,-3.3422,3,"(67, 147, 195)",24,15
2416,2416,-1.5454545454545454,-2.0303030303030303,-3.2367,-3.3422,3,"(67, 147, 195)",24,16
2417,2417,-1.5454545454545454,-1.9696969696969695,-3.2367,-3.3422,3,"(67, 147, 195)",24,17
2418,2418,-1.5454545454545454,-1.9090909090909087,-3.2367,-3.3422,3,"(67, 147, 195)",24,18
2419,2419,-1.5454545454545454,-1.8484848484848484,-3.2367,-3.3422,3,"(67, 147, 195)",24,19
2420,2420,-1.5454545454545454,-1.7878787878787878,-3.2367,-3.3422,3,"(67, 147, 195)",24,20
2421,2421,-1.5454545454545454,-1.7272727272727273,-3.2367,-3.3422,3,"(67, 147, 195)",24,21
2422,2422,-1.5454545454545454,-1.6666666666666663,-3.2367,-3.3422,3,"(67, 147, 195)",24,22
2423,2423,-1.5454545454545454,-1.606060606060606,-3.2367,-3.3422,3,"(67, 147, 195)",24,23
2424,2424,-1.5454545454545454,-1.5454545454545454,-3.2367,-3.3422,3,"(67, 147, 195)",24,24
2425,2425,-1.5454545454545454,-1.4848484848484849,-3.2367,-3.3422,3,"(67, 147, 195)",24,25
2426,2426,-1.5454545454545454,-1.4242424242424243,-3.2367,-3.3422,3,"(67, 147, 195)",24,26
2427,2427,-1.5454545454545454,-1.3636363636363635,-3.2367,-3.3422,3,"(67, 147, 195)",24,27
2428,2428,-1.5454545454545454,-1.303030303030303,-3.2367,-3.3422,3,"(67, 147, 195)",24,28
2429,2429,-1.5454545454545454,-1.2424242424242424,-3.2367,-3.3422,3,"(67, 147, 195)",24,29
2430,2430,-1.5454545454545454,-1.1818181818181817,-3.2367,-3.3422,3,"(67, 147, 195)",24,30
2431,2431,-1.5454545454545454,-1.121212121212121,-3.2367,-3.3422,3,"(67, 147, 195)",24,31
2432,2432,-1.5454545454545454,-1.0606060606060606,-3.2367,3.3422,1,"(253, 219, 199)",24,32
2433,2433,-1.5454545454545454,-1.0,-3.2367,3.3422,1,"(253, 219, 199)",24,33
2434,2434,-1.5454545454545454,-0.9393939393939394,-3.2367,-3.3422,3,"(67, 147, 195)",24,34
2435,2435,-1.5454545454545454,-0.8787878787878789,3.1653,-3.3425,0,"(214, 96, 77)",24,35
2436,2436,-1.5454545454545454,-0.8181818181818183,3.1653,-3.3425,0,"(214, 96, 77)",24,36
2437,2437,-1.5454545454545454,-0.7575757575757573,3.1653,-3.3425,0,"(214, 96, 77)",24,37
2438,2438,-1.5454545454545454,-0.6969696969696968,3.1653,-3.3425,0,"(214, 96, 77)",24,38
2439,2439,-1.5454545454545454,-0.6363636363636362,3.1653,-3.3425,0,"(214, 96, 77)",24,39
2440,2440,-1.5454545454545454,-0.5757575757575757,3.1653,-3.3425,0,"(214, 96, 77)",24,40
2441,2441,-1.5454545454545454,-0.5151515151515151,3.1653,-3.3425,0,"(214, 96, 77)",24,41
2442,2442,-1.5454545454545454,-0.4545454545454546,3.1653,-3.3425,0,"(214, 96, 77)",24,42
2443,2443,-1.5454545454545454,-0.393939393939394,3.1653,-3.3425,0,"(214, 96, 77)",24,43
2444,2444,-1.5454545454545454,-0.333333333333333,3.1653,-3.3425,0,"(214, 96, 77)",24,44
2445,2445,-1.5454545454545454,-0.2727272727272725,3.1653,-3.3425,0,"(214, 96, 77)",24,45
2446,2446,-1.5454545454545454,-0.2121212121212119,3.1653,-3.3425,0,"(214, 96, 77)",24,46
2447,2447,-1.5454545454545454,-0.1515151515151513,3.1653,-3.3425,0,"(214, 96, 77)",24,47
2448,2448,-1.5454545454545454,-0.0909090909090908,3.1653,-3.3425,0,"(214, 96, 77)",24,48
2449,2449,-1.5454545454545454,-0.0303030303030302,-3.2367,-3.3422,3,"(67, 147, 195)",24,49
2450,2450,-1.5454545454545454,0.0303030303030302,-3.2367,3.3422,1,"(253, 219, 199)",24,50
2451,2451,-1.5454545454545454,0.0909090909090908,3.1653,3.3425,2,"(209, 229, 240)",24,51
2452,2452,-1.5454545454545454,0.1515151515151513,3.1653,3.3425,2,"(209, 229, 240)",24,52
2453,2453,-1.5454545454545454,0.2121212121212123,3.1653,3.3425,2,"(209, 229, 240)",24,53
2454,2454,-1.5454545454545454,0.2727272727272729,3.1653,3.3425,2,"(209, 229, 240)",24,54
2455,2455,-1.5454545454545454,0.3333333333333335,3.1653,3.3425,2,"(209, 229, 240)",24,55
2456,2456,-1.5454545454545454,0.393939393939394,3.1653,3.3425,2,"(209, 229, 240)",24,56
2457,2457,-1.5454545454545454,0.4545454545454546,3.1653,3.3425,2,"(209, 229, 240)",24,57
2458,2458,-1.5454545454545454,0.5151515151515151,3.1653,3.3425,2,"(209, 229, 240)",24,58
2459,2459,-1.5454545454545454,0.5757575757575757,3.1653,3.3425,2,"(209, 229, 240)",24,59
2460,2460,-1.5454545454545454,0.6363636363636367,3.1653,3.3425,2,"(209, 229, 240)",24,60
2461,2461,-1.5454545454545454,0.6969696969696972,3.1653,3.3425,2,"(209, 229, 240)",24,61
2462,2462,-1.5454545454545454,0.7575757575757578,3.1653,3.3425,2,"(209, 229, 240)",24,62
2463,2463,-1.5454545454545454,0.8181818181818183,3.1653,3.3425,2,"(209, 229, 240)",24,63
2464,2464,-1.5454545454545454,0.8787878787878789,3.1653,3.3425,2,"(209, 229, 240)",24,64
2465,2465,-1.5454545454545454,0.9393939393939394,-3.2367,3.3422,1,"(253, 219, 199)",24,65
2466,2466,-1.5454545454545454,1.0,-3.2367,-3.3422,3,"(67, 147, 195)",24,66
2467,2467,-1.5454545454545454,1.0606060606060606,-3.2367,-3.3422,3,"(67, 147, 195)",24,67
2468,2468,-1.5454545454545454,1.121212121212121,-3.2367,3.3422,1,"(253, 219, 199)",24,68
2469,2469,-1.5454545454545454,1.1818181818181817,-3.2367,3.3422,1,"(253, 219, 199)",24,69
2470,2470,-1.5454545454545454,1.2424242424242422,-3.2367,3.3422,1,"(253, 219, 199)",24,70
2471,2471,-1.5454545454545454,1.3030303030303028,-3.2367,3.3422,1,"(253, 219, 199)",24,71
2472,2472,-1.5454545454545454,1.363636363636363,-3.2367,3.3422,1,"(253, 219, 199)",24,72
2473,2473,-1.5454545454545454,1.4242424242424248,-3.2367,3.3422,1,"(253, 219, 199)",24,73
2474,2474,-1.5454545454545454,1.4848484848484853,-3.2367,3.3422,1,"(253, 219, 199)",24,74
2475,2475,-1.5454545454545454,1.545454545454546,-3.2367,3.3422,1,"(253, 219, 199)",24,75
2476,2476,-1.5454545454545454,1.6060606060606064,-3.2367,3.3422,1,"(253, 219, 199)",24,76
2477,2477,-1.5454545454545454,1.666666666666667,-3.2367,3.3422,1,"(253, 219, 199)",24,77
2478,2478,-1.5454545454545454,1.7272727272727275,-3.2367,3.3422,1,"(253, 219, 199)",24,78
2479,2479,-1.5454545454545454,1.787878787878788,-3.2367,3.3422,1,"(253, 219, 199)",24,79
2480,2480,-1.5454545454545454,1.8484848484848488,-3.2367,3.3422,1,"(253, 219, 199)",24,80
2481,2481,-1.5454545454545454,1.9090909090909087,-3.2367,3.3422,1,"(253, 219, 199)",24,81
2482,2482,-1.5454545454545454,1.9696969696969695,-3.2367,3.3422,1,"(253, 219, 199)",24,82
2483,2483,-1.5454545454545454,2.0303030303030303,-3.2367,3.3422,1,"(253, 219, 199)",24,83
2484,2484,-1.5454545454545454,2.090909090909091,-3.2367,3.3422,1,"(253, 219, 199)",24,84
2485,2485,-1.5454545454545454,2.1515151515151514,-3.2367,3.3422,1,"(253, 219, 199)",24,85
2486,2486,-1.5454545454545454,2.212121212121212,-3.2367,3.3422,1,"(253, 219, 199)",24,86
2487,2487,-1.5454545454545454,2.2727272727272725,-3.2367,3.3422,1,"(253, 219, 199)",24,87
2488,2488,-1.5454545454545454,2.333333333333334,-3.2367,3.3422,1,"(253, 219, 199)",24,88
2489,2489,-1.5454545454545454,2.3939393939393945,-3.2367,3.3422,1,"(253, 219, 199)",24,89
2490,2490,-1.5454545454545454,2.454545454545455,-3.2367,3.3422,1,"(253, 219, 199)",24,90
2491,2491,-1.5454545454545454,2.515151515151516,-3.2367,3.3422,1,"(253, 219, 199)",24,91
2492,2492,-1.5454545454545454,2.575757575757576,-3.2367,3.3422,1,"(253, 219, 199)",24,92
2493,2493,-1.5454545454545454,2.6363636363636367,-3.2367,3.3422,1,"(253, 219, 199)",24,93
2494,2494,-1.5454545454545454,2.696969696969697,-3.2367,3.3422,1,"(253, 219, 199)",24,94
2495,2495,-1.5454545454545454,2.757575757575758,-3.2367,3.3422,1,"(253, 219, 199)",24,95
2496,2496,-1.5454545454545454,2.8181818181818183,-3.2367,3.3422,1,"(253, 219, 199)",24,96
2497,2497,-1.5454545454545454,2.878787878787879,-3.2367,3.3422,1,"(253, 219, 199)",24,97
2498,2498,-1.5454545454545454,2.9393939393939394,-3.2367,3.3422,1,"(253, 219, 199)",24,98
2499,2499,-1.5454545454545454,3.0,-3.2367,3.3422,1,"(253, 219, 199)",24,99
2500,2500,-1.4848484848484849,-3.0,-3.2367,-3.3422,3,"(67, 147, 195)",25,0
2501,2501,-1.4848484848484849,-2.9393939393939394,-3.2367,-3.3422,3,"(67, 147, 195)",25,1
2502,2502,-1.4848484848484849,-2.878787878787879,-3.2367,-3.3422,3,"(67, 147, 195)",25,2
2503,2503,-1.4848484848484849,-2.8181818181818183,-3.2367,-3.3422,3,"(67, 147, 195)",25,3
2504,2504,-1.4848484848484849,-2.757575757575758,-3.2367,-3.3422,3,"(67, 147, 195)",25,4
2505,2505,-1.4848484848484849,-2.696969696969697,-3.2367,-3.3422,3,"(67, 147, 195)",25,5
2506,2506,-1.4848484848484849,-2.636363636363636,-3.2367,-3.3422,3,"(67, 147, 195)",25,6
2507,2507,-1.4848484848484849,-2.575757575757576,-3.2367,-3.3422,3,"(67, 147, 195)",25,7
2508,2508,-1.4848484848484849,-2.515151515151515,-3.2367,-3.3422,3,"(67, 147, 195)",25,8
2509,2509,-1.4848484848484849,-2.4545454545454546,-3.2367,-3.3422,3,"(67, 147, 195)",25,9
2510,2510,-1.4848484848484849,-2.393939393939394,-3.2367,-3.3422,3,"(67, 147, 195)",25,10
2511,2511,-1.4848484848484849,-2.333333333333333,-3.2367,-3.3422,3,"(67, 147, 195)",25,11
2512,2512,-1.4848484848484849,-2.2727272727272725,-3.2367,-3.3422,3,"(67, 147, 195)",25,12
2513,2513,-1.4848484848484849,-2.212121212121212,-3.2367,-3.3422,3,"(67, 147, 195)",25,13
2514,2514,-1.4848484848484849,-2.1515151515151514,-3.2367,-3.3422,3,"(67, 147, 195)",25,14
2515,2515,-1.4848484848484849,-2.090909090909091,-3.2367,-3.3422,3,"(67, 147, 195)",25,15
2516,2516,-1.4848484848484849,-2.0303030303030303,-3.2367,-3.3422,3,"(67, 147, 195)",25,16
2517,2517,-1.4848484848484849,-1.9696969696969695,-3.2367,-3.3422,3,"(67, 147, 195)",25,17
2518,2518,-1.4848484848484849,-1.9090909090909087,-3.2367,-3.3422,3,"(67, 147, 195)",25,18
2519,2519,-1.4848484848484849,-1.8484848484848484,-3.2367,-3.3422,3,"(67, 147, 195)",25,19
2520,2520,-1.4848484848484849,-1.7878787878787878,-3.2367,-3.3422,3,"(67, 147, 195)",25,20
2521,2521,-1.4848484848484849,-1.7272727272727273,-3.2367,-3.3422,3,"(67, 147, 195)",25,21
2522,2522,-1.4848484848484849,-1.6666666666666663,-3.2367,-3.3422,3,"(67, 147, 195)",25,22
2523,2523,-1.4848484848484849,-1.606060606060606,-3.2367,-3.3422,3,"(67, 147, 195)",25,23
2524,2524,-1.4848484848484849,-1.5454545454545454,-3.2367,-3.3422,3,"(67, 147, 195)",25,24
2525,2525,-1.4848484848484849,-1.4848484848484849,-3.2367,-3.3422,3,"(67, 147, 195)",25,25
2526,2526,-1.4848484848484849,-1.4242424242424243,-3.2367,-3.3422,3,"(67, 147, 195)",25,26
2527,2527,-1.4848484848484849,-1.3636363636363635,-3.2367,-3.3422,3,"(67, 147, 195)",25,27
2528,2528,-1.4848484848484849,-1.303030303030303,-3.2367,-3.3422,3,"(67, 147, 195)",25,28
2529,2529,-1.4848484848484849,-1.2424242424242424,-3.2367,-3.3422,3,"(67, 147, 195)",25,29
2530,2530,-1.4848484848484849,-1.1818181818181817,-3.2367,-3.3422,3,"(67, 147, 195)",25,30
2531,2531,-1.4848484848484849,-1.121212121212121,-3.2367,-3.3422,3,"(67, 147, 195)",25,31
2532,2532,-1.4848484848484849,-1.0606060606060606,-3.2367,3.3422,1,"(253, 219, 199)",25,32
2533,2533,-1.4848484848484849,-1.0,-3.2367,-3.3422,3,"(67, 147, 195)",25,33
2534,2534,-1.4848484848484849,-0.9393939393939394,3.1653,-3.3425,0,"(214, 96, 77)",25,34
2535,2535,-1.4848484848484849,-0.8787878787878789,3.1653,-3.3425,0,"(214, 96, 77)",25,35
2536,2536,-1.4848484848484849,-0.8181818181818183,3.1653,-3.3425,0,"(214, 96, 77)",25,36
2537,2537,-1.4848484848484849,-0.7575757575757573,3.1653,-3.3425,0,"(214, 96, 77)",25,37
2538,2538,-1.4848484848484849,-0.6969696969696968,3.1653,-3.3425,0,"(214, 96, 77)",25,38
2539,2539,-1.4848484848484849,-0.6363636363636362,3.1653,-3.3425,0,"(214, 96, 77)",25,39
2540,2540,-1.4848484848484849,-0.5757575757575757,3.1653,-3.3425,0,"(214, 96, 77)",25,40
2541,2541,-1.4848484848484849,-0.5151515151515151,3.1653,-3.3425,0,"(214, 96, 77)",25,41
2542,2542,-1.4848484848484849,-0.4545454545454546,3.1653,-3.3425,0,"(214, 96, 77)",25,42
2543,2543,-1.4848484848484849,-0.393939393939394,3.1653,-3.3425,0,"(214, 96, 77)",25,43
2544,2544,-1.4848484848484849,-0.333333333333333,3.1653,-3.3425,0,"(214, 96, 77)",25,44
2545,2545,-1.4848484848484849,-0.2727272727272725,3.1653,-3.3425,0,"(214, 96, 77)",25,45
2546,2546,-1.4848484848484849,-0.2121212121212119,3.1653,-3.3425,0,"(214, 96, 77)",25,46
2547,2547,-1.4848484848484849,-0.1515151515151513,3.1653,-3.3425,0,"(214, 96, 77)",25,47
2548,2548,-1.4848484848484849,-0.0909090909090908,3.1653,-3.3425,0,"(214, 96, 77)",25,48
2549,2549,-1.4848484848484849,-0.0303030303030302,3.1653,3.3425,2,"(209, 229, 240)",25,49
2550,2550,-1.4848484848484849,0.0303030303030302,3.1653,-3.3425,0,"(214, 96, 77)",25,50
2551,2551,-1.4848484848484849,0.0909090909090908,3.1653,3.3425,2,"(209, 229, 240)",25,51
2552,2552,-1.4848484848484849,0.1515151515151513,3.1653,3.3425,2,"(209, 229, 240)",25,52
2553,2553,-1.4848484848484849,0.2121212121212123,3.1653,3.3425,2,"(209, 229, 240)",25,53
2554,2554,-1.4848484848484849,0.2727272727272729,3.1653,3.3425,2,"(209, 229, 240)",25,54
2555,2555,-1.4848484848484849,0.3333333333333335,3.1653,3.3425,2,"(209, 229, 240)",25,55
2556,2556,-1.4848484848484849,0.393939393939394,3.1653,3.3425,2,"(209, 229, 240)",25,56
2557,2557,-1.4848484848484849,0.4545454545454546,3.1653,3.3425,2,"(209, 229, 240)",25,57
2558,2558,-1.4848484848484849,0.5151515151515151,3.1653,3.3425,2,"(209, 229, 240)",25,58
2559,2559,-1.4848484848484849,0.5757575757575757,3.1653,3.3425,2,"(209, 229, 240)",25,59
2560,2560,-1.4848484848484849,0.6363636363636367,3.1653,3.3425,2,"(209, 229, 240)",25,60
2561,2561,-1.4848484848484849,0.6969696969696972,3.1653,3.3425,2,"(209, 229, 240)",25,61
2562,2562,-1.4848484848484849,0.7575757575757578,3.1653,3.3425,2,"(209, 229, 240)",25,62
2563,2563,-1.4848484848484849,0.8181818181818183,3.1653,3.3425,2,"(209, 229, 240)",25,63
2564,2564,-1.4848484848484849,0.8787878787878789,3.1653,3.3425,2,"(209, 229, 240)",25,64
2565,2565,-1.4848484848484849,0.9393939393939394,3.1653,3.3425,2,"(209, 229, 240)",25,65
2566,2566,-1.4848484848484849,1.0,-3.2367,3.3422,1,"(253, 219, 199)",25,66
2567,2567,-1.4848484848484849,1.0606060606060606,-3.2367,-3.3422,3,"(67, 147, 195)",25,67
2568,2568,-1.4848484848484849,1.121212121212121,-3.2367,3.3422,1,"(253, 219, 199)",25,68
2569,2569,-1.4848484848484849,1.1818181818181817,-3.2367,3.3422,1,"(253, 219, 199)",25,69
2570,2570,-1.4848484848484849,1.2424242424242422,-3.2367,3.3422,1,"(253, 219, 199)",25,70
2571,2571,-1.4848484848484849,1.3030303030303028,-3.2367,3.3422,1,"(253, 219, 199)",25,71
2572,2572,-1.4848484848484849,1.363636363636363,-3.2367,3.3422,1,"(253, 219, 199)",25,72
2573,2573,-1.4848484848484849,1.4242424242424248,-3.2367,3.3422,1,"(253, 219, 199)",25,73
2574,2574,-1.4848484848484849,1.4848484848484853,-3.2367,3.3422,1,"(253, 219, 199)",25,74
2575,2575,-1.4848484848484849,1.545454545454546,-3.2367,3.3422,1,"(253, 219, 199)",25,75
2576,2576,-1.4848484848484849,1.6060606060606064,-3.2367,3.3422,1,"(253, 219, 199)",25,76
2577,2577,-1.4848484848484849,1.666666666666667,-3.2367,3.3422,1,"(253, 219, 199)",25,77
2578,2578,-1.4848484848484849,1.7272727272727275,-3.2367,3.3422,1,"(253, 219, 199)",25,78
2579,2579,-1.4848484848484849,1.787878787878788,-3.2367,3.3422,1,"(253, 219, 199)",25,79
2580,2580,-1.4848484848484849,1.8484848484848488,-3.2367,3.3422,1,"(253, 219, 199)",25,80
2581,2581,-1.4848484848484849,1.9090909090909087,-3.2367,3.3422,1,"(253, 219, 199)",25,81
2582,2582,-1.4848484848484849,1.9696969696969695,-3.2367,3.3422,1,"(253, 219, 199)",25,82
2583,2583,-1.4848484848484849,2.0303030303030303,-3.2367,3.3422,1,"(253, 219, 199)",25,83
2584,2584,-1.4848484848484849,2.090909090909091,-3.2367,3.3422,1,"(253, 219, 199)",25,84
2585,2585,-1.4848484848484849,2.1515151515151514,-3.2367,3.3422,1,"(253, 219, 199)",25,85
2586,2586,-1.4848484848484849,2.212121212121212,-3.2367,3.3422,1,"(253, 219, 199)",25,86
2587,2587,-1.4848484848484849,2.2727272727272725,-3.2367,3.3422,1,"(253, 219, 199)",25,87
2588,2588,-1.4848484848484849,2.333333333333334,-3.2367,3.3422,1,"(253, 219, 199)",25,88
2589,2589,-1.4848484848484849,2.3939393939393945,-3.2367,3.3422,1,"(253, 219, 199)",25,89
2590,2590,-1.4848484848484849,2.454545454545455,-3.2367,3.3422,1,"(253, 219, 199)",25,90
2591,2591,-1.4848484848484849,2.515151515151516,-3.2367,3.3422,1,"(253, 219, 199)",25,91
2592,2592,-1.4848484848484849,2.575757575757576,-3.2367,3.3422,1,"(253, 219, 199)",25,92
2593,2593,-1.4848484848484849,2.6363636363636367,-3.2367,3.3422,1,"(253, 219, 199)",25,93
2594,2594,-1.4848484848484849,2.696969696969697,-3.2367,3.3422,1,"(253, 219, 199)",25,94
2595,2595,-1.4848484848484849,2.757575757575758,-3.2367,3.3422,1,"(253, 219, 199)",25,95
2596,2596,-1.4848484848484849,2.8181818181818183,-3.2367,3.3422,1,"(253, 219, 199)",25,96
2597,2597,-1.4848484848484849,2.878787878787879,-3.2367,3.3422,1,"(253, 219, 199)",25,97
2598,2598,-1.4848484848484849,2.9393939393939394,-3.2367,3.3422,1,"(253, 219, 199)",25,98
2599,2599,-1.4848484848484849,3.0,-3.2367,3.3422,1,"(253, 219, 199)",25,99
2600,2600,-1.4242424242424243,-3.0,-3.2367,-3.3422,3,"(67, 147, 195)",26,0
2601,2601,-1.4242424242424243,-2.9393939393939394,-3.2367,-3.3422,3,"(67, 147, 195)",26,1
2602,2602,-1.4242424242424243,-2.878787878787879,-3.2367,-3.3422,3,"(67, 147, 195)",26,2
2603,2603,-1.4242424242424243,-2.8181818181818183,-3.2367,-3.3422,3,"(67, 147, 195)",26,3
2604,2604,-1.4242424242424243,-2.757575757575758,-3.2367,-3.3422,3,"(67, 147, 195)",26,4
2605,2605,-1.4242424242424243,-2.696969696969697,-3.2367,-3.3422,3,"(67, 147, 195)",26,5
2606,2606,-1.4242424242424243,-2.636363636363636,-3.2367,-3.3422,3,"(67, 147, 195)",26,6
2607,2607,-1.4242424242424243,-2.575757575757576,-3.2367,-3.3422,3,"(67, 147, 195)",26,7
2608,2608,-1.4242424242424243,-2.515151515151515,-3.2367,-3.3422,3,"(67, 147, 195)",26,8
2609,2609,-1.4242424242424243,-2.4545454545454546,-3.2367,-3.3422,3,"(67, 147, 195)",26,9
2610,2610,-1.4242424242424243,-2.393939393939394,-3.2367,-3.3422,3,"(67, 147, 195)",26,10
2611,2611,-1.4242424242424243,-2.333333333333333,-3.2367,-3.3422,3,"(67, 147, 195)",26,11
2612,2612,-1.4242424242424243,-2.2727272727272725,-3.2367,-3.3422,3,"(67, 147, 195)",26,12
2613,2613,-1.4242424242424243,-2.212121212121212,-3.2367,-3.3422,3,"(67, 147, 195)",26,13
2614,2614,-1.4242424242424243,-2.1515151515151514,-3.2367,-3.3422,3,"(67, 147, 195)",26,14
2615,2615,-1.4242424242424243,-2.090909090909091,-3.2367,-3.3422,3,"(67, 147, 195)",26,15
2616,2616,-1.4242424242424243,-2.0303030303030303,-3.2367,-3.3422,3,"(67, 147, 195)",26,16
2617,2617,-1.4242424242424243,-1.9696969696969695,-3.2367,-3.3422,3,"(67, 147, 195)",26,17
2618,2618,-1.4242424242424243,-1.9090909090909087,-3.2367,-3.3422,3,"(67, 147, 195)",26,18
2619,2619,-1.4242424242424243,-1.8484848484848484,-3.2367,-3.3422,3,"(67, 147, 195)",26,19
2620,2620,-1.4242424242424243,-1.7878787878787878,-3.2367,-3.3422,3,"(67, 147, 195)",26,20
2621,2621,-1.4242424242424243,-1.7272727272727273,-3.2367,-3.3422,3,"(67, 147, 195)",26,21
2622,2622,-1.4242424242424243,-1.6666666666666663,-3.2367,-3.3422,3,"(67, 147, 195)",26,22
2623,2623,-1.4242424242424243,-1.606060606060606,-3.2367,-3.3422,3,"(67, 147, 195)",26,23
2624,2624,-1.4242424242424243,-1.5454545454545454,-3.2367,-3.3422,3,"(67, 147, 195)",26,24
2625,2625,-1.4242424242424243,-1.4848484848484849,-3.2367,-3.3422,3,"(67, 147, 195)",26,25
2626,2626,-1.4242424242424243,-1.4242424242424243,-3.2367,-3.3422,3,"(67, 147, 195)",26,26
2627,2627,-1.4242424242424243,-1.3636363636363635,-3.2367,-3.3422,3,"(67, 147, 195)",26,27
2628,2628,-1.4242424242424243,-1.303030303030303,-3.2367,-3.3422,3,"(67, 147, 195)",26,28
2629,2629,-1.4242424242424243,-1.2424242424242424,-3.2367,-3.3422,3,"(67, 147, 195)",26,29
2630,2630,-1.4242424242424243,-1.1818181818181817,-3.2367,-3.3422,3,"(67, 147, 195)",26,30
2631,2631,-1.4242424242424243,-1.121212121212121,-3.2367,-3.3422,3,"(67, 147, 195)",26,31
2632,2632,-1.4242424242424243,-1.0606060606060606,-3.2367,-3.3422,3,"(67, 147, 195)",26,32
2633,2633,-1.4242424242424243,-1.0,3.1653,3.3425,2,"(209, 229, 240)",26,33
2634,2634,-1.4242424242424243,-0.9393939393939394,3.1653,3.3425,2,"(209, 229, 240)",26,34
2635,2635,-1.4242424242424243,-0.8787878787878789,-3.2367,3.3422,1,"(253, 219, 199)",26,35
2636,2636,-1.4242424242424243,-0.8181818181818183,3.1653,-3.3425,0,"(214, 96, 77)",26,36
2637,2637,-1.4242424242424243,-0.7575757575757573,3.1653,-3.3425,0,"(214, 96, 77)",26,37
2638,2638,-1.4242424242424243,-0.6969696969696968,3.1653,-3.3425,0,"(214, 96, 77)",26,38
2639,2639,-1.4242424242424243,-0.6363636363636362,3.1653,-3.3425,0,"(214, 96, 77)",26,39
2640,2640,-1.4242424242424243,-0.5757575757575757,3.1653,-3.3425,0,"(214, 96, 77)",26,40
2641,2641,-1.4242424242424243,-0.5151515151515151,3.1653,-3.3425,0,"(214, 96, 77)",26,41
2642,2642,-1.4242424242424243,-0.4545454545454546,3.1653,-3.3425,0,"(214, 96, 77)",26,42
2643,2643,-1.4242424242424243,-0.393939393939394,3.1653,-3.3425,0,"(214, 96, 77)",26,43
2644,2644,-1.4242424242424243,-0.333333333333333,3.1653,-3.3425,0,"(214, 96, 77)",26,44
2645,2645,-1.4242424242424243,-0.2727272727272725,3.1653,-3.3425,0,"(214, 96, 77)",26,45
2646,2646,-1.4242424242424243,-0.2121212121212119,3.1653,-3.3425,0,"(214, 96, 77)",26,46
2647,2647,-1.4242424242424243,-0.1515151515151513,3.1653,-3.3425,0,"(214, 96, 77)",26,47
2648,2648,-1.4242424242424243,-0.0909090909090908,3.1653,-3.3425,0,"(214, 96, 77)",26,48
2649,2649,-1.4242424242424243,-0.0303030303030302,-3.2367,-3.3422,3,"(67, 147, 195)",26,49
2650,2650,-1.4242424242424243,0.0303030303030302,-3.2367,3.3422,1,"(253, 219, 199)",26,50
2651,2651,-1.4242424242424243,0.0909090909090908,3.1653,3.3425,2,"(209, 229, 240)",26,51
2652,2652,-1.4242424242424243,0.1515151515151513,3.1653,3.3425,2,"(209, 229, 240)",26,52
2653,2653,-1.4242424242424243,0.2121212121212123,3.1653,3.3425,2,"(209, 229, 240)",26,53
2654,2654,-1.4242424242424243,0.2727272727272729,3.1653,3.3425,2,"(209, 229, 240)",26,54
2655,2655,-1.4242424242424243,0.3333333333333335,3.1653,3.3425,2,"(209, 229, 240)",26,55
2656,2656,-1.4242424242424243,0.393939393939394,3.1653,3.3425,2,"(209, 229, 240)",26,56
2657,2657,-1.4242424242424243,0.4545454545454546,3.1653,3.3425,2,"(209, 229, 240)",26,57
2658,2658,-1.4242424242424243,0.5151515151515151,3.1653,3.3425,2,"(209, 229, 240)",26,58
2659,2659,-1.4242424242424243,0.5757575757575757,3.1653,3.3425,2,"(209, 229, 240)",26,59
2660,2660,-1.4242424242424243,0.6363636363636367,3.1653,3.3425,2,"(209, 229, 240)",26,60
2661,2661,-1.4242424242424243,0.6969696969696972,3.1653,3.3425,2,"(209, 229, 240)",26,61
2662,2662,-1.4242424242424243,0.7575757575757578,3.1653,3.3425,2,"(209, 229, 240)",26,62
2663,2663,-1.4242424242424243,0.8181818181818183,3.1653,3.3425,2,"(209, 229, 240)",26,63
2664,2664,-1.4242424242424243,0.8787878787878789,-3.2367,-3.3422,3,"(67, 147, 195)",26,64
2665,2665,-1.4242424242424243,0.9393939393939394,3.1653,-3.3425,0,"(214, 96, 77)",26,65
2666,2666,-1.4242424242424243,1.0,3.1653,-3.3425,0,"(214, 96, 77)",26,66
2667,2667,-1.4242424242424243,1.0606060606060606,-3.2367,3.3422,1,"(253, 219, 199)",26,67
2668,2668,-1.4242424242424243,1.121212121212121,-3.2367,3.3422,1,"(253, 219, 199)",26,68
2669,2669,-1.4242424242424243,1.1818181818181817,-3.2367,3.3422,1,"(253, 219, 199)",26,69
2670,2670,-1.4242424242424243,1.2424242424242422,-3.2367,3.3422,1,"(253, 219, 199)",26,70
2671,2671,-1.4242424242424243,1.3030303030303028,-3.2367,3.3422,1,"(253, 219, 199)",26,71
2672,2672,-1.4242424242424243,1.363636363636363,-3.2367,3.3422,1,"(253, 219, 199)",26,72
2673,2673,-1.4242424242424243,1.4242424242424248,-3.2367,3.3422,1,"(253, 219, 199)",26,73
2674,2674,-1.4242424242424243,1.4848484848484853,-3.2367,3.3422,1,"(253, 219, 199)",26,74
2675,2675,-1.4242424242424243,1.545454545454546,-3.2367,3.3422,1,"(253, 219, 199)",26,75
2676,2676,-1.4242424242424243,1.6060606060606064,-3.2367,3.3422,1,"(253, 219, 199)",26,76
2677,2677,-1.4242424242424243,1.666666666666667,-3.2367,3.3422,1,"(253, 219, 199)",26,77
2678,2678,-1.4242424242424243,1.7272727272727275,-3.2367,3.3422,1,"(253, 219, 199)",26,78
2679,2679,-1.4242424242424243,1.787878787878788,-3.2367,3.3422,1,"(253, 219, 199)",26,79
2680,2680,-1.4242424242424243,1.8484848484848488,-3.2367,3.3422,1,"(253, 219, 199)",26,80
2681,2681,-1.4242424242424243,1.9090909090909087,-3.2367,3.3422,1,"(253, 219, 199)",26,81
2682,2682,-1.4242424242424243,1.9696969696969695,-3.2367,3.3422,1,"(253, 219, 199)",26,82
2683,2683,-1.4242424242424243,2.0303030303030303,-3.2367,3.3422,1,"(253, 219, 199)",26,83
2684,2684,-1.4242424242424243,2.090909090909091,-3.2367,3.3422,1,"(253, 219, 199)",26,84
2685,2685,-1.4242424242424243,2.1515151515151514,-3.2367,3.3422,1,"(253, 219, 199)",26,85
2686,2686,-1.4242424242424243,2.212121212121212,-3.2367,3.3422,1,"(253, 219, 199)",26,86
2687,2687,-1.4242424242424243,2.2727272727272725,-3.2367,3.3422,1,"(253, 219, 199)",26,87
2688,2688,-1.4242424242424243,2.333333333333334,-3.2367,3.3422,1,"(253, 219, 199)",26,88
2689,2689,-1.4242424242424243,2.3939393939393945,-3.2367,3.3422,1,"(253, 219, 199)",26,89
2690,2690,-1.4242424242424243,2.454545454545455,-3.2367,3.3422,1,"(253, 219, 199)",26,90
2691,2691,-1.4242424242424243,2.515151515151516,-3.2367,3.3422,1,"(253, 219, 199)",26,91
2692,2692,-1.4242424242424243,2.575757575757576,-3.2367,3.3422,1,"(253, 219, 199)",26,92
2693,2693,-1.4242424242424243,2.6363636363636367,-3.2367,3.3422,1,"(253, 219, 199)",26,93
2694,2694,-1.4242424242424243,2.696969696969697,-3.2367,3.3422,1,"(253, 219, 199)",26,94
2695,2695,-1.4242424242424243,2.757575757575758,-3.2367,3.3422,1,"(253, 219, 199)",26,95
2696,2696,-1.4242424242424243,2.8181818181818183,-3.2367,3.3422,1,"(253, 219, 199)",26,96
2697,2697,-1.4242424242424243,2.878787878787879,-3.2367,3.3422,1,"(253, 219, 199)",26,97
2698,2698,-1.4242424242424243,2.9393939393939394,-3.2367,3.3422,1,"(253, 219, 199)",26,98
2699,2699,-1.4242424242424243,3.0,-3.2367,3.3422,1,"(253, 219, 199)",26,99
2700,2700,-1.3636363636363635,-3.0,-3.2367,-3.3422,3,"(67, 147, 195)",27,0
2701,2701,-1.3636363636363635,-2.9393939393939394,-3.2367,-3.3422,3,"(67, 147, 195)",27,1
2702,2702,-1.3636363636363635,-2.878787878787879,-3.2367,-3.3422,3,"(67, 147, 195)",27,2
2703,2703,-1.3636363636363635,-2.8181818181818183,-3.2367,-3.3422,3,"(67, 147, 195)",27,3
2704,2704,-1.3636363636363635,-2.757575757575758,-3.2367,-3.3422,3,"(67, 147, 195)",27,4
2705,2705,-1.3636363636363635,-2.696969696969697,-3.2367,-3.3422,3,"(67, 147, 195)",27,5
2706,2706,-1.3636363636363635,-2.636363636363636,-3.2367,-3.3422,3,"(67, 147, 195)",27,6
2707,2707,-1.3636363636363635,-2.575757575757576,-3.2367,-3.3422,3,"(67, 147, 195)",27,7
2708,2708,-1.3636363636363635,-2.515151515151515,-3.2367,-3.3422,3,"(67, 147, 195)",27,8
2709,2709,-1.3636363636363635,-2.4545454545454546,-3.2367,-3.3422,3,"(67, 147, 195)",27,9
2710,2710,-1.3636363636363635,-2.393939393939394,-3.2367,-3.3422,3,"(67, 147, 195)",27,10
2711,2711,-1.3636363636363635,-2.333333333333333,-3.2367,-3.3422,3,"(67, 147, 195)",27,11
2712,2712,-1.3636363636363635,-2.2727272727272725,-3.2367,-3.3422,3,"(67, 147, 195)",27,12
2713,2713,-1.3636363636363635,-2.212121212121212,-3.2367,-3.3422,3,"(67, 147, 195)",27,13
2714,2714,-1.3636363636363635,-2.1515151515151514,-3.2367,-3.3422,3,"(67, 147, 195)",27,14
2715,2715,-1.3636363636363635,-2.090909090909091,-3.2367,-3.3422,3,"(67, 147, 195)",27,15
2716,2716,-1.3636363636363635,-2.0303030303030303,-3.2367,-3.3422,3,"(67, 147, 195)",27,16
2717,2717,-1.3636363636363635,-1.9696969696969695,-3.2367,-3.3422,3,"(67, 147, 195)",27,17
2718,2718,-1.3636363636363635,-1.9090909090909087,-3.2367,-3.3422,3,"(67, 147, 195)",27,18
2719,2719,-1.3636363636363635,-1.8484848484848484,-3.2367,-3.3422,3,"(67, 147, 195)",27,19
2720,2720,-1.3636363636363635,-1.7878787878787878,-3.2367,-3.3422,3,"(67, 147, 195)",27,20
2721,2721,-1.3636363636363635,-1.7272727272727273,-3.2367,-3.3422,3,"(67, 147, 195)",27,21
2722,2722,-1.3636363636363635,-1.6666666666666663,-3.2367,-3.3422,3,"(67, 147, 195)",27,22
2723,2723,-1.3636363636363635,-1.606060606060606,-3.2367,-3.3422,3,"(67, 147, 195)",27,23
2724,2724,-1.3636363636363635,-1.5454545454545454,-3.2367,-3.3422,3,"(67, 147, 195)",27,24
2725,2725,-1.3636363636363635,-1.4848484848484849,-3.2367,-3.3422,3,"(67, 147, 195)",27,25
2726,2726,-1.3636363636363635,-1.4242424242424243,-3.2367,-3.3422,3,"(67, 147, 195)",27,26
2727,2727,-1.3636363636363635,-1.3636363636363635,-3.2367,-3.3422,3,"(67, 147, 195)",27,27
2728,2728,-1.3636363636363635,-1.303030303030303,-3.2367,-3.3422,3,"(67, 147, 195)",27,28
2729,2729,-1.3636363636363635,-1.2424242424242424,-3.2367,-3.3422,3,"(67, 147, 195)",27,29
2730,2730,-1.3636363636363635,-1.1818181818181817,-3.2367,-3.3422,3,"(67, 147, 195)",27,30
2731,2731,-1.3636363636363635,-1.121212121212121,-3.2367,-3.3422,3,"(67, 147, 195)",27,31
2732,2732,-1.3636363636363635,-1.0606060606060606,-3.2367,-3.3422,3,"(67, 147, 195)",27,32
2733,2733,-1.3636363636363635,-1.0,3.1653,-3.3425,0,"(214, 96, 77)",27,33
2734,2734,-1.3636363636363635,-0.9393939393939394,-3.2367,3.3422,1,"(253, 219, 199)",27,34
2735,2735,-1.3636363636363635,-0.8787878787878789,-3.2367,-3.3422,3,"(67, 147, 195)",27,35
2736,2736,-1.3636363636363635,-0.8181818181818183,3.1653,-3.3425,0,"(214, 96, 77)",27,36
2737,2737,-1.3636363636363635,-0.7575757575757573,3.1653,-3.3425,0,"(214, 96, 77)",27,37
2738,2738,-1.3636363636363635,-0.6969696969696968,3.1653,-3.3425,0,"(214, 96, 77)",27,38
2739,2739,-1.3636363636363635,-0.6363636363636362,3.1653,-3.3425,0,"(214, 96, 77)",27,39
2740,2740,-1.3636363636363635,-0.5757575757575757,3.1653,-3.3425,0,"(214, 96, 77)",27,40
2741,2741,-1.3636363636363635,-0.5151515151515151,3.1653,-3.3425,0,"(214, 96, 77)",27,41
2742,2742,-1.3636363636363635,-0.4545454545454546,3.1653,-3.3425,0,"(214, 96, 77)",27,42
2743,2743,-1.3636363636363635,-0.393939393939394,3.1653,-3.3425,0,"(214, 96, 77)",27,43
2744,2744,-1.3636363636363635,-0.333333333333333,3.1653,-3.3425,0,"(214, 96, 77)",27,44
2745,2745,-1.3636363636363635,-0.2727272727272725,3.1653,-3.3425,0,"(214, 96, 77)",27,45
2746,2746,-1.3636363636363635,-0.2121212121212119,3.1653,-3.3425,0,"(214, 96, 77)",27,46
2747,2747,-1.3636363636363635,-0.1515151515151513,3.1653,-3.3425,0,"(214, 96, 77)",27,47
2748,2748,-1.3636363636363635,-0.0909090909090908,3.1653,-3.3425,0,"(214, 96, 77)",27,48
2749,2749,-1.3636363636363635,-0.0303030303030302,-3.2367,-3.3422,3,"(67, 147, 195)",27,49
2750,2750,-1.3636363636363635,0.0303030303030302,-3.2367,3.3422,1,"(253, 219, 199)",27,50
2751,2751,-1.3636363636363635,0.0909090909090908,3.1653,3.3425,2,"(209, 229, 240)",27,51
2752,2752,-1.3636363636363635,0.1515151515151513,3.1653,3.3425,2,"(209, 229, 240)",27,52
2753,2753,-1.3636363636363635,0.2121212121212123,3.1653,3.3425,2,"(209, 229, 240)",27,53
2754,2754,-1.3636363636363635,0.2727272727272729,3.1653,3.3425,2,"(209, 229, 240)",27,54
2755,2755,-1.3636363636363635,0.3333333333333335,3.1653,3.3425,2,"(209, 229, 240)",27,55
2756,2756,-1.3636363636363635,0.393939393939394,3.1653,3.3425,2,"(209, 229, 240)",27,56
2757,2757,-1.3636363636363635,0.4545454545454546,3.1653,3.3425,2,"(209, 229, 240)",27,57
2758,2758,-1.3636363636363635,0.5151515151515151,3.1653,3.3425,2,"(209, 229, 240)",27,58
2759,2759,-1.3636363636363635,0.5757575757575757,3.1653,3.3425,2,"(209, 229, 240)",27,59
2760,2760,-1.3636363636363635,0.6363636363636367,3.1653,3.3425,2,"(209, 229, 240)",27,60
2761,2761,-1.3636363636363635,0.6969696969696972,3.1653,3.3425,2,"(209, 229, 240)",27,61
2762,2762,-1.3636363636363635,0.7575757575757578,3.1653,3.3425,2,"(209, 229, 240)",27,62
2763,2763,-1.3636363636363635,0.8181818181818183,3.1653,3.3425,2,"(209, 229, 240)",27,63
2764,2764,-1.3636363636363635,0.8787878787878789,-3.2367,3.3422,1,"(253, 219, 199)",27,64
2765,2765,-1.3636363636363635,0.9393939393939394,-3.2367,-3.3422,3,"(67, 147, 195)",27,65
2766,2766,-1.3636363636363635,1.0,3.1653,3.3425,2,"(209, 229, 240)",27,66
2767,2767,-1.3636363636363635,1.0606060606060606,-3.2367,3.3422,1,"(253, 219, 199)",27,67
2768,2768,-1.3636363636363635,1.121212121212121,-3.2367,3.3422,1,"(253, 219, 199)",27,68
2769,2769,-1.3636363636363635,1.1818181818181817,-3.2367,3.3422,1,"(253, 219, 199)",27,69
2770,2770,-1.3636363636363635,1.2424242424242422,-3.2367,3.3422,1,"(253, 219, 199)",27,70
2771,2771,-1.3636363636363635,1.3030303030303028,-3.2367,3.3422,1,"(253, 219, 199)",27,71
2772,2772,-1.3636363636363635,1.363636363636363,-3.2367,3.3422,1,"(253, 219, 199)",27,72
2773,2773,-1.3636363636363635,1.4242424242424248,-3.2367,3.3422,1,"(253, 219, 199)",27,73
2774,2774,-1.3636363636363635,1.4848484848484853,-3.2367,3.3422,1,"(253, 219, 199)",27,74
2775,2775,-1.3636363636363635,1.545454545454546,-3.2367,3.3422,1,"(253, 219, 199)",27,75
2776,2776,-1.3636363636363635,1.6060606060606064,-3.2367,3.3422,1,"(253, 219, 199)",27,76
2777,2777,-1.3636363636363635,1.666666666666667,-3.2367,3.3422,1,"(253, 219, 199)",27,77
2778,2778,-1.3636363636363635,1.7272727272727275,-3.2367,3.3422,1,"(253, 219, 199)",27,78
2779,2779,-1.3636363636363635,1.787878787878788,-3.2367,3.3422,1,"(253, 219, 199)",27,79
2780,2780,-1.3636363636363635,1.8484848484848488,-3.2367,3.3422,1,"(253, 219, 199)",27,80
2781,2781,-1.3636363636363635,1.9090909090909087,-3.2367,3.3422,1,"(253, 219, 199)",27,81
2782,2782,-1.3636363636363635,1.9696969696969695,-3.2367,3.3422,1,"(253, 219, 199)",27,82
2783,2783,-1.3636363636363635,2.0303030303030303,-3.2367,3.3422,1,"(253, 219, 199)",27,83
2784,2784,-1.3636363636363635,2.090909090909091,-3.2367,3.3422,1,"(253, 219, 199)",27,84
2785,2785,-1.3636363636363635,2.1515151515151514,-3.2367,3.3422,1,"(253, 219, 199)",27,85
2786,2786,-1.3636363636363635,2.212121212121212,-3.2367,3.3422,1,"(253, 219, 199)",27,86
2787,2787,-1.3636363636363635,2.2727272727272725,-3.2367,3.3422,1,"(253, 219, 199)",27,87
2788,2788,-1.3636363636363635,2.333333333333334,-3.2367,3.3422,1,"(253, 219, 199)",27,88
2789,2789,-1.3636363636363635,2.3939393939393945,-3.2367,3.3422,1,"(253, 219, 199)",27,89
2790,2790,-1.3636363636363635,2.454545454545455,-3.2367,3.3422,1,"(253, 219, 199)",27,90
2791,2791,-1.3636363636363635,2.515151515151516,-3.2367,3.3422,1,"(253, 219, 199)",27,91
2792,2792,-1.3636363636363635,2.575757575757576,-3.2367,3.3422,1,"(253, 219, 199)",27,92
2793,2793,-1.3636363636363635,2.6363636363636367,-3.2367,3.3422,1,"(253, 219, 199)",27,93
2794,2794,-1.3636363636363635,2.696969696969697,-3.2367,3.3422,1,"(253, 219, 199)",27,94
2795,2795,-1.3636363636363635,2.757575757575758,-3.2367,3.3422,1,"(253, 219, 199)",27,95
2796,2796,-1.3636363636363635,2.8181818181818183,-3.2367,3.3422,1,"(253, 219, 199)",27,96
2797,2797,-1.3636363636363635,2.878787878787879,-3.2367,3.3422,1,"(253, 219, 199)",27,97
2798,2798,-1.3636363636363635,2.9393939393939394,-3.2367,3.3422,1,"(253, 219, 199)",27,98
2799,2799,-1.3636363636363635,3.0,-3.2367,3.3422,1,"(253, 219, 199)",27,99
2800,2800,-1.303030303030303,-3.0,-3.2367,-3.3422,3,"(67, 147, 195)",28,0
2801,2801,-1.303030303030303,-2.9393939393939394,-3.2367,-3.3422,3,"(67, 147, 195)",28,1
2802,2802,-1.303030303030303,-2.878787878787879,-3.2367,-3.3422,3,"(67, 147, 195)",28,2
2803,2803,-1.303030303030303,-2.8181818181818183,-3.2367,-3.3422,3,"(67, 147, 195)",28,3
2804,2804,-1.303030303030303,-2.757575757575758,-3.2367,-3.3422,3,"(67, 147, 195)",28,4
2805,2805,-1.303030303030303,-2.696969696969697,-3.2367,-3.3422,3,"(67, 147, 195)",28,5
2806,2806,-1.303030303030303,-2.636363636363636,-3.2367,-3.3422,3,"(67, 147, 195)",28,6
2807,2807,-1.303030303030303,-2.575757575757576,-3.2367,-3.3422,3,"(67, 147, 195)",28,7
2808,2808,-1.303030303030303,-2.515151515151515,-3.2367,-3.3422,3,"(67, 147, 195)",28,8
2809,2809,-1.303030303030303,-2.4545454545454546,-3.2367,-3.3422,3,"(67, 147, 195)",28,9
2810,2810,-1.303030303030303,-2.393939393939394,-3.2367,-3.3422,3,"(67, 147, 195)",28,10
2811,2811,-1.303030303030303,-2.333333333333333,-3.2367,-3.3422,3,"(67, 147, 195)",28,11
2812,2812,-1.303030303030303,-2.2727272727272725,-3.2367,-3.3422,3,"(67, 147, 195)",28,12
2813,2813,-1.303030303030303,-2.212121212121212,-3.2367,-3.3422,3,"(67, 147, 195)",28,13
2814,2814,-1.303030303030303,-2.1515151515151514,-3.2367,-3.3422,3,"(67, 147, 195)",28,14
2815,2815,-1.303030303030303,-2.090909090909091,-3.2367,-3.3422,3,"(67, 147, 195)",28,15
2816,2816,-1.303030303030303,-2.0303030303030303,-3.2367,-3.3422,3,"(67, 147, 195)",28,16
2817,2817,-1.303030303030303,-1.9696969696969695,-3.2367,-3.3422,3,"(67, 147, 195)",28,17
2818,2818,-1.303030303030303,-1.9090909090909087,-3.2367,-3.3422,3,"(67, 147, 195)",28,18
2819,2819,-1.303030303030303,-1.8484848484848484,-3.2367,-3.3422,3,"(67, 147, 195)",28,19
2820,2820,-1.303030303030303,-1.7878787878787878,-3.2367,-3.3422,3,"(67, 147, 195)",28,20
2821,2821,-1.303030303030303,-1.7272727272727273,-3.2367,-3.3422,3,"(67, 147, 195)",28,21
2822,2822,-1.303030303030303,-1.6666666666666663,-3.2367,-3.3422,3,"(67, 147, 195)",28,22
2823,2823,-1.303030303030303,-1.606060606060606,-3.2367,-3.3422,3,"(67, 147, 195)",28,23
2824,2824,-1.303030303030303,-1.5454545454545454,-3.2367,-3.3422,3,"(67, 147, 195)",28,24
2825,2825,-1.303030303030303,-1.4848484848484849,-3.2367,-3.3422,3,"(67, 147, 195)",28,25
2826,2826,-1.303030303030303,-1.4242424242424243,-3.2367,-3.3422,3,"(67, 147, 195)",28,26
2827,2827,-1.303030303030303,-1.3636363636363635,-3.2367,-3.3422,3,"(67, 147, 195)",28,27
2828,2828,-1.303030303030303,-1.303030303030303,-3.2367,-3.3422,3,"(67, 147, 195)",28,28
2829,2829,-1.303030303030303,-1.2424242424242424,-3.2367,-3.3422,3,"(67, 147, 195)",28,29
2830,2830,-1.303030303030303,-1.1818181818181817,-3.2367,-3.3422,3,"(67, 147, 195)",28,30
2831,2831,-1.303030303030303,-1.121212121212121,-3.2367,-3.3422,3,"(67, 147, 195)",28,31
2832,2832,-1.303030303030303,-1.0606060606060606,-3.2367,-3.3422,3,"(67, 147, 195)",28,32
2833,2833,-1.303030303030303,-1.0,-3.2367,-3.3422,3,"(67, 147, 195)",28,33
2834,2834,-1.303030303030303,-0.9393939393939394,-3.2367,-3.3422,3,"(67, 147, 195)",28,34
2835,2835,-1.303030303030303,-0.8787878787878789,3.1653,3.3425,2,"(209, 229, 240)",28,35
2836,2836,-1.303030303030303,-0.8181818181818183,3.1653,-3.3425,0,"(214, 96, 77)",28,36
2837,2837,-1.303030303030303,-0.7575757575757573,3.1653,-3.3425,0,"(214, 96, 77)",28,37
2838,2838,-1.303030303030303,-0.6969696969696968,3.1653,-3.3425,0,"(214, 96, 77)",28,38
2839,2839,-1.303030303030303,-0.6363636363636362,3.1653,-3.3425,0,"(214, 96, 77)",28,39
2840,2840,-1.303030303030303,-0.5757575757575757,3.1653,-3.3425,0,"(214, 96, 77)",28,40
2841,2841,-1.303030303030303,-0.5151515151515151,3.1653,-3.3425,0,"(214, 96, 77)",28,41
2842,2842,-1.303030303030303,-0.4545454545454546,3.1653,-3.3425,0,"(214, 96, 77)",28,42
2843,2843,-1.303030303030303,-0.393939393939394,3.1653,-3.3425,0,"(214, 96, 77)",28,43
2844,2844,-1.303030303030303,-0.333333333333333,3.1653,-3.3425,0,"(214, 96, 77)",28,44
2845,2845,-1.303030303030303,-0.2727272727272725,3.1653,-3.3425,0,"(214, 96, 77)",28,45
2846,2846,-1.303030303030303,-0.2121212121212119,3.1653,-3.3425,0,"(214, 96, 77)",28,46
2847,2847,-1.303030303030303,-0.1515151515151513,3.1653,-3.3425,0,"(214, 96, 77)",28,47
2848,2848,-1.303030303030303,-0.0909090909090908,3.1653,-3.3425,0,"(214, 96, 77)",28,48
2849,2849,-1.303030303030303,-0.0303030303030302,3.1653,-3.3425,0,"(214, 96, 77)",28,49
2850,2850,-1.303030303030303,0.0303030303030302,3.1653,3.3425,2,"(209, 229, 240)",28,50
2851,2851,-1.303030303030303,0.0909090909090908,3.1653,3.3425,2,"(209, 229, 240)",28,51
2852,2852,-1.303030303030303,0.1515151515151513,3.1653,3.3425,2,"(209, 229, 240)",28,52
2853,2853,-1.303030303030303,0.2121212121212123,3.1653,3.3425,2,"(209, 229, 240)",28,53
2854,2854,-1.303030303030303,0.2727272727272729,3.1653,3.3425,2,"(209, 229, 240)",28,54
2855,2855,-1.303030303030303,0.3333333333333335,3.1653,3.3425,2,"(209, 229, 240)",28,55
2856,2856,-1.303030303030303,0.393939393939394,3.1653,3.3425,2,"(209, 229, 240)",28,56
2857,2857,-1.303030303030303,0.4545454545454546,3.1653,3.3425,2,"(209, 229, 240)",28,57
2858,2858,-1.303030303030303,0.5151515151515151,3.1653,3.3425,2,"(209, 229, 240)",28,58
2859,2859,-1.303030303030303,0.5757575757575757,3.1653,3.3425,2,"(209, 229, 240)",28,59
2860,2860,-1.303030303030303,0.6363636363636367,3.1653,3.3425,2,"(209, 229, 240)",28,60
2861,2861,-1.303030303030303,0.6969696969696972,3.1653,3.3425,2,"(209, 229, 240)",28,61
2862,2862,-1.303030303030303,0.7575757575757578,3.1653,3.3425,2,"(209, 229, 240)",28,62
2863,2863,-1.303030303030303,0.8181818181818183,3.1653,3.3425,2,"(209, 229, 240)",28,63
2864,2864,-1.303030303030303,0.8787878787878789,3.1653,-3.3425,0,"(214, 96, 77)",28,64
2865,2865,-1.303030303030303,0.9393939393939394,-3.2367,3.3422,1,"(253, 219, 199)",28,65
2866,2866,-1.303030303030303,1.0,-3.2367,3.3422,1,"(253, 219, 199)",28,66
2867,2867,-1.303030303030303,1.0606060606060606,-3.2367,3.3422,1,"(253, 219, 199)",28,67
2868,2868,-1.303030303030303,1.121212121212121,-3.2367,3.3422,1,"(253, 219, 199)",28,68
2869,2869,-1.303030303030303,1.1818181818181817,-3.2367,3.3422,1,"(253, 219, 199)",28,69
2870,2870,-1.303030303030303,1.2424242424242422,-3.2367,3.3422,1,"(253, 219, 199)",28,70
2871,2871,-1.303030303030303,1.3030303030303028,-3.2367,3.3422,1,"(253, 219, 199)",28,71
2872,2872,-1.303030303030303,1.363636363636363,-3.2367,3.3422,1,"(253, 219, 199)",28,72
2873,2873,-1.303030303030303,1.4242424242424248,-3.2367,3.3422,1,"(253, 219, 199)",28,73
2874,2874,-1.303030303030303,1.4848484848484853,-3.2367,3.3422,1,"(253, 219, 199)",28,74
2875,2875,-1.303030303030303,1.545454545454546,-3.2367,3.3422,1,"(253, 219, 199)",28,75
2876,2876,-1.303030303030303,1.6060606060606064,-3.2367,3.3422,1,"(253, 219, 199)",28,76
2877,2877,-1.303030303030303,1.666666666666667,-3.2367,3.3422,1,"(253, 219, 199)",28,77
2878,2878,-1.303030303030303,1.7272727272727275,-3.2367,3.3422,1,"(253, 219, 199)",28,78
2879,2879,-1.303030303030303,1.787878787878788,-3.2367,3.3422,1,"(253, 219, 199)",28,79
2880,2880,-1.303030303030303,1.8484848484848488,-3.2367,3.3422,1,"(253, 219, 199)",28,80
2881,2881,-1.303030303030303,1.9090909090909087,-3.2367,3.3422,1,"(253, 219, 199)",28,81
2882,2882,-1.303030303030303,1.9696969696969695,-3.2367,3.3422,1,"(253, 219, 199)",28,82
2883,2883,-1.303030303030303,2.0303030303030303,-3.2367,3.3422,1,"(253, 219, 199)",28,83
2884,2884,-1.303030303030303,2.090909090909091,-3.2367,3.3422,1,"(253, 219, 199)",28,84
2885,2885,-1.303030303030303,2.1515151515151514,-3.2367,3.3422,1,"(253, 219, 199)",28,85
2886,2886,-1.303030303030303,2.212121212121212,-3.2367,3.3422,1,"(253, 219, 199)",28,86
2887,2887,-1.303030303030303,2.2727272727272725,-3.2367,3.3422,1,"(253, 219, 199)",28,87
2888,2888,-1.303030303030303,2.333333333333334,-3.2367,3.3422,1,"(253, 219, 199)",28,88
2889,2889,-1.303030303030303,2.3939393939393945,-3.2367,3.3422,1,"(253, 219, 199)",28,89
2890,2890,-1.303030303030303,2.454545454545455,-3.2367,3.3422,1,"(253, 219, 199)",28,90
2891,2891,-1.303030303030303,2.515151515151516,-3.2367,3.3422,1,"(253, 219, 199)",28,91
2892,2892,-1.303030303030303,2.575757575757576,-3.2367,3.3422,1,"(253, 219, 199)",28,92
2893,2893,-1.303030303030303,2.6363636363636367,-3.2367,3.3422,1,"(253, 219, 199)",28,93
2894,2894,-1.303030303030303,2.696969696969697,-3.2367,3.3422,1,"(253, 219, 199)",28,94
2895,2895,-1.303030303030303,2.757575757575758,-3.2367,3.3422,1,"(253, 219, 199)",28,95
2896,2896,-1.303030303030303,2.8181818181818183,-3.2367,3.3422,1,"(253, 219, 199)",28,96
2897,2897,-1.303030303030303,2.878787878787879,-3.2367,3.3422,1,"(253, 219, 199)",28,97
2898,2898,-1.303030303030303,2.9393939393939394,-3.2367,3.3422,1,"(253, 219, 199)",28,98
2899,2899,-1.303030303030303,3.0,-3.2367,3.3422,1,"(253, 219, 199)",28,99
2900,2900,-1.2424242424242424,-3.0,-3.2367,-3.3422,3,"(67, 147, 195)",29,0
2901,2901,-1.2424242424242424,-2.9393939393939394,-3.2367,-3.3422,3,"(67, 147, 195)",29,1
2902,2902,-1.2424242424242424,-2.878787878787879,-3.2367,-3.3422,3,"(67, 147, 195)",29,2
2903,2903,-1.2424242424242424,-2.8181818181818183,-3.2367,-3.3422,3,"(67, 147, 195)",29,3
2904,2904,-1.2424242424242424,-2.757575757575758,3.1653,-3.3425,0,"(214, 96, 77)",29,4
2905,2905,-1.2424242424242424,-2.696969696969697,-3.2367,-3.3422,3,"(67, 147, 195)",29,5
2906,2906,-1.2424242424242424,-2.636363636363636,-3.2367,-3.3422,3,"(67, 147, 195)",29,6
2907,2907,-1.2424242424242424,-2.575757575757576,-3.2367,-3.3422,3,"(67, 147, 195)",29,7
2908,2908,-1.2424242424242424,-2.515151515151515,-3.2367,-3.3422,3,"(67, 147, 195)",29,8
2909,2909,-1.2424242424242424,-2.4545454545454546,-3.2367,-3.3422,3,"(67, 147, 195)",29,9
2910,2910,-1.2424242424242424,-2.393939393939394,-3.2367,-3.3422,3,"(67, 147, 195)",29,10
2911,2911,-1.2424242424242424,-2.333333333333333,-3.2367,-3.3422,3,"(67, 147, 195)",29,11
2912,2912,-1.2424242424242424,-2.2727272727272725,-3.2367,-3.3422,3,"(67, 147, 195)",29,12
2913,2913,-1.2424242424242424,-2.212121212121212,-3.2367,-3.3422,3,"(67, 147, 195)",29,13
2914,2914,-1.2424242424242424,-2.1515151515151514,-3.2367,-3.3422,3,"(67, 147, 195)",29,14
2915,2915,-1.2424242424242424,-2.090909090909091,-3.2367,-3.3422,3,"(67, 147, 195)",29,15
2916,2916,-1.2424242424242424,-2.0303030303030303,-3.2367,-3.3422,3,"(67, 147, 195)",29,16
2917,2917,-1.2424242424242424,-1.9696969696969695,-3.2367,-3.3422,3,"(67, 147, 195)",29,17
2918,2918,-1.2424242424242424,-1.9090909090909087,-3.2367,-3.3422,3,"(67, 147, 195)",29,18
2919,2919,-1.2424242424242424,-1.8484848484848484,-3.2367,-3.3422,3,"(67, 147, 195)",29,19
2920,2920,-1.2424242424242424,-1.7878787878787878,-3.2367,-3.3422,3,"(67, 147, 195)",29,20
2921,2921,-1.2424242424242424,-1.7272727272727273,-3.2367,-3.3422,3,"(67, 147, 195)",29,21
2922,2922,-1.2424242424242424,-1.6666666666666663,-3.2367,-3.3422,3,"(67, 147, 195)",29,22
2923,2923,-1.2424242424242424,-1.606060606060606,-3.2367,-3.3422,3,"(67, 147, 195)",29,23
2924,2924,-1.2424242424242424,-1.5454545454545454,-3.2367,-3.3422,3,"(67, 147, 195)",29,24
2925,2925,-1.2424242424242424,-1.4848484848484849,-3.2367,-3.3422,3,"(67, 147, 195)",29,25
2926,2926,-1.2424242424242424,-1.4242424242424243,-3.2367,-3.3422,3,"(67, 147, 195)",29,26
2927,2927,-1.2424242424242424,-1.3636363636363635,-3.2367,-3.3422,3,"(67, 147, 195)",29,27
2928,2928,-1.2424242424242424,-1.303030303030303,-3.2367,-3.3422,3,"(67, 147, 195)",29,28
2929,2929,-1.2424242424242424,-1.2424242424242424,-3.2367,-3.3422,3,"(67, 147, 195)",29,29
2930,2930,-1.2424242424242424,-1.1818181818181817,-3.2367,-3.3422,3,"(67, 147, 195)",29,30
2931,2931,-1.2424242424242424,-1.121212121212121,-3.2367,-3.3422,3,"(67, 147, 195)",29,31
2932,2932,-1.2424242424242424,-1.0606060606060606,-3.2367,-3.3422,3,"(67, 147, 195)",29,32
2933,2933,-1.2424242424242424,-1.0,-3.2367,-3.3422,3,"(67, 147, 195)",29,33
2934,2934,-1.2424242424242424,-0.9393939393939394,-3.2367,3.3422,1,"(253, 219, 199)",29,34
2935,2935,-1.2424242424242424,-0.8787878787878789,3.1653,3.3425,2,"(209, 229, 240)",29,35
2936,2936,-1.2424242424242424,-0.8181818181818183,3.1653,-3.3425,0,"(214, 96, 77)",29,36
2937,2937,-1.2424242424242424,-0.7575757575757573,3.1653,-3.3425,0,"(214, 96, 77)",29,37
2938,2938,-1.2424242424242424,-0.6969696969696968,3.1653,-3.3425,0,"(214, 96, 77)",29,38
2939,2939,-1.2424242424242424,-0.6363636363636362,3.1653,-3.3425,0,"(214, 96, 77)",29,39
2940,2940,-1.2424242424242424,-0.5757575757575757,3.1653,-3.3425,0,"(214, 96, 77)",29,40
2941,2941,-1.2424242424242424,-0.5151515151515151,3.1653,-3.3425,0,"(214, 96, 77)",29,41
2942,2942,-1.2424242424242424,-0.4545454545454546,3.1653,-3.3425,0,"(214, 96, 77)",29,42
2943,2943,-1.2424242424242424,-0.393939393939394,3.1653,-3.3425,0,"(214, 96, 77)",29,43
2944,2944,-1.2424242424242424,-0.333333333333333,3.1653,-3.3425,0,"(214, 96, 77)",29,44
2945,2945,-1.2424242424242424,-0.2727272727272725,3.1653,-3.3425,0,"(214, 96, 77)",29,45
2946,2946,-1.2424242424242424,-0.2121212121212119,3.1653,-3.3425,0,"(214, 96, 77)",29,46
2947,2947,-1.2424242424242424,-0.1515151515151513,3.1653,-3.3425,0,"(214, 96, 77)",29,47
2948,2948,-1.2424242424242424,-0.0909090909090908,3.1653,-3.3425,0,"(214, 96, 77)",29,48
2949,2949,-1.2424242424242424,-0.0303030303030302,-3.2367,-3.3422,3,"(67, 147, 195)",29,49
2950,2950,-1.2424242424242424,0.0303030303030302,-3.2367,3.3422,1,"(253, 219, 199)",29,50
2951,2951,-1.2424242424242424,0.0909090909090908,3.1653,3.3425,2,"(209, 229, 240)",29,51
2952,2952,-1.2424242424242424,0.1515151515151513,3.1653,3.3425,2,"(209, 229, 240)",29,52
2953,2953,-1.2424242424242424,0.2121212121212123,3.1653,3.3425,2,"(209, 229, 240)",29,53
2954,2954,-1.2424242424242424,0.2727272727272729,3.1653,3.3425,2,"(209, 229, 240)",29,54
2955,2955,-1.2424242424242424,0.3333333333333335,3.1653,3.3425,2,"(209, 229, 240)",29,55
2956,2956,-1.2424242424242424,0.393939393939394,3.1653,3.3425,2,"(209, 229, 240)",29,56
2957,2957,-1.2424242424242424,0.4545454545454546,3.1653,3.3425,2,"(209, 229, 240)",29,57
2958,2958,-1.2424242424242424,0.5151515151515151,3.1653,3.3425,2,"(209, 229, 240)",29,58
2959,2959,-1.2424242424242424,0.5757575757575757,3.1653,3.3425,2,"(209, 229, 240)",29,59
2960,2960,-1.2424242424242424,0.6363636363636367,3.1653,3.3425,2,"(209, 229, 240)",29,60
2961,2961,-1.2424242424242424,0.6969696969696972,3.1653,3.3425,2,"(209, 229, 240)",29,61
2962,2962,-1.2424242424242424,0.7575757575757578,3.1653,3.3425,2,"(209, 229, 240)",29,62
2963,2963,-1.2424242424242424,0.8181818181818183,3.1653,3.3425,2,"(209, 229, 240)",29,63
2964,2964,-1.2424242424242424,0.8787878787878789,3.1653,-3.3425,0,"(214, 96, 77)",29,64
2965,2965,-1.2424242424242424,0.9393939393939394,-3.2367,-3.3422,3,"(67, 147, 195)",29,65
2966,2966,-1.2424242424242424,1.0,-3.2367,3.3422,1,"(253, 219, 199)",29,66
2967,2967,-1.2424242424242424,1.0606060606060606,-3.2367,3.3422,1,"(253, 219, 199)",29,67
2968,2968,-1.2424242424242424,1.121212121212121,-3.2367,3.3422,1,"(253, 219, 199)",29,68
2969,2969,-1.2424242424242424,1.1818181818181817,-3.2367,3.3422,1,"(253, 219, 199)",29,69
2970,2970,-1.2424242424242424,1.2424242424242422,-3.2367,3.3422,1,"(253, 219, 199)",29,70
2971,2971,-1.2424242424242424,1.3030303030303028,-3.2367,3.3422,1,"(253, 219, 199)",29,71
2972,2972,-1.2424242424242424,1.363636363636363,-3.2367,3.3422,1,"(253, 219, 199)",29,72
2973,2973,-1.2424242424242424,1.4242424242424248,-3.2367,3.3422,1,"(253, 219, 199)",29,73
2974,2974,-1.2424242424242424,1.4848484848484853,-3.2367,3.3422,1,"(253, 219, 199)",29,74
2975,2975,-1.2424242424242424,1.545454545454546,-3.2367,3.3422,1,"(253, 219, 199)",29,75
2976,2976,-1.2424242424242424,1.6060606060606064,-3.2367,3.3422,1,"(253, 219, 199)",29,76
2977,2977,-1.2424242424242424,1.666666666666667,-3.2367,3.3422,1,"(253, 219, 199)",29,77
2978,2978,-1.2424242424242424,1.7272727272727275,-3.2367,3.3422,1,"(253, 219, 199)",29,78
2979,2979,-1.2424242424242424,1.787878787878788,-3.2367,3.3422,1,"(253, 219, 199)",29,79
2980,2980,-1.2424242424242424,1.8484848484848488,-3.2367,3.3422,1,"(253, 219, 199)",29,80
2981,2981,-1.2424242424242424,1.9090909090909087,-3.2367,3.3422,1,"(253, 219, 199)",29,81
2982,2982,-1.2424242424242424,1.9696969696969695,-3.2367,3.3422,1,"(253, 219, 199)",29,82
2983,2983,-1.2424242424242424,2.0303030303030303,-3.2367,3.3422,1,"(253, 219, 199)",29,83
2984,2984,-1.2424242424242424,2.090909090909091,-3.2367,3.3422,1,"(253, 219, 199)",29,84
2985,2985,-1.2424242424242424,2.1515151515151514,-3.2367,3.3422,1,"(253, 219, 199)",29,85
2986,2986,-1.2424242424242424,2.212121212121212,-3.2367,3.3422,1,"(253, 219, 199)",29,86
2987,2987,-1.2424242424242424,2.2727272727272725,-3.2367,3.3422,1,"(253, 219, 199)",29,87
2988,2988,-1.2424242424242424,2.333333333333334,-3.2367,3.3422,1,"(253, 219, 199)",29,88
2989,2989,-1.2424242424242424,2.3939393939393945,-3.2367,3.3422,1,"(253, 219, 199)",29,89
2990,2990,-1.2424242424242424,2.454545454545455,-3.2367,3.3422,1,"(253, 219, 199)",29,90
2991,2991,-1.2424242424242424,2.515151515151516,-3.2367,3.3422,1,"(253, 219, 199)",29,91
2992,2992,-1.2424242424242424,2.575757575757576,-3.2367,3.3422,1,"(253, 219, 199)",29,92
2993,2993,-1.2424242424242424,2.6363636363636367,-3.2367,3.3422,1,"(253, 219, 199)",29,93
2994,2994,-1.2424242424242424,2.696969696969697,-3.2367,3.3422,1,"(253, 219, 199)",29,94
2995,2995,-1.2424242424242424,2.757575757575758,3.1653,3.3425,2,"(209, 229, 240)",29,95
2996,2996,-1.2424242424242424,2.8181818181818183,-3.2367,3.3422,1,"(253, 219, 199)",29,96
2997,2997,-1.2424242424242424,2.878787878787879,-3.2367,3.3422,1,"(253, 219, 199)",29,97
2998,2998,-1.2424242424242424,2.9393939393939394,-3.2367,3.3422,1,"(253, 219, 199)",29,98
2999,2999,-1.2424242424242424,3.0,-3.2367,3.3422,1,"(253, 219, 199)",29,99
3000,3000,-1.1818181818181817,-3.0,-3.2367,-3.3422,3,"(67, 147, 195)",30,0
3001,3001,-1.1818181818181817,-2.9393939393939394,-3.2367,3.3422,1,"(253, 219, 199)",30,1
3002,3002,-1.1818181818181817,-2.878787878787879,-3.2367,3.3422,1,"(253, 219, 199)",30,2
3003,3003,-1.1818181818181817,-2.8181818181818183,-3.2367,-3.3422,3,"(67, 147, 195)",30,3
3004,3004,-1.1818181818181817,-2.757575757575758,-3.2367,3.3422,1,"(253, 219, 199)",30,4
3005,3005,-1.1818181818181817,-2.696969696969697,-3.2367,3.3422,1,"(253, 219, 199)",30,5
3006,3006,-1.1818181818181817,-2.636363636363636,-3.2367,-3.3422,3,"(67, 147, 195)",30,6
3007,3007,-1.1818181818181817,-2.575757575757576,-3.2367,-3.3422,3,"(67, 147, 195)",30,7
3008,3008,-1.1818181818181817,-2.515151515151515,3.1653,3.3425,2,"(209, 229, 240)",30,8
3009,3009,-1.1818181818181817,-2.4545454545454546,-3.2367,3.3422,1,"(253, 219, 199)",30,9
3010,3010,-1.1818181818181817,-2.393939393939394,-3.2367,3.3422,1,"(253, 219, 199)",30,10
3011,3011,-1.1818181818181817,-2.333333333333333,-3.2367,-3.3422,3,"(67, 147, 195)",30,11
3012,3012,-1.1818181818181817,-2.2727272727272725,-3.2367,-3.3422,3,"(67, 147, 195)",30,12
3013,3013,-1.1818181818181817,-2.212121212121212,-3.2367,-3.3422,3,"(67, 147, 195)",30,13
3014,3014,-1.1818181818181817,-2.1515151515151514,-3.2367,-3.3422,3,"(67, 147, 195)",30,14
3015,3015,-1.1818181818181817,-2.090909090909091,-3.2367,-3.3422,3,"(67, 147, 195)",30,15
3016,3016,-1.1818181818181817,-2.0303030303030303,-3.2367,-3.3422,3,"(67, 147, 195)",30,16
3017,3017,-1.1818181818181817,-1.9696969696969695,-3.2367,-3.3422,3,"(67, 147, 195)",30,17
3018,3018,-1.1818181818181817,-1.9090909090909087,-3.2367,-3.3422,3,"(67, 147, 195)",30,18
3019,3019,-1.1818181818181817,-1.8484848484848484,-3.2367,-3.3422,3,"(67, 147, 195)",30,19
3020,3020,-1.1818181818181817,-1.7878787878787878,-3.2367,-3.3422,3,"(67, 147, 195)",30,20
3021,3021,-1.1818181818181817,-1.7272727272727273,-3.2367,-3.3422,3,"(67, 147, 195)",30,21
3022,3022,-1.1818181818181817,-1.6666666666666663,-3.2367,-3.3422,3,"(67, 147, 195)",30,22
3023,3023,-1.1818181818181817,-1.606060606060606,-3.2367,-3.3422,3,"(67, 147, 195)",30,23
3024,3024,-1.1818181818181817,-1.5454545454545454,-3.2367,-3.3422,3,"(67, 147, 195)",30,24
3025,3025,-1.1818181818181817,-1.4848484848484849,-3.2367,-3.3422,3,"(67, 147, 195)",30,25
3026,3026,-1.1818181818181817,-1.4242424242424243,-3.2367,-3.3422,3,"(67, 147, 195)",30,26
3027,3027,-1.1818181818181817,-1.3636363636363635,-3.2367,-3.3422,3,"(67, 147, 195)",30,27
3028,3028,-1.1818181818181817,-1.303030303030303,-3.2367,-3.3422,3,"(67, 147, 195)",30,28
3029,3029,-1.1818181818181817,-1.2424242424242424,-3.2367,-3.3422,3,"(67, 147, 195)",30,29
3030,3030,-1.1818181818181817,-1.1818181818181817,-3.2367,-3.3422,3,"(67, 147, 195)",30,30
3031,3031,-1.1818181818181817,-1.121212121212121,-3.2367,-3.3422,3,"(67, 147, 195)",30,31
3032,3032,-1.1818181818181817,-1.0606060606060606,-3.2367,-3.3422,3,"(67, 147, 195)",30,32
3033,3033,-1.1818181818181817,-1.0,-3.2367,-3.3422,3,"(67, 147, 195)",30,33
3034,3034,-1.1818181818181817,-0.9393939393939394,-3.2367,3.3422,1,"(253, 219, 199)",30,34
3035,3035,-1.1818181818181817,-0.8787878787878789,3.1653,3.3425,2,"(209, 229, 240)",30,35
3036,3036,-1.1818181818181817,-0.8181818181818183,3.1653,-3.3425,0,"(214, 96, 77)",30,36
3037,3037,-1.1818181818181817,-0.7575757575757573,3.1653,-3.3425,0,"(214, 96, 77)",30,37
3038,3038,-1.1818181818181817,-0.6969696969696968,3.1653,-3.3425,0,"(214, 96, 77)",30,38
3039,3039,-1.1818181818181817,-0.6363636363636362,3.1653,-3.3425,0,"(214, 96, 77)",30,39
3040,3040,-1.1818181818181817,-0.5757575757575757,3.1653,-3.3425,0,"(214, 96, 77)",30,40
3041,3041,-1.1818181818181817,-0.5151515151515151,3.1653,-3.3425,0,"(214, 96, 77)",30,41
3042,3042,-1.1818181818181817,-0.4545454545454546,3.1653,-3.3425,0,"(214, 96, 77)",30,42
3043,3043,-1.1818181818181817,-0.393939393939394,3.1653,-3.3425,0,"(214, 96, 77)",30,43
3044,3044,-1.1818181818181817,-0.333333333333333,3.1653,-3.3425,0,"(214, 96, 77)",30,44
3045,3045,-1.1818181818181817,-0.2727272727272725,3.1653,-3.3425,0,"(214, 96, 77)",30,45
3046,3046,-1.1818181818181817,-0.2121212121212119,3.1653,-3.3425,0,"(214, 96, 77)",30,46
3047,3047,-1.1818181818181817,-0.1515151515151513,3.1653,-3.3425,0,"(214, 96, 77)",30,47
3048,3048,-1.1818181818181817,-0.0909090909090908,3.1653,-3.3425,0,"(214, 96, 77)",30,48
3049,3049,-1.1818181818181817,-0.0303030303030302,-3.2367,-3.3422,3,"(67, 147, 195)",30,49
3050,3050,-1.1818181818181817,0.0303030303030302,-3.2367,3.3422,1,"(253, 219, 199)",30,50
3051,3051,-1.1818181818181817,0.0909090909090908,3.1653,3.3425,2,"(209, 229, 240)",30,51
3052,3052,-1.1818181818181817,0.1515151515151513,3.1653,3.3425,2,"(209, 229, 240)",30,52
3053,3053,-1.1818181818181817,0.2121212121212123,3.1653,3.3425,2,"(209, 229, 240)",30,53
3054,3054,-1.1818181818181817,0.2727272727272729,3.1653,3.3425,2,"(209, 229, 240)",30,54
3055,3055,-1.1818181818181817,0.3333333333333335,3.1653,3.3425,2,"(209, 229, 240)",30,55
3056,3056,-1.1818181818181817,0.393939393939394,3.1653,3.3425,2,"(209, 229, 240)",30,56
3057,3057,-1.1818181818181817,0.4545454545454546,3.1653,3.3425,2,"(209, 229, 240)",30,57
3058,3058,-1.1818181818181817,0.5151515151515151,3.1653,3.3425,2,"(209, 229, 240)",30,58
3059,3059,-1.1818181818181817,0.5757575757575757,3.1653,3.3425,2,"(209, 229, 240)",30,59
3060,3060,-1.1818181818181817,0.6363636363636367,3.1653,3.3425,2,"(209, 229, 240)",30,60
3061,3061,-1.1818181818181817,0.6969696969696972,3.1653,3.3425,2,"(209, 229, 240)",30,61
3062,3062,-1.1818181818181817,0.7575757575757578,3.1653,3.3425,2,"(209, 229, 240)",30,62
3063,3063,-1.1818181818181817,0.8181818181818183,3.1653,3.3425,2,"(209, 229, 240)",30,63
3064,3064,-1.1818181818181817,0.8787878787878789,3.1653,-3.3425,0,"(214, 96, 77)",30,64
3065,3065,-1.1818181818181817,0.9393939393939394,-3.2367,-3.3422,3,"(67, 147, 195)",30,65
3066,3066,-1.1818181818181817,1.0,-3.2367,3.3422,1,"(253, 219, 199)",30,66
3067,3067,-1.1818181818181817,1.0606060606060606,-3.2367,3.3422,1,"(253, 219, 199)",30,67
3068,3068,-1.1818181818181817,1.121212121212121,-3.2367,3.3422,1,"(253, 219, 199)",30,68
3069,3069,-1.1818181818181817,1.1818181818181817,-3.2367,3.3422,1,"(253, 219, 199)",30,69
3070,3070,-1.1818181818181817,1.2424242424242422,-3.2367,3.3422,1,"(253, 219, 199)",30,70
3071,3071,-1.1818181818181817,1.3030303030303028,-3.2367,3.3422,1,"(253, 219, 199)",30,71
3072,3072,-1.1818181818181817,1.363636363636363,-3.2367,3.3422,1,"(253, 219, 199)",30,72
3073,3073,-1.1818181818181817,1.4242424242424248,-3.2367,3.3422,1,"(253, 219, 199)",30,73
3074,3074,-1.1818181818181817,1.4848484848484853,-3.2367,3.3422,1,"(253, 219, 199)",30,74
3075,3075,-1.1818181818181817,1.545454545454546,-3.2367,3.3422,1,"(253, 219, 199)",30,75
3076,3076,-1.1818181818181817,1.6060606060606064,-3.2367,3.3422,1,"(253, 219, 199)",30,76
3077,3077,-1.1818181818181817,1.666666666666667,-3.2367,3.3422,1,"(253, 219, 199)",30,77
3078,3078,-1.1818181818181817,1.7272727272727275,-3.2367,3.3422,1,"(253, 219, 199)",30,78
3079,3079,-1.1818181818181817,1.787878787878788,-3.2367,3.3422,1,"(253, 219, 199)",30,79
3080,3080,-1.1818181818181817,1.8484848484848488,-3.2367,3.3422,1,"(253, 219, 199)",30,80
3081,3081,-1.1818181818181817,1.9090909090909087,-3.2367,3.3422,1,"(253, 219, 199)",30,81
3082,3082,-1.1818181818181817,1.9696969696969695,-3.2367,3.3422,1,"(253, 219, 199)",30,82
3083,3083,-1.1818181818181817,2.0303030303030303,-3.2367,3.3422,1,"(253, 219, 199)",30,83
3084,3084,-1.1818181818181817,2.090909090909091,-3.2367,3.3422,1,"(253, 219, 199)",30,84
3085,3085,-1.1818181818181817,2.1515151515151514,-3.2367,3.3422,1,"(253, 219, 199)",30,85
3086,3086,-1.1818181818181817,2.212121212121212,-3.2367,3.3422,1,"(253, 219, 199)",30,86
3087,3087,-1.1818181818181817,2.2727272727272725,-3.2367,3.3422,1,"(253, 219, 199)",30,87
3088,3088,-1.1818181818181817,2.333333333333334,-3.2367,3.3422,1,"(253, 219, 199)",30,88
3089,3089,-1.1818181818181817,2.3939393939393945,-3.2367,-3.3422,3,"(67, 147, 195)",30,89
3090,3090,-1.1818181818181817,2.454545454545455,-3.2367,-3.3422,3,"(67, 147, 195)",30,90
3091,3091,-1.1818181818181817,2.515151515151516,3.1653,-3.3425,0,"(214, 96, 77)",30,91
3092,3092,-1.1818181818181817,2.575757575757576,-3.2367,3.3422,1,"(253, 219, 199)",30,92
3093,3093,-1.1818181818181817,2.6363636363636367,-3.2367,3.3422,1,"(253, 219, 199)",30,93
3094,3094,-1.1818181818181817,2.696969696969697,-3.2367,-3.3422,3,"(67, 147, 195)",30,94
3095,3095,-1.1818181818181817,2.757575757575758,-3.2367,-3.3422,3,"(67, 147, 195)",30,95
3096,3096,-1.1818181818181817,2.8181818181818183,-3.2367,3.3422,1,"(253, 219, 199)",30,96
3097,3097,-1.1818181818181817,2.878787878787879,-3.2367,-3.3422,3,"(67, 147, 195)",30,97
3098,3098,-1.1818181818181817,2.9393939393939394,-3.2367,-3.3422,3,"(67, 147, 195)",30,98
3099,3099,-1.1818181818181817,3.0,-3.2367,3.3422,1,"(253, 219, 199)",30,99
3100,3100,-1.121212121212121,-3.0,3.1653,3.3425,2,"(209, 229, 240)",31,0
3101,3101,-1.121212121212121,-2.9393939393939394,3.1653,-3.3425,0,"(214, 96, 77)",31,1
3102,3102,-1.121212121212121,-2.878787878787879,3.1653,-3.3425,0,"(214, 96, 77)",31,2
3103,3103,-1.121212121212121,-2.8181818181818183,3.1653,-3.3425,0,"(214, 96, 77)",31,3
3104,3104,-1.121212121212121,-2.757575757575758,3.1653,3.3425,2,"(209, 229, 240)",31,4
3105,3105,-1.121212121212121,-2.696969696969697,-3.2367,3.3422,1,"(253, 219, 199)",31,5
3106,3106,-1.121212121212121,-2.636363636363636,-3.2367,-3.3422,3,"(67, 147, 195)",31,6
3107,3107,-1.121212121212121,-2.575757575757576,3.1653,-3.3425,0,"(214, 96, 77)",31,7
3108,3108,-1.121212121212121,-2.515151515151515,3.1653,-3.3425,0,"(214, 96, 77)",31,8
3109,3109,-1.121212121212121,-2.4545454545454546,3.1653,-3.3425,0,"(214, 96, 77)",31,9
3110,3110,-1.121212121212121,-2.393939393939394,-3.2367,-3.3422,3,"(67, 147, 195)",31,10
3111,3111,-1.121212121212121,-2.333333333333333,-3.2367,-3.3422,3,"(67, 147, 195)",31,11
3112,3112,-1.121212121212121,-2.2727272727272725,-3.2367,-3.3422,3,"(67, 147, 195)",31,12
3113,3113,-1.121212121212121,-2.212121212121212,3.1653,3.3425,2,"(209, 229, 240)",31,13
3114,3114,-1.121212121212121,-2.1515151515151514,3.1653,-3.3425,0,"(214, 96, 77)",31,14
3115,3115,-1.121212121212121,-2.090909090909091,-3.2367,-3.3422,3,"(67, 147, 195)",31,15
3116,3116,-1.121212121212121,-2.0303030303030303,-3.2367,-3.3422,3,"(67, 147, 195)",31,16
3117,3117,-1.121212121212121,-1.9696969696969695,-3.2367,-3.3422,3,"(67, 147, 195)",31,17
3118,3118,-1.121212121212121,-1.9090909090909087,-3.2367,-3.3422,3,"(67, 147, 195)",31,18
3119,3119,-1.121212121212121,-1.8484848484848484,-3.2367,-3.3422,3,"(67, 147, 195)",31,19
3120,3120,-1.121212121212121,-1.7878787878787878,-3.2367,-3.3422,3,"(67, 147, 195)",31,20
3121,3121,-1.121212121212121,-1.7272727272727273,-3.2367,-3.3422,3,"(67, 147, 195)",31,21
3122,3122,-1.121212121212121,-1.6666666666666663,-3.2367,-3.3422,3,"(67, 147, 195)",31,22
3123,3123,-1.121212121212121,-1.606060606060606,-3.2367,-3.3422,3,"(67, 147, 195)",31,23
3124,3124,-1.121212121212121,-1.5454545454545454,-3.2367,-3.3422,3,"(67, 147, 195)",31,24
3125,3125,-1.121212121212121,-1.4848484848484849,-3.2367,-3.3422,3,"(67, 147, 195)",31,25
3126,3126,-1.121212121212121,-1.4242424242424243,-3.2367,-3.3422,3,"(67, 147, 195)",31,26
3127,3127,-1.121212121212121,-1.3636363636363635,-3.2367,-3.3422,3,"(67, 147, 195)",31,27
3128,3128,-1.121212121212121,-1.303030303030303,-3.2367,-3.3422,3,"(67, 147, 195)",31,28
3129,3129,-1.121212121212121,-1.2424242424242424,-3.2367,-3.3422,3,"(67, 147, 195)",31,29
3130,3130,-1.121212121212121,-1.1818181818181817,-3.2367,-3.3422,3,"(67, 147, 195)",31,30
3131,3131,-1.121212121212121,-1.121212121212121,-3.2367,-3.3422,3,"(67, 147, 195)",31,31
3132,3132,-1.121212121212121,-1.0606060606060606,-3.2367,-3.3422,3,"(67, 147, 195)",31,32
3133,3133,-1.121212121212121,-1.0,-3.2367,-3.3422,3,"(67, 147, 195)",31,33
3134,3134,-1.121212121212121,-0.9393939393939394,-3.2367,-3.3422,3,"(67, 147, 195)",31,34
3135,3135,-1.121212121212121,-0.8787878787878789,-3.2367,-3.3422,3,"(67, 147, 195)",31,35
3136,3136,-1.121212121212121,-0.8181818181818183,3.1653,3.3425,2,"(209, 229, 240)",31,36
3137,3137,-1.121212121212121,-0.7575757575757573,3.1653,3.3425,2,"(209, 229, 240)",31,37
3138,3138,-1.121212121212121,-0.6969696969696968,3.1653,-3.3425,0,"(214, 96, 77)",31,38
3139,3139,-1.121212121212121,-0.6363636363636362,3.1653,-3.3425,0,"(214, 96, 77)",31,39
3140,3140,-1.121212121212121,-0.5757575757575757,3.1653,-3.3425,0,"(214, 96, 77)",31,40
3141,3141,-1.121212121212121,-0.5151515151515151,3.1653,-3.3425,0,"(214, 96, 77)",31,41
3142,3142,-1.121212121212121,-0.4545454545454546,3.1653,-3.3425,0,"(214, 96, 77)",31,42
3143,3143,-1.121212121212121,-0.393939393939394,3.1653,-3.3425,0,"(214, 96, 77)",31,43
3144,3144,-1.121212121212121,-0.333333333333333,3.1653,-3.3425,0,"(214, 96, 77)",31,44
3145,3145,-1.121212121212121,-0.2727272727272725,3.1653,-3.3425,0,"(214, 96, 77)",31,45
3146,3146,-1.121212121212121,-0.2121212121212119,3.1653,-3.3425,0,"(214, 96, 77)",31,46
3147,3147,-1.121212121212121,-0.1515151515151513,3.1653,-3.3425,0,"(214, 96, 77)",31,47
3148,3148,-1.121212121212121,-0.0909090909090908,3.1653,-3.3425,0,"(214, 96, 77)",31,48
3149,3149,-1.121212121212121,-0.0303030303030302,-3.2367,-3.3422,3,"(67, 147, 195)",31,49
3150,3150,-1.121212121212121,0.0303030303030302,-3.2367,3.3422,1,"(253, 219, 199)",31,50
3151,3151,-1.121212121212121,0.0909090909090908,3.1653,3.3425,2,"(209, 229, 240)",31,51
3152,3152,-1.121212121212121,0.1515151515151513,3.1653,3.3425,2,"(209, 229, 240)",31,52
3153,3153,-1.121212121212121,0.2121212121212123,3.1653,3.3425,2,"(209, 229, 240)",31,53
3154,3154,-1.121212121212121,0.2727272727272729,3.1653,3.3425,2,"(209, 229, 240)",31,54
3155,3155,-1.121212121212121,0.3333333333333335,3.1653,3.3425,2,"(209, 229, 240)",31,55
3156,3156,-1.121212121212121,0.393939393939394,3.1653,3.3425,2,"(209, 229, 240)",31,56
3157,3157,-1.121212121212121,0.4545454545454546,3.1653,3.3425,2,"(209, 229, 240)",31,57
3158,3158,-1.121212121212121,0.5151515151515151,3.1653,3.3425,2,"(209, 229, 240)",31,58
3159,3159,-1.121212121212121,0.5757575757575757,3.1653,3.3425,2,"(209, 229, 240)",31,59
3160,3160,-1.121212121212121,0.6363636363636367,3.1653,3.3425,2,"(209, 229, 240)",31,60
3161,3161,-1.121212121212121,0.6969696969696972,3.1653,3.3425,2,"(209, 229, 240)",31,61
3162,3162,-1.121212121212121,0.7575757575757578,3.1653,-3.3425,0,"(214, 96, 77)",31,62
3163,3163,-1.121212121212121,0.8181818181818183,3.1653,-3.3425,0,"(214, 96, 77)",31,63
3164,3164,-1.121212121212121,0.8787878787878789,-3.2367,3.3422,1,"(253, 219, 199)",31,64
3165,3165,-1.121212121212121,0.9393939393939394,-3.2367,3.3422,1,"(253, 219, 199)",31,65
3166,3166,-1.121212121212121,1.0,-3.2367,3.3422,1,"(253, 219, 199)",31,66
3167,3167,-1.121212121212121,1.0606060606060606,-3.2367,3.3422,1,"(253, 219, 199)",31,67
3168,3168,-1.121212121212121,1.121212121212121,-3.2367,3.3422,1,"(253, 219, 199)",31,68
3169,3169,-1.121212121212121,1.1818181818181817,-3.2367,3.3422,1,"(253, 219, 199)",31,69
3170,3170,-1.121212121212121,1.2424242424242422,-3.2367,3.3422,1,"(253, 219, 199)",31,70
3171,3171,-1.121212121212121,1.3030303030303028,-3.2367,3.3422,1,"(253, 219, 199)",31,71
3172,3172,-1.121212121212121,1.363636363636363,-3.2367,3.3422,1,"(253, 219, 199)",31,72
3173,3173,-1.121212121212121,1.4242424242424248,-3.2367,3.3422,1,"(253, 219, 199)",31,73
3174,3174,-1.121212121212121,1.4848484848484853,-3.2367,3.3422,1,"(253, 219, 199)",31,74
3175,3175,-1.121212121212121,1.545454545454546,-3.2367,3.3422,1,"(253, 219, 199)",31,75
3176,3176,-1.121212121212121,1.6060606060606064,-3.2367,3.3422,1,"(253, 219, 199)",31,76
3177,3177,-1.121212121212121,1.666666666666667,-3.2367,3.3422,1,"(253, 219, 199)",31,77
3178,3178,-1.121212121212121,1.7272727272727275,-3.2367,3.3422,1,"(253, 219, 199)",31,78
3179,3179,-1.121212121212121,1.787878787878788,-3.2367,3.3422,1,"(253, 219, 199)",31,79
3180,3180,-1.121212121212121,1.8484848484848488,-3.2367,3.3422,1,"(253, 219, 199)",31,80
3181,3181,-1.121212121212121,1.9090909090909087,-3.2367,3.3422,1,"(253, 219, 199)",31,81
3182,3182,-1.121212121212121,1.9696969696969695,-3.2367,3.3422,1,"(253, 219, 199)",31,82
3183,3183,-1.121212121212121,2.0303030303030303,-3.2367,3.3422,1,"(253, 219, 199)",31,83
3184,3184,-1.121212121212121,2.090909090909091,-3.2367,3.3422,1,"(253, 219, 199)",31,84
3185,3185,-1.121212121212121,2.1515151515151514,3.1653,3.3425,2,"(209, 229, 240)",31,85
3186,3186,-1.121212121212121,2.212121212121212,3.1653,-3.3425,0,"(214, 96, 77)",31,86
3187,3187,-1.121212121212121,2.2727272727272725,-3.2367,3.3422,1,"(253, 219, 199)",31,87
3188,3188,-1.121212121212121,2.333333333333334,-3.2367,3.3422,1,"(253, 219, 199)",31,88
3189,3189,-1.121212121212121,2.3939393939393945,-3.2367,3.3422,1,"(253, 219, 199)",31,89
3190,3190,-1.121212121212121,2.454545454545455,3.1653,3.3425,2,"(209, 229, 240)",31,90
3191,3191,-1.121212121212121,2.515151515151516,3.1653,3.3425,2,"(209, 229, 240)",31,91
3192,3192,-1.121212121212121,2.575757575757576,3.1653,3.3425,2,"(209, 229, 240)",31,92
3193,3193,-1.121212121212121,2.6363636363636367,-3.2367,3.3422,1,"(253, 219, 199)",31,93
3194,3194,-1.121212121212121,2.696969696969697,-3.2367,-3.3422,3,"(67, 147, 195)",31,94
3195,3195,-1.121212121212121,2.757575757575758,3.1653,-3.3425,0,"(214, 96, 77)",31,95
3196,3196,-1.121212121212121,2.8181818181818183,3.1653,3.3425,2,"(209, 229, 240)",31,96
3197,3197,-1.121212121212121,2.878787878787879,3.1653,3.3425,2,"(209, 229, 240)",31,97
3198,3198,-1.121212121212121,2.9393939393939394,3.1653,3.3425,2,"(209, 229, 240)",31,98
3199,3199,-1.121212121212121,3.0,3.1653,-3.3425,0,"(214, 96, 77)",31,99
3200,3200,-1.0606060606060606,-3.0,3.1653,-3.3425,0,"(214, 96, 77)",32,0
3201,3201,-1.0606060606060606,-2.9393939393939394,3.1653,-3.3425,0,"(214, 96, 77)",32,1
3202,3202,-1.0606060606060606,-2.878787878787879,3.1653,-3.3425,0,"(214, 96, 77)",32,2
3203,3203,-1.0606060606060606,-2.8181818181818183,3.1653,-3.3425,0,"(214, 96, 77)",32,3
3204,3204,-1.0606060606060606,-2.757575757575758,-3.2367,-3.3422,3,"(67, 147, 195)",32,4
3205,3205,-1.0606060606060606,-2.696969696969697,-3.2367,-3.3422,3,"(67, 147, 195)",32,5
3206,3206,-1.0606060606060606,-2.636363636363636,3.1653,-3.3425,0,"(214, 96, 77)",32,6
3207,3207,-1.0606060606060606,-2.575757575757576,3.1653,3.3425,2,"(209, 229, 240)",32,7
3208,3208,-1.0606060606060606,-2.515151515151515,-3.2367,-3.3422,3,"(67, 147, 195)",32,8
3209,3209,-1.0606060606060606,-2.4545454545454546,-3.2367,-3.3422,3,"(67, 147, 195)",32,9
3210,3210,-1.0606060606060606,-2.393939393939394,-3.2367,-3.3422,3,"(67, 147, 195)",32,10
3211,3211,-1.0606060606060606,-2.333333333333333,3.1653,-3.3425,0,"(214, 96, 77)",32,11
3212,3212,-1.0606060606060606,-2.2727272727272725,3.1653,-3.3425,0,"(214, 96, 77)",32,12
3213,3213,-1.0606060606060606,-2.212121212121212,3.1653,-3.3425,0,"(214, 96, 77)",32,13
3214,3214,-1.0606060606060606,-2.1515151515151514,3.1653,3.3425,2,"(209, 229, 240)",32,14
3215,3215,-1.0606060606060606,-2.090909090909091,-3.2367,-3.3422,3,"(67, 147, 195)",32,15
3216,3216,-1.0606060606060606,-2.0303030303030303,-3.2367,-3.3422,3,"(67, 147, 195)",32,16
3217,3217,-1.0606060606060606,-1.9696969696969695,-3.2367,-3.3422,3,"(67, 147, 195)",32,17
3218,3218,-1.0606060606060606,-1.9090909090909087,-3.2367,-3.3422,3,"(67, 147, 195)",32,18
3219,3219,-1.0606060606060606,-1.8484848484848484,-3.2367,-3.3422,3,"(67, 147, 195)",32,19
3220,3220,-1.0606060606060606,-1.7878787878787878,-3.2367,-3.3422,3,"(67, 147, 195)",32,20
3221,3221,-1.0606060606060606,-1.7272727272727273,-3.2367,-3.3422,3,"(67, 147, 195)",32,21
3222,3222,-1.0606060606060606,-1.6666666666666663,-3.2367,-3.3422,3,"(67, 147, 195)",32,22
3223,3223,-1.0606060606060606,-1.606060606060606,-3.2367,-3.3422,3,"(67, 147, 195)",32,23
3224,3224,-1.0606060606060606,-1.5454545454545454,-3.2367,-3.3422,3,"(67, 147, 195)",32,24
3225,3225,-1.0606060606060606,-1.4848484848484849,-3.2367,-3.3422,3,"(67, 147, 195)",32,25
3226,3226,-1.0606060606060606,-1.4242424242424243,-3.2367,-3.3422,3,"(67, 147, 195)",32,26
3227,3227,-1.0606060606060606,-1.3636363636363635,-3.2367,-3.3422,3,"(67, 147, 195)",32,27
3228,3228,-1.0606060606060606,-1.303030303030303,-3.2367,-3.3422,3,"(67, 147, 195)",32,28
3229,3229,-1.0606060606060606,-1.2424242424242424,-3.2367,-3.3422,3,"(67, 147, 195)",32,29
3230,3230,-1.0606060606060606,-1.1818181818181817,-3.2367,-3.3422,3,"(67, 147, 195)",32,30
3231,3231,-1.0606060606060606,-1.121212121212121,-3.2367,-3.3422,3,"(67, 147, 195)",32,31
3232,3232,-1.0606060606060606,-1.0606060606060606,-3.2367,-3.3422,3,"(67, 147, 195)",32,32
3233,3233,-1.0606060606060606,-1.0,-3.2367,-3.3422,3,"(67, 147, 195)",32,33
3234,3234,-1.0606060606060606,-0.9393939393939394,-3.2367,-3.3422,3,"(67, 147, 195)",32,34
3235,3235,-1.0606060606060606,-0.8787878787878789,-3.2367,-3.3422,3,"(67, 147, 195)",32,35
3236,3236,-1.0606060606060606,-0.8181818181818183,-3.2367,3.3422,1,"(253, 219, 199)",32,36
3237,3237,-1.0606060606060606,-0.7575757575757573,-3.2367,-3.3422,3,"(67, 147, 195)",32,37
3238,3238,-1.0606060606060606,-0.6969696969696968,3.1653,-3.3425,0,"(214, 96, 77)",32,38
3239,3239,-1.0606060606060606,-0.6363636363636362,3.1653,-3.3425,0,"(214, 96, 77)",32,39
3240,3240,-1.0606060606060606,-0.5757575757575757,3.1653,-3.3425,0,"(214, 96, 77)",32,40
3241,3241,-1.0606060606060606,-0.5151515151515151,3.1653,-3.3425,0,"(214, 96, 77)",32,41
3242,3242,-1.0606060606060606,-0.4545454545454546,3.1653,-3.3425,0,"(214, 96, 77)",32,42
3243,3243,-1.0606060606060606,-0.393939393939394,3.1653,-3.3425,0,"(214, 96, 77)",32,43
3244,3244,-1.0606060606060606,-0.333333333333333,3.1653,-3.3425,0,"(214, 96, 77)",32,44
3245,3245,-1.0606060606060606,-0.2727272727272725,3.1653,-3.3425,0,"(214, 96, 77)",32,45
3246,3246,-1.0606060606060606,-0.2121212121212119,3.1653,-3.3425,0,"(214, 96, 77)",32,46
3247,3247,-1.0606060606060606,-0.1515151515151513,3.1653,-3.3425,0,"(214, 96, 77)",32,47
3248,3248,-1.0606060606060606,-0.0909090909090908,3.1653,-3.3425,0,"(214, 96, 77)",32,48
3249,3249,-1.0606060606060606,-0.0303030303030302,-3.2367,3.3422,1,"(253, 219, 199)",32,49
3250,3250,-1.0606060606060606,0.0303030303030302,-3.2367,-3.3422,3,"(67, 147, 195)",32,50
3251,3251,-1.0606060606060606,0.0909090909090908,3.1653,3.3425,2,"(209, 229, 240)",32,51
3252,3252,-1.0606060606060606,0.1515151515151513,3.1653,3.3425,2,"(209, 229, 240)",32,52
3253,3253,-1.0606060606060606,0.2121212121212123,3.1653,3.3425,2,"(209, 229, 240)",32,53
3254,3254,-1.0606060606060606,0.2727272727272729,3.1653,3.3425,2,"(209, 229, 240)",32,54
3255,3255,-1.0606060606060606,0.3333333333333335,3.1653,3.3425,2,"(209, 229, 240)",32,55
3256,3256,-1.0606060606060606,0.393939393939394,3.1653,3.3425,2,"(209, 229, 240)",32,56
3257,3257,-1.0606060606060606,0.4545454545454546,3.1653,3.3425,2,"(209, 229, 240)",32,57
3258,3258,-1.0606060606060606,0.5151515151515151,3.1653,3.3425,2,"(209, 229, 240)",32,58
3259,3259,-1.0606060606060606,0.5757575757575757,3.1653,3.3425,2,"(209, 229, 240)",32,59
3260,3260,-1.0606060606060606,0.6363636363636367,3.1653,3.3425,2,"(209, 229, 240)",32,60
3261,3261,-1.0606060606060606,0.6969696969696972,3.1653,3.3425,2,"(209, 229, 240)",32,61
3262,3262,-1.0606060606060606,0.7575757575757578,-3.2367,3.3422,1,"(253, 219, 199)",32,62
3263,3263,-1.0606060606060606,0.8181818181818183,-3.2367,-3.3422,3,"(67, 147, 195)",32,63
3264,3264,-1.0606060606060606,0.8787878787878789,-3.2367,3.3422,1,"(253, 219, 199)",32,64
3265,3265,-1.0606060606060606,0.9393939393939394,-3.2367,3.3422,1,"(253, 219, 199)",32,65
3266,3266,-1.0606060606060606,1.0,-3.2367,3.3422,1,"(253, 219, 199)",32,66
3267,3267,-1.0606060606060606,1.0606060606060606,-3.2367,3.3422,1,"(253, 219, 199)",32,67
3268,3268,-1.0606060606060606,1.121212121212121,-3.2367,3.3422,1,"(253, 219, 199)",32,68
3269,3269,-1.0606060606060606,1.1818181818181817,-3.2367,3.3422,1,"(253, 219, 199)",32,69
3270,3270,-1.0606060606060606,1.2424242424242422,-3.2367,3.3422,1,"(253, 219, 199)",32,70
3271,3271,-1.0606060606060606,1.3030303030303028,-3.2367,3.3422,1,"(253, 219, 199)",32,71
3272,3272,-1.0606060606060606,1.363636363636363,-3.2367,3.3422,1,"(253, 219, 199)",32,72
3273,3273,-1.0606060606060606,1.4242424242424248,-3.2367,3.3422,1,"(253, 219, 199)",32,73
3274,3274,-1.0606060606060606,1.4848484848484853,-3.2367,3.3422,1,"(253, 219, 199)",32,74
3275,3275,-1.0606060606060606,1.545454545454546,-3.2367,3.3422,1,"(253, 219, 199)",32,75
3276,3276,-1.0606060606060606,1.6060606060606064,-3.2367,3.3422,1,"(253, 219, 199)",32,76
3277,3277,-1.0606060606060606,1.666666666666667,-3.2367,3.3422,1,"(253, 219, 199)",32,77
3278,3278,-1.0606060606060606,1.7272727272727275,-3.2367,3.3422,1,"(253, 219, 199)",32,78
3279,3279,-1.0606060606060606,1.787878787878788,-3.2367,3.3422,1,"(253, 219, 199)",32,79
3280,3280,-1.0606060606060606,1.8484848484848488,-3.2367,3.3422,1,"(253, 219, 199)",32,80
3281,3281,-1.0606060606060606,1.9090909090909087,-3.2367,3.3422,1,"(253, 219, 199)",32,81
3282,3282,-1.0606060606060606,1.9696969696969695,-3.2367,3.3422,1,"(253, 219, 199)",32,82
3283,3283,-1.0606060606060606,2.0303030303030303,-3.2367,3.3422,1,"(253, 219, 199)",32,83
3284,3284,-1.0606060606060606,2.090909090909091,-3.2367,3.3422,1,"(253, 219, 199)",32,84
3285,3285,-1.0606060606060606,2.1515151515151514,3.1653,-3.3425,0,"(214, 96, 77)",32,85
3286,3286,-1.0606060606060606,2.212121212121212,3.1653,3.3425,2,"(209, 229, 240)",32,86
3287,3287,-1.0606060606060606,2.2727272727272725,3.1653,3.3425,2,"(209, 229, 240)",32,87
3288,3288,-1.0606060606060606,2.333333333333334,3.1653,3.3425,2,"(209, 229, 240)",32,88
3289,3289,-1.0606060606060606,2.3939393939393945,-3.2367,3.3422,1,"(253, 219, 199)",32,89
3290,3290,-1.0606060606060606,2.454545454545455,-3.2367,3.3422,1,"(253, 219, 199)",32,90
3291,3291,-1.0606060606060606,2.515151515151516,-3.2367,3.3422,1,"(253, 219, 199)",32,91
3292,3292,-1.0606060606060606,2.575757575757576,3.1653,-3.3425,0,"(214, 96, 77)",32,92
3293,3293,-1.0606060606060606,2.6363636363636367,3.1653,3.3425,2,"(209, 229, 240)",32,93
3294,3294,-1.0606060606060606,2.696969696969697,-3.2367,3.3422,1,"(253, 219, 199)",32,94
3295,3295,-1.0606060606060606,2.757575757575758,-3.2367,3.3422,1,"(253, 219, 199)",32,95
3296,3296,-1.0606060606060606,2.8181818181818183,3.1653,3.3425,2,"(209, 229, 240)",32,96
3297,3297,-1.0606060606060606,2.878787878787879,3.1653,3.3425,2,"(209, 229, 240)",32,97
3298,3298,-1.0606060606060606,2.9393939393939394,3.1653,3.3425,2,"(209, 229, 240)",32,98
3299,3299,-1.0606060606060606,3.0,3.1653,3.3425,2,"(209, 229, 240)",32,99
3300,3300,-1.0,-3.0,3.1653,-3.3425,0,"(214, 96, 77)",33,0
3301,3301,-1.0,-2.9393939393939394,3.1653,-3.3425,0,"(214, 96, 77)",33,1
3302,3302,-1.0,-2.878787878787879,3.1653,3.3425,2,"(209, 229, 240)",33,2
3303,3303,-1.0,-2.8181818181818183,3.1653,3.3425,2,"(209, 229, 240)",33,3
3304,3304,-1.0,-2.757575757575758,-3.2367,3.3422,1,"(253, 219, 199)",33,4
3305,3305,-1.0,-2.696969696969697,3.1653,3.3425,2,"(209, 229, 240)",33,5
3306,3306,-1.0,-2.636363636363636,3.1653,-3.3425,0,"(214, 96, 77)",33,6
3307,3307,-1.0,-2.575757575757576,3.1653,3.3425,2,"(209, 229, 240)",33,7
3308,3308,-1.0,-2.515151515151515,3.1653,3.3425,2,"(209, 229, 240)",33,8
3309,3309,-1.0,-2.4545454545454546,3.1653,3.3425,2,"(209, 229, 240)",33,9
3310,3310,-1.0,-2.393939393939394,3.1653,-3.3425,0,"(214, 96, 77)",33,10
3311,3311,-1.0,-2.333333333333333,3.1653,3.3425,2,"(209, 229, 240)",33,11
3312,3312,-1.0,-2.2727272727272725,3.1653,3.3425,2,"(209, 229, 240)",33,12
3313,3313,-1.0,-2.212121212121212,-3.2367,-3.3422,3,"(67, 147, 195)",33,13
3314,3314,-1.0,-2.1515151515151514,-3.2367,-3.3422,3,"(67, 147, 195)",33,14
3315,3315,-1.0,-2.090909090909091,3.1653,-3.3425,0,"(214, 96, 77)",33,15
3316,3316,-1.0,-2.0303030303030303,3.1653,-3.3425,0,"(214, 96, 77)",33,16
3317,3317,-1.0,-1.9696969696969695,3.1653,-3.3425,0,"(214, 96, 77)",33,17
3318,3318,-1.0,-1.9090909090909087,-3.2367,3.3422,1,"(253, 219, 199)",33,18
3319,3319,-1.0,-1.8484848484848484,-3.2367,-3.3422,3,"(67, 147, 195)",33,19
3320,3320,-1.0,-1.7878787878787878,-3.2367,-3.3422,3,"(67, 147, 195)",33,20
3321,3321,-1.0,-1.7272727272727273,-3.2367,-3.3422,3,"(67, 147, 195)",33,21
3322,3322,-1.0,-1.6666666666666663,-3.2367,-3.3422,3,"(67, 147, 195)",33,22
3323,3323,-1.0,-1.606060606060606,-3.2367,-3.3422,3,"(67, 147, 195)",33,23
3324,3324,-1.0,-1.5454545454545454,-3.2367,-3.3422,3,"(67, 147, 195)",33,24
3325,3325,-1.0,-1.4848484848484849,-3.2367,-3.3422,3,"(67, 147, 195)",33,25
3326,3326,-1.0,-1.4242424242424243,-3.2367,-3.3422,3,"(67, 147, 195)",33,26
3327,3327,-1.0,-1.3636363636363635,-3.2367,-3.3422,3,"(67, 147, 195)",33,27
3328,3328,-1.0,-1.303030303030303,-3.2367,-3.3422,3,"(67, 147, 195)",33,28
3329,3329,-1.0,-1.2424242424242424,-3.2367,-3.3422,3,"(67, 147, 195)",33,29
3330,3330,-1.0,-1.1818181818181817,-3.2367,-3.3422,3,"(67, 147, 195)",33,30
3331,3331,-1.0,-1.121212121212121,-3.2367,-3.3422,3,"(67, 147, 195)",33,31
3332,3332,-1.0,-1.0606060606060606,-3.2367,-3.3422,3,"(67, 147, 195)",33,32
3333,3333,-1.0,-1.0,-3.2367,-3.3422,3,"(67, 147, 195)",33,33
3334,3334,-1.0,-0.9393939393939394,-3.2367,-3.3422,3,"(67, 147, 195)",33,34
3335,3335,-1.0,-0.8787878787878789,-3.2367,-3.3422,3,"(67, 147, 195)",33,35
3336,3336,-1.0,-0.8181818181818183,-3.2367,-3.3422,3,"(67, 147, 195)",33,36
3337,3337,-1.0,-0.7575757575757573,3.1653,3.3425,2,"(209, 229, 240)",33,37
3338,3338,-1.0,-0.6969696969696968,3.1653,-3.3425,0,"(214, 96, 77)",33,38
3339,3339,-1.0,-0.6363636363636362,3.1653,-3.3425,0,"(214, 96, 77)",33,39
3340,3340,-1.0,-0.5757575757575757,3.1653,-3.3425,0,"(214, 96, 77)",33,40
3341,3341,-1.0,-0.5151515151515151,3.1653,-3.3425,0,"(214, 96, 77)",33,41
3342,3342,-1.0,-0.4545454545454546,3.1653,-3.3425,0,"(214, 96, 77)",33,42
3343,3343,-1.0,-0.393939393939394,3.1653,-3.3425,0,"(214, 96, 77)",33,43
3344,3344,-1.0,-0.333333333333333,3.1653,-3.3425,0,"(214, 96, 77)",33,44
3345,3345,-1.0,-0.2727272727272725,3.1653,-3.3425,0,"(214, 96, 77)",33,45
3346,3346,-1.0,-0.2121212121212119,3.1653,-3.3425,0,"(214, 96, 77)",33,46
3347,3347,-1.0,-0.1515151515151513,3.1653,-3.3425,0,"(214, 96, 77)",33,47
3348,3348,-1.0,-0.0909090909090908,3.1653,-3.3425,0,"(214, 96, 77)",33,48
3349,3349,-1.0,-0.0303030303030302,-3.2367,-3.3422,3,"(67, 147, 195)",33,49
3350,3350,-1.0,0.0303030303030302,-3.2367,3.3422,1,"(253, 219, 199)",33,50
3351,3351,-1.0,0.0909090909090908,3.1653,3.3425,2,"(209, 229, 240)",33,51
3352,3352,-1.0,0.1515151515151513,3.1653,3.3425,2,"(209, 229, 240)",33,52
3353,3353,-1.0,0.2121212121212123,3.1653,3.3425,2,"(209, 229, 240)",33,53
3354,3354,-1.0,0.2727272727272729,3.1653,3.3425,2,"(209, 229, 240)",33,54
3355,3355,-1.0,0.3333333333333335,3.1653,3.3425,2,"(209, 229, 240)",33,55
3356,3356,-1.0,0.393939393939394,3.1653,3.3425,2,"(209, 229, 240)",33,56
3357,3357,-1.0,0.4545454545454546,3.1653,3.3425,2,"(209, 229, 240)",33,57
3358,3358,-1.0,0.5151515151515151,3.1653,3.3425,2,"(209, 229, 240)",33,58
3359,3359,-1.0,0.5757575757575757,3.1653,3.3425,2,"(209, 229, 240)",33,59
3360,3360,-1.0,0.6363636363636367,3.1653,3.3425,2,"(209, 229, 240)",33,60
3361,3361,-1.0,0.6969696969696972,3.1653,3.3425,2,"(209, 229, 240)",33,61
3362,3362,-1.0,0.7575757575757578,3.1653,-3.3425,0,"(214, 96, 77)",33,62
3363,3363,-1.0,0.8181818181818183,-3.2367,3.3422,1,"(253, 219, 199)",33,63
3364,3364,-1.0,0.8787878787878789,-3.2367,3.3422,1,"(253, 219, 199)",33,64
3365,3365,-1.0,0.9393939393939394,-3.2367,3.3422,1,"(253, 219, 199)",33,65
3366,3366,-1.0,1.0,-3.2367,3.3422,1,"(253, 219, 199)",33,66
3367,3367,-1.0,1.0606060606060606,-3.2367,3.3422,1,"(253, 219, 199)",33,67
3368,3368,-1.0,1.121212121212121,-3.2367,3.3422,1,"(253, 219, 199)",33,68
3369,3369,-1.0,1.1818181818181817,-3.2367,3.3422,1,"(253, 219, 199)",33,69
3370,3370,-1.0,1.2424242424242422,-3.2367,3.3422,1,"(253, 219, 199)",33,70
3371,3371,-1.0,1.3030303030303028,-3.2367,3.3422,1,"(253, 219, 199)",33,71
3372,3372,-1.0,1.363636363636363,-3.2367,3.3422,1,"(253, 219, 199)",33,72
3373,3373,-1.0,1.4242424242424248,-3.2367,3.3422,1,"(253, 219, 199)",33,73
3374,3374,-1.0,1.4848484848484853,-3.2367,3.3422,1,"(253, 219, 199)",33,74
3375,3375,-1.0,1.545454545454546,-3.2367,3.3422,1,"(253, 219, 199)",33,75
3376,3376,-1.0,1.6060606060606064,-3.2367,3.3422,1,"(253, 219, 199)",33,76
3377,3377,-1.0,1.666666666666667,-3.2367,3.3422,1,"(253, 219, 199)",33,77
3378,3378,-1.0,1.7272727272727275,-3.2367,3.3422,1,"(253, 219, 199)",33,78
3379,3379,-1.0,1.787878787878788,-3.2367,3.3422,1,"(253, 219, 199)",33,79
3380,3380,-1.0,1.8484848484848488,-3.2367,3.3422,1,"(253, 219, 199)",33,80
3381,3381,-1.0,1.9090909090909087,-3.2367,-3.3422,3,"(67, 147, 195)",33,81
3382,3382,-1.0,1.9696969696969695,3.1653,3.3425,2,"(209, 229, 240)",33,82
3383,3383,-1.0,2.0303030303030303,3.1653,3.3425,2,"(209, 229, 240)",33,83
3384,3384,-1.0,2.090909090909091,3.1653,3.3425,2,"(209, 229, 240)",33,84
3385,3385,-1.0,2.1515151515151514,-3.2367,3.3422,1,"(253, 219, 199)",33,85
3386,3386,-1.0,2.212121212121212,-3.2367,3.3422,1,"(253, 219, 199)",33,86
3387,3387,-1.0,2.2727272727272725,3.1653,-3.3425,0,"(214, 96, 77)",33,87
3388,3388,-1.0,2.333333333333334,3.1653,-3.3425,0,"(214, 96, 77)",33,88
3389,3389,-1.0,2.3939393939393945,3.1653,3.3425,2,"(209, 229, 240)",33,89
3390,3390,-1.0,2.454545454545455,3.1653,-3.3425,0,"(214, 96, 77)",33,90
3391,3391,-1.0,2.515151515151516,3.1653,-3.3425,0,"(214, 96, 77)",33,91
3392,3392,-1.0,2.575757575757576,3.1653,-3.3425,0,"(214, 96, 77)",33,92
3393,3393,-1.0,2.6363636363636367,3.1653,3.3425,2,"(209, 229, 240)",33,93
3394,3394,-1.0,2.696969696969697,3.1653,-3.3425,0,"(214, 96, 77)",33,94
3395,3395,-1.0,2.757575757575758,-3.2367,-3.3422,3,"(67, 147, 195)",33,95
3396,3396,-1.0,2.8181818181818183,3.1653,-3.3425,0,"(214, 96, 77)",33,96
3397,3397,-1.0,2.878787878787879,3.1653,-3.3425,0,"(214, 96, 77)",33,97
3398,3398,-1.0,2.9393939393939394,3.1653,3.3425,2,"(209, 229, 240)",33,98
3399,3399,-1.0,3.0,3.1653,3.3425,2,"(209, 229, 240)",33,99
3400,3400,-0.9393939393939394,-3.0,3.1653,3.3425,2,"(209, 229, 240)",34,0
3401,3401,-0.9393939393939394,-2.9393939393939394,3.1653,3.3425,2,"(209, 229, 240)",34,1
3402,3402,-0.9393939393939394,-2.878787878787879,3.1653,3.3425,2,"(209, 229, 240)",34,2
3403,3403,-0.9393939393939394,-2.8181818181818183,3.1653,3.3425,2,"(209, 229, 240)",34,3
3404,3404,-0.9393939393939394,-2.757575757575758,-3.2367,3.3422,1,"(253, 219, 199)",34,4
3405,3405,-0.9393939393939394,-2.696969696969697,-3.2367,-3.3422,3,"(67, 147, 195)",34,5
3406,3406,-0.9393939393939394,-2.636363636363636,-3.2367,3.3422,1,"(253, 219, 199)",34,6
3407,3407,-0.9393939393939394,-2.575757575757576,-3.2367,3.3422,1,"(253, 219, 199)",34,7
3408,3408,-0.9393939393939394,-2.515151515151515,3.1653,3.3425,2,"(209, 229, 240)",34,8
3409,3409,-0.9393939393939394,-2.4545454545454546,3.1653,-3.3425,0,"(214, 96, 77)",34,9
3410,3410,-0.9393939393939394,-2.393939393939394,-3.2367,-3.3422,3,"(67, 147, 195)",34,10
3411,3411,-0.9393939393939394,-2.333333333333333,-3.2367,3.3422,1,"(253, 219, 199)",34,11
3412,3412,-0.9393939393939394,-2.2727272727272725,-3.2367,3.3422,1,"(253, 219, 199)",34,12
3413,3413,-0.9393939393939394,-2.212121212121212,-3.2367,3.3422,1,"(253, 219, 199)",34,13
3414,3414,-0.9393939393939394,-2.1515151515151514,-3.2367,-3.3422,3,"(67, 147, 195)",34,14
3415,3415,-0.9393939393939394,-2.090909090909091,3.1653,3.3425,2,"(209, 229, 240)",34,15
3416,3416,-0.9393939393939394,-2.0303030303030303,3.1653,3.3425,2,"(209, 229, 240)",34,16
3417,3417,-0.9393939393939394,-1.9696969696969695,-3.2367,-3.3422,3,"(67, 147, 195)",34,17
3418,3418,-0.9393939393939394,-1.9090909090909087,-3.2367,-3.3422,3,"(67, 147, 195)",34,18
3419,3419,-0.9393939393939394,-1.8484848484848484,3.1653,3.3425,2,"(209, 229, 240)",34,19
3420,3420,-0.9393939393939394,-1.7878787878787878,-3.2367,3.3422,1,"(253, 219, 199)",34,20
3421,3421,-0.9393939393939394,-1.7272727272727273,-3.2367,-3.3422,3,"(67, 147, 195)",34,21
3422,3422,-0.9393939393939394,-1.6666666666666663,-3.2367,-3.3422,3,"(67, 147, 195)",34,22
3423,3423,-0.9393939393939394,-1.606060606060606,-3.2367,-3.3422,3,"(67, 147, 195)",34,23
3424,3424,-0.9393939393939394,-1.5454545454545454,-3.2367,-3.3422,3,"(67, 147, 195)",34,24
3425,3425,-0.9393939393939394,-1.4848484848484849,-3.2367,-3.3422,3,"(67, 147, 195)",34,25
3426,3426,-0.9393939393939394,-1.4242424242424243,-3.2367,-3.3422,3,"(67, 147, 195)",34,26
3427,3427,-0.9393939393939394,-1.3636363636363635,-3.2367,-3.3422,3,"(67, 147, 195)",34,27
3428,3428,-0.9393939393939394,-1.303030303030303,-3.2367,-3.3422,3,"(67, 147, 195)",34,28
3429,3429,-0.9393939393939394,-1.2424242424242424,-3.2367,-3.3422,3,"(67, 147, 195)",34,29
3430,3430,-0.9393939393939394,-1.1818181818181817,-3.2367,-3.3422,3,"(67, 147, 195)",34,30
3431,3431,-0.9393939393939394,-1.121212121212121,-3.2367,-3.3422,3,"(67, 147, 195)",34,31
3432,3432,-0.9393939393939394,-1.0606060606060606,-3.2367,-3.3422,3,"(67, 147, 195)",34,32
3433,3433,-0.9393939393939394,-1.0,-3.2367,-3.3422,3,"(67, 147, 195)",34,33
3434,3434,-0.9393939393939394,-0.9393939393939394,-3.2367,-3.3422,3,"(67, 147, 195)",34,34
3435,3435,-0.9393939393939394,-0.8787878787878789,-3.2367,-3.3422,3,"(67, 147, 195)",34,35
3436,3436,-0.9393939393939394,-0.8181818181818183,-3.2367,3.3422,1,"(253, 219, 199)",34,36
3437,3437,-0.9393939393939394,-0.7575757575757573,-3.2367,-3.3422,3,"(67, 147, 195)",34,37
3438,3438,-0.9393939393939394,-0.6969696969696968,-3.2367,-3.3422,3,"(67, 147, 195)",34,38
3439,3439,-0.9393939393939394,-0.6363636363636362,3.1653,-3.3425,0,"(214, 96, 77)",34,39
3440,3440,-0.9393939393939394,-0.5757575757575757,3.1653,-3.3425,0,"(214, 96, 77)",34,40
3441,3441,-0.9393939393939394,-0.5151515151515151,3.1653,-3.3425,0,"(214, 96, 77)",34,41
3442,3442,-0.9393939393939394,-0.4545454545454546,3.1653,-3.3425,0,"(214, 96, 77)",34,42
3443,3443,-0.9393939393939394,-0.393939393939394,3.1653,-3.3425,0,"(214, 96, 77)",34,43
3444,3444,-0.9393939393939394,-0.333333333333333,3.1653,-3.3425,0,"(214, 96, 77)",34,44
3445,3445,-0.9393939393939394,-0.2727272727272725,3.1653,-3.3425,0,"(214, 96, 77)",34,45
3446,3446,-0.9393939393939394,-0.2121212121212119,3.1653,-3.3425,0,"(214, 96, 77)",34,46
3447,3447,-0.9393939393939394,-0.1515151515151513,3.1653,-3.3425,0,"(214, 96, 77)",34,47
3448,3448,-0.9393939393939394,-0.0909090909090908,3.1653,-3.3425,0,"(214, 96, 77)",34,48
3449,3449,-0.9393939393939394,-0.0303030303030302,-3.2367,-3.3422,3,"(67, 147, 195)",34,49
3450,3450,-0.9393939393939394,0.0303030303030302,-3.2367,3.3422,1,"(253, 219, 199)",34,50
3451,3451,-0.9393939393939394,0.0909090909090908,3.1653,3.3425,2,"(209, 229, 240)",34,51
3452,3452,-0.9393939393939394,0.1515151515151513,3.1653,3.3425,2,"(209, 229, 240)",34,52
3453,3453,-0.9393939393939394,0.2121212121212123,3.1653,3.3425,2,"(209, 229, 240)",34,53
3454,3454,-0.9393939393939394,0.2727272727272729,3.1653,3.3425,2,"(209, 229, 240)",34,54
3455,3455,-0.9393939393939394,0.3333333333333335,3.1653,3.3425,2,"(209, 229, 240)",34,55
3456,3456,-0.9393939393939394,0.393939393939394,3.1653,3.3425,2,"(209, 229, 240)",34,56
3457,3457,-0.9393939393939394,0.4545454545454546,3.1653,3.3425,2,"(209, 229, 240)",34,57
3458,3458,-0.9393939393939394,0.5151515151515151,3.1653,3.3425,2,"(209, 229, 240)",34,58
3459,3459,-0.9393939393939394,0.5757575757575757,3.1653,3.3425,2,"(209, 229, 240)",34,59
3460,3460,-0.9393939393939394,0.6363636363636367,3.1653,3.3425,2,"(209, 229, 240)",34,60
3461,3461,-0.9393939393939394,0.6969696969696972,-3.2367,3.3422,1,"(253, 219, 199)",34,61
3462,3462,-0.9393939393939394,0.7575757575757578,-3.2367,3.3422,1,"(253, 219, 199)",34,62
3463,3463,-0.9393939393939394,0.8181818181818183,-3.2367,-3.3422,3,"(67, 147, 195)",34,63
3464,3464,-0.9393939393939394,0.8787878787878789,-3.2367,3.3422,1,"(253, 219, 199)",34,64
3465,3465,-0.9393939393939394,0.9393939393939394,-3.2367,3.3422,1,"(253, 219, 199)",34,65
3466,3466,-0.9393939393939394,1.0,-3.2367,3.3422,1,"(253, 219, 199)",34,66
3467,3467,-0.9393939393939394,1.0606060606060606,-3.2367,3.3422,1,"(253, 219, 199)",34,67
3468,3468,-0.9393939393939394,1.121212121212121,-3.2367,3.3422,1,"(253, 219, 199)",34,68
3469,3469,-0.9393939393939394,1.1818181818181817,-3.2367,3.3422,1,"(253, 219, 199)",34,69
3470,3470,-0.9393939393939394,1.2424242424242422,-3.2367,3.3422,1,"(253, 219, 199)",34,70
3471,3471,-0.9393939393939394,1.3030303030303028,-3.2367,3.3422,1,"(253, 219, 199)",34,71
3472,3472,-0.9393939393939394,1.363636363636363,-3.2367,3.3422,1,"(253, 219, 199)",34,72
3473,3473,-0.9393939393939394,1.4242424242424248,-3.2367,3.3422,1,"(253, 219, 199)",34,73
3474,3474,-0.9393939393939394,1.4848484848484853,-3.2367,3.3422,1,"(253, 219, 199)",34,74
3475,3475,-0.9393939393939394,1.545454545454546,-3.2367,3.3422,1,"(253, 219, 199)",34,75
3476,3476,-0.9393939393939394,1.6060606060606064,-3.2367,3.3422,1,"(253, 219, 199)",34,76
3477,3477,-0.9393939393939394,1.666666666666667,-3.2367,3.3422,1,"(253, 219, 199)",34,77
3478,3478,-0.9393939393939394,1.7272727272727275,-3.2367,3.3422,1,"(253, 219, 199)",34,78
3479,3479,-0.9393939393939394,1.787878787878788,-3.2367,-3.3422,3,"(67, 147, 195)",34,79
3480,3480,-0.9393939393939394,1.8484848484848488,3.1653,-3.3425,0,"(214, 96, 77)",34,80
3481,3481,-0.9393939393939394,1.9090909090909087,-3.2367,3.3422,1,"(253, 219, 199)",34,81
3482,3482,-0.9393939393939394,1.9696969696969695,-3.2367,3.3422,1,"(253, 219, 199)",34,82
3483,3483,-0.9393939393939394,2.0303030303030303,3.1653,-3.3425,0,"(214, 96, 77)",34,83
3484,3484,-0.9393939393939394,2.090909090909091,3.1653,-3.3425,0,"(214, 96, 77)",34,84
3485,3485,-0.9393939393939394,2.1515151515151514,-3.2367,3.3422,1,"(253, 219, 199)",34,85
3486,3486,-0.9393939393939394,2.212121212121212,-3.2367,-3.3422,3,"(67, 147, 195)",34,86
3487,3487,-0.9393939393939394,2.2727272727272725,-3.2367,-3.3422,3,"(67, 147, 195)",34,87
3488,3488,-0.9393939393939394,2.333333333333334,-3.2367,-3.3422,3,"(67, 147, 195)",34,88
3489,3489,-0.9393939393939394,2.3939393939393945,-3.2367,3.3422,1,"(253, 219, 199)",34,89
3490,3490,-0.9393939393939394,2.454545454545455,3.1653,3.3425,2,"(209, 229, 240)",34,90
3491,3491,-0.9393939393939394,2.515151515151516,3.1653,-3.3425,0,"(214, 96, 77)",34,91
3492,3492,-0.9393939393939394,2.575757575757576,-3.2367,-3.3422,3,"(67, 147, 195)",34,92
3493,3493,-0.9393939393939394,2.6363636363636367,-3.2367,-3.3422,3,"(67, 147, 195)",34,93
3494,3494,-0.9393939393939394,2.696969696969697,-3.2367,3.3422,1,"(253, 219, 199)",34,94
3495,3495,-0.9393939393939394,2.757575757575758,-3.2367,-3.3422,3,"(67, 147, 195)",34,95
3496,3496,-0.9393939393939394,2.8181818181818183,3.1653,-3.3425,0,"(214, 96, 77)",34,96
3497,3497,-0.9393939393939394,2.878787878787879,3.1653,-3.3425,0,"(214, 96, 77)",34,97
3498,3498,-0.9393939393939394,2.9393939393939394,3.1653,-3.3425,0,"(214, 96, 77)",34,98
3499,3499,-0.9393939393939394,3.0,3.1653,-3.3425,0,"(214, 96, 77)",34,99
3500,3500,-0.8787878787878789,-3.0,3.1653,-3.3425,0,"(214, 96, 77)",35,0
3501,3501,-0.8787878787878789,-2.9393939393939394,-3.2367,3.3422,1,"(253, 219, 199)",35,1
3502,3502,-0.8787878787878789,-2.878787878787879,3.1653,3.3425,2,"(209, 229, 240)",35,2
3503,3503,-0.8787878787878789,-2.8181818181818183,3.1653,3.3425,2,"(209, 229, 240)",35,3
3504,3504,-0.8787878787878789,-2.757575757575758,-3.2367,-3.3422,3,"(67, 147, 195)",35,4
3505,3505,-0.8787878787878789,-2.696969696969697,-3.2367,3.3422,1,"(253, 219, 199)",35,5
3506,3506,-0.8787878787878789,-2.636363636363636,-3.2367,3.3422,1,"(253, 219, 199)",35,6
3507,3507,-0.8787878787878789,-2.575757575757576,-3.2367,3.3422,1,"(253, 219, 199)",35,7
3508,3508,-0.8787878787878789,-2.515151515151515,-3.2367,3.3422,1,"(253, 219, 199)",35,8
3509,3509,-0.8787878787878789,-2.4545454545454546,-3.2367,3.3422,1,"(253, 219, 199)",35,9
3510,3510,-0.8787878787878789,-2.393939393939394,-3.2367,3.3422,1,"(253, 219, 199)",35,10
3511,3511,-0.8787878787878789,-2.333333333333333,-3.2367,3.3422,1,"(253, 219, 199)",35,11
3512,3512,-0.8787878787878789,-2.2727272727272725,-3.2367,3.3422,1,"(253, 219, 199)",35,12
3513,3513,-0.8787878787878789,-2.212121212121212,-3.2367,3.3422,1,"(253, 219, 199)",35,13
3514,3514,-0.8787878787878789,-2.1515151515151514,-3.2367,3.3422,1,"(253, 219, 199)",35,14
3515,3515,-0.8787878787878789,-2.090909090909091,-3.2367,3.3422,1,"(253, 219, 199)",35,15
3516,3516,-0.8787878787878789,-2.0303030303030303,3.1653,3.3425,2,"(209, 229, 240)",35,16
3517,3517,-0.8787878787878789,-1.9696969696969695,3.1653,-3.3425,0,"(214, 96, 77)",35,17
3518,3518,-0.8787878787878789,-1.9090909090909087,3.1653,3.3425,2,"(209, 229, 240)",35,18
3519,3519,-0.8787878787878789,-1.8484848484848484,-3.2367,-3.3422,3,"(67, 147, 195)",35,19
3520,3520,-0.8787878787878789,-1.7878787878787878,3.1653,-3.3425,0,"(214, 96, 77)",35,20
3521,3521,-0.8787878787878789,-1.7272727272727273,-3.2367,-3.3422,3,"(67, 147, 195)",35,21
3522,3522,-0.8787878787878789,-1.6666666666666663,-3.2367,-3.3422,3,"(67, 147, 195)",35,22
3523,3523,-0.8787878787878789,-1.606060606060606,-3.2367,-3.3422,3,"(67, 147, 195)",35,23
3524,3524,-0.8787878787878789,-1.5454545454545454,-3.2367,-3.3422,3,"(67, 147, 195)",35,24
3525,3525,-0.8787878787878789,-1.4848484848484849,-3.2367,-3.3422,3,"(67, 147, 195)",35,25
3526,3526,-0.8787878787878789,-1.4242424242424243,-3.2367,-3.3422,3,"(67, 147, 195)",35,26
3527,3527,-0.8787878787878789,-1.3636363636363635,-3.2367,-3.3422,3,"(67, 147, 195)",35,27
3528,3528,-0.8787878787878789,-1.303030303030303,-3.2367,-3.3422,3,"(67, 147, 195)",35,28
3529,3529,-0.8787878787878789,-1.2424242424242424,-3.2367,-3.3422,3,"(67, 147, 195)",35,29
3530,3530,-0.8787878787878789,-1.1818181818181817,-3.2367,-3.3422,3,"(67, 147, 195)",35,30
3531,3531,-0.8787878787878789,-1.121212121212121,-3.2367,-3.3422,3,"(67, 147, 195)",35,31
3532,3532,-0.8787878787878789,-1.0606060606060606,-3.2367,-3.3422,3,"(67, 147, 195)",35,32
3533,3533,-0.8787878787878789,-1.0,-3.2367,-3.3422,3,"(67, 147, 195)",35,33
3534,3534,-0.8787878787878789,-0.9393939393939394,-3.2367,-3.3422,3,"(67, 147, 195)",35,34
3535,3535,-0.8787878787878789,-0.8787878787878789,-3.2367,-3.3422,3,"(67, 147, 195)",35,35
3536,3536,-0.8787878787878789,-0.8181818181818183,-3.2367,-3.3422,3,"(67, 147, 195)",35,36
3537,3537,-0.8787878787878789,-0.7575757575757573,-3.2367,-3.3422,3,"(67, 147, 195)",35,37
3538,3538,-0.8787878787878789,-0.6969696969696968,3.1653,-3.3425,0,"(214, 96, 77)",35,38
3539,3539,-0.8787878787878789,-0.6363636363636362,3.1653,-3.3425,0,"(214, 96, 77)",35,39
3540,3540,-0.8787878787878789,-0.5757575757575757,3.1653,-3.3425,0,"(214, 96, 77)",35,40
3541,3541,-0.8787878787878789,-0.5151515151515151,3.1653,-3.3425,0,"(214, 96, 77)",35,41
3542,3542,-0.8787878787878789,-0.4545454545454546,3.1653,-3.3425,0,"(214, 96, 77)",35,42
3543,3543,-0.8787878787878789,-0.393939393939394,3.1653,-3.3425,0,"(214, 96, 77)",35,43
3544,3544,-0.8787878787878789,-0.333333333333333,3.1653,-3.3425,0,"(214, 96, 77)",35,44
3545,3545,-0.8787878787878789,-0.2727272727272725,3.1653,-3.3425,0,"(214, 96, 77)",35,45
3546,3546,-0.8787878787878789,-0.2121212121212119,3.1653,-3.3425,0,"(214, 96, 77)",35,46
3547,3547,-0.8787878787878789,-0.1515151515151513,3.1653,-3.3425,0,"(214, 96, 77)",35,47
3548,3548,-0.8787878787878789,-0.0909090909090908,3.1653,-3.3425,0,"(214, 96, 77)",35,48
3549,3549,-0.8787878787878789,-0.0303030303030302,3.1653,-3.3425,0,"(214, 96, 77)",35,49
3550,3550,-0.8787878787878789,0.0303030303030302,3.1653,3.3425,2,"(209, 229, 240)",35,50
3551,3551,-0.8787878787878789,0.0909090909090908,3.1653,3.3425,2,"(209, 229, 240)",35,51
3552,3552,-0.8787878787878789,0.1515151515151513,3.1653,3.3425,2,"(209, 229, 240)",35,52
3553,3553,-0.8787878787878789,0.2121212121212123,3.1653,3.3425,2,"(209, 229, 240)",35,53
3554,3554,-0.8787878787878789,0.2727272727272729,3.1653,3.3425,2,"(209, 229, 240)",35,54
3555,3555,-0.8787878787878789,0.3333333333333335,3.1653,3.3425,2,"(209, 229, 240)",35,55
3556,3556,-0.8787878787878789,0.393939393939394,3.1653,3.3425,2,"(209, 229, 240)",35,56
3557,3557,-0.8787878787878789,0.4545454545454546,3.1653,3.3425,2,"(209, 229, 240)",35,57
3558,3558,-0.8787878787878789,0.5151515151515151,3.1653,3.3425,2,"(209, 229, 240)",35,58
3559,3559,-0.8787878787878789,0.5757575757575757,3.1653,3.3425,2,"(209, 229, 240)",35,59
3560,3560,-0.8787878787878789,0.6363636363636367,3.1653,3.3425,2,"(209, 229, 240)",35,60
3561,3561,-0.8787878787878789,0.6969696969696972,3.1653,3.3425,2,"(209, 229, 240)",35,61
3562,3562,-0.8787878787878789,0.7575757575757578,-3.2367,3.3422,1,"(253, 219, 199)",35,62
3563,3563,-0.8787878787878789,0.8181818181818183,-3.2367,3.3422,1,"(253, 219, 199)",35,63
3564,3564,-0.8787878787878789,0.8787878787878789,-3.2367,3.3422,1,"(253, 219, 199)",35,64
3565,3565,-0.8787878787878789,0.9393939393939394,-3.2367,3.3422,1,"(253, 219, 199)",35,65
3566,3566,-0.8787878787878789,1.0,-3.2367,3.3422,1,"(253, 219, 199)",35,66
3567,3567,-0.8787878787878789,1.0606060606060606,-3.2367,3.3422,1,"(253, 219, 199)",35,67
3568,3568,-0.8787878787878789,1.121212121212121,-3.2367,3.3422,1,"(253, 219, 199)",35,68
3569,3569,-0.8787878787878789,1.1818181818181817,-3.2367,3.3422,1,"(253, 219, 199)",35,69
3570,3570,-0.8787878787878789,1.2424242424242422,-3.2367,3.3422,1,"(253, 219, 199)",35,70
3571,3571,-0.8787878787878789,1.3030303030303028,-3.2367,3.3422,1,"(253, 219, 199)",35,71
3572,3572,-0.8787878787878789,1.363636363636363,-3.2367,3.3422,1,"(253, 219, 199)",35,72
3573,3573,-0.8787878787878789,1.4242424242424248,-3.2367,3.3422,1,"(253, 219, 199)",35,73
3574,3574,-0.8787878787878789,1.4848484848484853,-3.2367,3.3422,1,"(253, 219, 199)",35,74
3575,3575,-0.8787878787878789,1.545454545454546,-3.2367,3.3422,1,"(253, 219, 199)",35,75
3576,3576,-0.8787878787878789,1.6060606060606064,-3.2367,3.3422,1,"(253, 219, 199)",35,76
3577,3577,-0.8787878787878789,1.666666666666667,-3.2367,3.3422,1,"(253, 219, 199)",35,77
3578,3578,-0.8787878787878789,1.7272727272727275,-3.2367,3.3422,1,"(253, 219, 199)",35,78
3579,3579,-0.8787878787878789,1.787878787878788,3.1653,3.3425,2,"(209, 229, 240)",35,79
3580,3580,-0.8787878787878789,1.8484848484848488,-3.2367,3.3422,1,"(253, 219, 199)",35,80
3581,3581,-0.8787878787878789,1.9090909090909087,3.1653,-3.3425,0,"(214, 96, 77)",35,81
3582,3582,-0.8787878787878789,1.9696969696969695,3.1653,3.3425,2,"(209, 229, 240)",35,82
3583,3583,-0.8787878787878789,2.0303030303030303,3.1653,-3.3425,0,"(214, 96, 77)",35,83
3584,3584,-0.8787878787878789,2.090909090909091,-3.2367,-3.3422,3,"(67, 147, 195)",35,84
3585,3585,-0.8787878787878789,2.1515151515151514,-3.2367,-3.3422,3,"(67, 147, 195)",35,85
3586,3586,-0.8787878787878789,2.212121212121212,-3.2367,-3.3422,3,"(67, 147, 195)",35,86
3587,3587,-0.8787878787878789,2.2727272727272725,-3.2367,-3.3422,3,"(67, 147, 195)",35,87
3588,3588,-0.8787878787878789,2.333333333333334,-3.2367,-3.3422,3,"(67, 147, 195)",35,88
3589,3589,-0.8787878787878789,2.3939393939393945,-3.2367,-3.3422,3,"(67, 147, 195)",35,89
3590,3590,-0.8787878787878789,2.454545454545455,-3.2367,-3.3422,3,"(67, 147, 195)",35,90
3591,3591,-0.8787878787878789,2.515151515151516,-3.2367,-3.3422,3,"(67, 147, 195)",35,91
3592,3592,-0.8787878787878789,2.575757575757576,-3.2367,-3.3422,3,"(67, 147, 195)",35,92
3593,3593,-0.8787878787878789,2.6363636363636367,-3.2367,-3.3422,3,"(67, 147, 195)",35,93
3594,3594,-0.8787878787878789,2.696969696969697,-3.2367,-3.3422,3,"(67, 147, 195)",35,94
3595,3595,-0.8787878787878789,2.757575757575758,-3.2367,3.3422,1,"(253, 219, 199)",35,95
3596,3596,-0.8787878787878789,2.8181818181818183,3.1653,-3.3425,0,"(214, 96, 77)",35,96
3597,3597,-0.8787878787878789,2.878787878787879,3.1653,-3.3425,0,"(214, 96, 77)",35,97
3598,3598,-0.8787878787878789,2.9393939393939394,-3.2367,-3.3422,3,"(67, 147, 195)",35,98
3599,3599,-0.8787878787878789,3.0,3.1653,3.3425,2,"(209, 229, 240)",35,99
3600,3600,-0.8181818181818183,-3.0,-3.2367,3.3422,1,"(253, 219, 199)",36,0
3601,3601,-0.8181818181818183,-2.9393939393939394,-3.2367,3.3422,1,"(253, 219, 199)",36,1
3602,3602,-0.8181818181818183,-2.878787878787879,-3.2367,3.3422,1,"(253, 219, 199)",36,2
3603,3603,-0.8181818181818183,-2.8181818181818183,-3.2367,3.3422,1,"(253, 219, 199)",36,3
3604,3604,-0.8181818181818183,-2.757575757575758,-3.2367,3.3422,1,"(253, 219, 199)",36,4
3605,3605,-0.8181818181818183,-2.696969696969697,-3.2367,3.3422,1,"(253, 219, 199)",36,5
3606,3606,-0.8181818181818183,-2.636363636363636,-3.2367,3.3422,1,"(253, 219, 199)",36,6
3607,3607,-0.8181818181818183,-2.575757575757576,-3.2367,3.3422,1,"(253, 219, 199)",36,7
3608,3608,-0.8181818181818183,-2.515151515151515,-3.2367,3.3422,1,"(253, 219, 199)",36,8
3609,3609,-0.8181818181818183,-2.4545454545454546,-3.2367,3.3422,1,"(253, 219, 199)",36,9
3610,3610,-0.8181818181818183,-2.393939393939394,-3.2367,3.3422,1,"(253, 219, 199)",36,10
3611,3611,-0.8181818181818183,-2.333333333333333,-3.2367,3.3422,1,"(253, 219, 199)",36,11
3612,3612,-0.8181818181818183,-2.2727272727272725,-3.2367,3.3422,1,"(253, 219, 199)",36,12
3613,3613,-0.8181818181818183,-2.212121212121212,-3.2367,3.3422,1,"(253, 219, 199)",36,13
3614,3614,-0.8181818181818183,-2.1515151515151514,-3.2367,3.3422,1,"(253, 219, 199)",36,14
3615,3615,-0.8181818181818183,-2.090909090909091,-3.2367,3.3422,1,"(253, 219, 199)",36,15
3616,3616,-0.8181818181818183,-2.0303030303030303,-3.2367,3.3422,1,"(253, 219, 199)",36,16
3617,3617,-0.8181818181818183,-1.9696969696969695,-3.2367,3.3422,1,"(253, 219, 199)",36,17
3618,3618,-0.8181818181818183,-1.9090909090909087,-3.2367,3.3422,1,"(253, 219, 199)",36,18
3619,3619,-0.8181818181818183,-1.8484848484848484,3.1653,3.3425,2,"(209, 229, 240)",36,19
3620,3620,-0.8181818181818183,-1.7878787878787878,3.1653,3.3425,2,"(209, 229, 240)",36,20
3621,3621,-0.8181818181818183,-1.7272727272727273,3.1653,-3.3425,0,"(214, 96, 77)",36,21
3622,3622,-0.8181818181818183,-1.6666666666666663,3.1653,-3.3425,0,"(214, 96, 77)",36,22
3623,3623,-0.8181818181818183,-1.606060606060606,-3.2367,3.3422,1,"(253, 219, 199)",36,23
3624,3624,-0.8181818181818183,-1.5454545454545454,-3.2367,-3.3422,3,"(67, 147, 195)",36,24
3625,3625,-0.8181818181818183,-1.4848484848484849,-3.2367,-3.3422,3,"(67, 147, 195)",36,25
3626,3626,-0.8181818181818183,-1.4242424242424243,-3.2367,-3.3422,3,"(67, 147, 195)",36,26
3627,3627,-0.8181818181818183,-1.3636363636363635,-3.2367,-3.3422,3,"(67, 147, 195)",36,27
3628,3628,-0.8181818181818183,-1.303030303030303,-3.2367,-3.3422,3,"(67, 147, 195)",36,28
3629,3629,-0.8181818181818183,-1.2424242424242424,-3.2367,-3.3422,3,"(67, 147, 195)",36,29
3630,3630,-0.8181818181818183,-1.1818181818181817,-3.2367,-3.3422,3,"(67, 147, 195)",36,30
3631,3631,-0.8181818181818183,-1.121212121212121,-3.2367,-3.3422,3,"(67, 147, 195)",36,31
3632,3632,-0.8181818181818183,-1.0606060606060606,-3.2367,-3.3422,3,"(67, 147, 195)",36,32
3633,3633,-0.8181818181818183,-1.0,-3.2367,-3.3422,3,"(67, 147, 195)",36,33
3634,3634,-0.8181818181818183,-0.9393939393939394,-3.2367,-3.3422,3,"(67, 147, 195)",36,34
3635,3635,-0.8181818181818183,-0.8787878787878789,-3.2367,-3.3422,3,"(67, 147, 195)",36,35
3636,3636,-0.8181818181818183,-0.8181818181818183,-3.2367,-3.3422,3,"(67, 147, 195)",36,36
3637,3637,-0.8181818181818183,-0.7575757575757573,-3.2367,3.3422,1,"(253, 219, 199)",36,37
3638,3638,-0.8181818181818183,-0.6969696969696968,3.1653,3.3425,2,"(209, 229, 240)",36,38
3639,3639,-0.8181818181818183,-0.6363636363636362,3.1653,-3.3425,0,"(214, 96, 77)",36,39
3640,3640,-0.8181818181818183,-0.5757575757575757,3.1653,-3.3425,0,"(214, 96, 77)",36,40
3641,3641,-0.8181818181818183,-0.5151515151515151,3.1653,-3.3425,0,"(214, 96, 77)",36,41
3642,3642,-0.8181818181818183,-0.4545454545454546,3.1653,-3.3425,0,"(214, 96, 77)",36,42
3643,3643,-0.8181818181818183,-0.393939393939394,3.1653,-3.3425,0,"(214, 96, 77)",36,43
3644,3644,-0.8181818181818183,-0.333333333333333,3.1653,-3.3425,0,"(214, 96, 77)",36,44
3645,3645,-0.8181818181818183,-0.2727272727272725,3.1653,-3.3425,0,"(214, 96, 77)",36,45
3646,3646,-0.8181818181818183,-0.2121212121212119,3.1653,-3.3425,0,"(214, 96, 77)",36,46
3647,3647,-0.8181818181818183,-0.1515151515151513,3.1653,-3.3425,0,"(214, 96, 77)",36,47
3648,3648,-0.8181818181818183,-0.0909090909090908,3.1653,-3.3425,0,"(214, 96, 77)",36,48
3649,3649,-0.8181818181818183,-0.0303030303030302,-3.2367,-3.3422,3,"(67, 147, 195)",36,49
3650,3650,-0.8181818181818183,0.0303030303030302,-3.2367,3.3422,1,"(253, 219, 199)",36,50
3651,3651,-0.8181818181818183,0.0909090909090908,3.1653,3.3425,2,"(209, 229, 240)",36,51
3652,3652,-0.8181818181818183,0.1515151515151513,3.1653,3.3425,2,"(209, 229, 240)",36,52
3653,3653,-0.8181818181818183,0.2121212121212123,3.1653,3.3425,2,"(209, 229, 240)",36,53
3654,3654,-0.8181818181818183,0.2727272727272729,3.1653,3.3425,2,"(209, 229, 240)",36,54
3655,3655,-0.8181818181818183,0.3333333333333335,3.1653,3.3425,2,"(209, 229, 240)",36,55
3656,3656,-0.8181818181818183,0.393939393939394,3.1653,3.3425,2,"(209, 229, 240)",36,56
3657,3657,-0.8181818181818183,0.4545454545454546,3.1653,3.3425,2,"(209, 229, 240)",36,57
3658,3658,-0.8181818181818183,0.5151515151515151,3.1653,3.3425,2,"(209, 229, 240)",36,58
3659,3659,-0.8181818181818183,0.5757575757575757,3.1653,3.3425,2,"(209, 229, 240)",36,59
3660,3660,-0.8181818181818183,0.6363636363636367,3.1653,3.3425,2,"(209, 229, 240)",36,60
3661,3661,-0.8181818181818183,0.6969696969696972,3.1653,-3.3425,0,"(214, 96, 77)",36,61
3662,3662,-0.8181818181818183,0.7575757575757578,-3.2367,-3.3422,3,"(67, 147, 195)",36,62
3663,3663,-0.8181818181818183,0.8181818181818183,-3.2367,3.3422,1,"(253, 219, 199)",36,63
3664,3664,-0.8181818181818183,0.8787878787878789,-3.2367,3.3422,1,"(253, 219, 199)",36,64
3665,3665,-0.8181818181818183,0.9393939393939394,-3.2367,3.3422,1,"(253, 219, 199)",36,65
3666,3666,-0.8181818181818183,1.0,-3.2367,3.3422,1,"(253, 219, 199)",36,66
3667,3667,-0.8181818181818183,1.0606060606060606,-3.2367,3.3422,1,"(253, 219, 199)",36,67
3668,3668,-0.8181818181818183,1.121212121212121,-3.2367,3.3422,1,"(253, 219, 199)",36,68
3669,3669,-0.8181818181818183,1.1818181818181817,-3.2367,3.3422,1,"(253, 219, 199)",36,69
3670,3670,-0.8181818181818183,1.2424242424242422,-3.2367,3.3422,1,"(253, 219, 199)",36,70
3671,3671,-0.8181818181818183,1.3030303030303028,-3.2367,3.3422,1,"(253, 219, 199)",36,71
3672,3672,-0.8181818181818183,1.363636363636363,-3.2367,3.3422,1,"(253, 219, 199)",36,72
3673,3673,-0.8181818181818183,1.4242424242424248,-3.2367,3.3422,1,"(253, 219, 199)",36,73
3674,3674,-0.8181818181818183,1.4848484848484853,-3.2367,3.3422,1,"(253, 219, 199)",36,74
3675,3675,-0.8181818181818183,1.545454545454546,-3.2367,3.3422,1,"(253, 219, 199)",36,75
3676,3676,-0.8181818181818183,1.6060606060606064,-3.2367,-3.3422,3,"(67, 147, 195)",36,76
3677,3677,-0.8181818181818183,1.666666666666667,3.1653,3.3425,2,"(209, 229, 240)",36,77
3678,3678,-0.8181818181818183,1.7272727272727275,3.1653,3.3425,2,"(209, 229, 240)",36,78
3679,3679,-0.8181818181818183,1.787878787878788,3.1653,-3.3425,0,"(214, 96, 77)",36,79
3680,3680,-0.8181818181818183,1.8484848484848488,3.1653,-3.3425,0,"(214, 96, 77)",36,80
3681,3681,-0.8181818181818183,1.9090909090909087,-3.2367,-3.3422,3,"(67, 147, 195)",36,81
3682,3682,-0.8181818181818183,1.9696969696969695,-3.2367,-3.3422,3,"(67, 147, 195)",36,82
3683,3683,-0.8181818181818183,2.0303030303030303,-3.2367,-3.3422,3,"(67, 147, 195)",36,83
3684,3684,-0.8181818181818183,2.090909090909091,-3.2367,-3.3422,3,"(67, 147, 195)",36,84
3685,3685,-0.8181818181818183,2.1515151515151514,-3.2367,-3.3422,3,"(67, 147, 195)",36,85
3686,3686,-0.8181818181818183,2.212121212121212,-3.2367,-3.3422,3,"(67, 147, 195)",36,86
3687,3687,-0.8181818181818183,2.2727272727272725,-3.2367,-3.3422,3,"(67, 147, 195)",36,87
3688,3688,-0.8181818181818183,2.333333333333334,-3.2367,-3.3422,3,"(67, 147, 195)",36,88
3689,3689,-0.8181818181818183,2.3939393939393945,-3.2367,-3.3422,3,"(67, 147, 195)",36,89
3690,3690,-0.8181818181818183,2.454545454545455,-3.2367,-3.3422,3,"(67, 147, 195)",36,90
3691,3691,-0.8181818181818183,2.515151515151516,-3.2367,-3.3422,3,"(67, 147, 195)",36,91
3692,3692,-0.8181818181818183,2.575757575757576,-3.2367,-3.3422,3,"(67, 147, 195)",36,92
3693,3693,-0.8181818181818183,2.6363636363636367,-3.2367,-3.3422,3,"(67, 147, 195)",36,93
3694,3694,-0.8181818181818183,2.696969696969697,-3.2367,-3.3422,3,"(67, 147, 195)",36,94
3695,3695,-0.8181818181818183,2.757575757575758,-3.2367,-3.3422,3,"(67, 147, 195)",36,95
3696,3696,-0.8181818181818183,2.8181818181818183,-3.2367,-3.3422,3,"(67, 147, 195)",36,96
3697,3697,-0.8181818181818183,2.878787878787879,-3.2367,-3.3422,3,"(67, 147, 195)",36,97
3698,3698,-0.8181818181818183,2.9393939393939394,-3.2367,-3.3422,3,"(67, 147, 195)",36,98
3699,3699,-0.8181818181818183,3.0,-3.2367,-3.3422,3,"(67, 147, 195)",36,99
3700,3700,-0.7575757575757573,-3.0,-3.2367,-3.3422,3,"(67, 147, 195)",37,0
3701,3701,-0.7575757575757573,-2.9393939393939394,-3.2367,3.3422,1,"(253, 219, 199)",37,1
3702,3702,-0.7575757575757573,-2.878787878787879,-3.2367,3.3422,1,"(253, 219, 199)",37,2
3703,3703,-0.7575757575757573,-2.8181818181818183,-3.2367,3.3422,1,"(253, 219, 199)",37,3
3704,3704,-0.7575757575757573,-2.757575757575758,-3.2367,3.3422,1,"(253, 219, 199)",37,4
3705,3705,-0.7575757575757573,-2.696969696969697,-3.2367,3.3422,1,"(253, 219, 199)",37,5
3706,3706,-0.7575757575757573,-2.636363636363636,-3.2367,3.3422,1,"(253, 219, 199)",37,6
3707,3707,-0.7575757575757573,-2.575757575757576,-3.2367,3.3422,1,"(253, 219, 199)",37,7
3708,3708,-0.7575757575757573,-2.515151515151515,-3.2367,3.3422,1,"(253, 219, 199)",37,8
3709,3709,-0.7575757575757573,-2.4545454545454546,-3.2367,3.3422,1,"(253, 219, 199)",37,9
3710,3710,-0.7575757575757573,-2.393939393939394,-3.2367,3.3422,1,"(253, 219, 199)",37,10
3711,3711,-0.7575757575757573,-2.333333333333333,-3.2367,3.3422,1,"(253, 219, 199)",37,11
3712,3712,-0.7575757575757573,-2.2727272727272725,-3.2367,3.3422,1,"(253, 219, 199)",37,12
3713,3713,-0.7575757575757573,-2.212121212121212,-3.2367,3.3422,1,"(253, 219, 199)",37,13
3714,3714,-0.7575757575757573,-2.1515151515151514,-3.2367,3.3422,1,"(253, 219, 199)",37,14
3715,3715,-0.7575757575757573,-2.090909090909091,-3.2367,3.3422,1,"(253, 219, 199)",37,15
3716,3716,-0.7575757575757573,-2.0303030303030303,-3.2367,3.3422,1,"(253, 219, 199)",37,16
3717,3717,-0.7575757575757573,-1.9696969696969695,-3.2367,3.3422,1,"(253, 219, 199)",37,17
3718,3718,-0.7575757575757573,-1.9090909090909087,-3.2367,3.3422,1,"(253, 219, 199)",37,18
3719,3719,-0.7575757575757573,-1.8484848484848484,-3.2367,3.3422,1,"(253, 219, 199)",37,19
3720,3720,-0.7575757575757573,-1.7878787878787878,-3.2367,3.3422,1,"(253, 219, 199)",37,20
3721,3721,-0.7575757575757573,-1.7272727272727273,3.1653,3.3425,2,"(209, 229, 240)",37,21
3722,3722,-0.7575757575757573,-1.6666666666666663,3.1653,3.3425,2,"(209, 229, 240)",37,22
3723,3723,-0.7575757575757573,-1.606060606060606,3.1653,-3.3425,0,"(214, 96, 77)",37,23
3724,3724,-0.7575757575757573,-1.5454545454545454,3.1653,-3.3425,0,"(214, 96, 77)",37,24
3725,3725,-0.7575757575757573,-1.4848484848484849,3.1653,-3.3425,0,"(214, 96, 77)",37,25
3726,3726,-0.7575757575757573,-1.4242424242424243,-3.2367,-3.3422,3,"(67, 147, 195)",37,26
3727,3727,-0.7575757575757573,-1.3636363636363635,-3.2367,-3.3422,3,"(67, 147, 195)",37,27
3728,3728,-0.7575757575757573,-1.303030303030303,-3.2367,-3.3422,3,"(67, 147, 195)",37,28
3729,3729,-0.7575757575757573,-1.2424242424242424,-3.2367,-3.3422,3,"(67, 147, 195)",37,29
3730,3730,-0.7575757575757573,-1.1818181818181817,-3.2367,-3.3422,3,"(67, 147, 195)",37,30
3731,3731,-0.7575757575757573,-1.121212121212121,-3.2367,-3.3422,3,"(67, 147, 195)",37,31
3732,3732,-0.7575757575757573,-1.0606060606060606,-3.2367,-3.3422,3,"(67, 147, 195)",37,32
3733,3733,-0.7575757575757573,-1.0,-3.2367,-3.3422,3,"(67, 147, 195)",37,33
3734,3734,-0.7575757575757573,-0.9393939393939394,-3.2367,-3.3422,3,"(67, 147, 195)",37,34
3735,3735,-0.7575757575757573,-0.8787878787878789,-3.2367,-3.3422,3,"(67, 147, 195)",37,35
3736,3736,-0.7575757575757573,-0.8181818181818183,-3.2367,-3.3422,3,"(67, 147, 195)",37,36
3737,3737,-0.7575757575757573,-0.7575757575757573,-3.2367,-3.3422,3,"(67, 147, 195)",37,37
3738,3738,-0.7575757575757573,-0.6969696969696968,-3.2367,3.3422,1,"(253, 219, 199)",37,38
3739,3739,-0.7575757575757573,-0.6363636363636362,3.1653,-3.3425,0,"(214, 96, 77)",37,39
3740,3740,-0.7575757575757573,-0.5757575757575757,3.1653,-3.3425,0,"(214, 96, 77)",37,40
3741,3741,-0.7575757575757573,-0.5151515151515151,3.1653,-3.3425,0,"(214, 96, 77)",37,41
3742,3742,-0.7575757575757573,-0.4545454545454546,3.1653,-3.3425,0,"(214, 96, 77)",37,42
3743,3743,-0.7575757575757573,-0.393939393939394,3.1653,-3.3425,0,"(214, 96, 77)",37,43
3744,3744,-0.7575757575757573,-0.333333333333333,3.1653,-3.3425,0,"(214, 96, 77)",37,44
3745,3745,-0.7575757575757573,-0.2727272727272725,3.1653,-3.3425,0,"(214, 96, 77)",37,45
3746,3746,-0.7575757575757573,-0.2121212121212119,3.1653,-3.3425,0,"(214, 96, 77)",37,46
3747,3747,-0.7575757575757573,-0.1515151515151513,3.1653,-3.3425,0,"(214, 96, 77)",37,47
3748,3748,-0.7575757575757573,-0.0909090909090908,3.1653,-3.3425,0,"(214, 96, 77)",37,48
3749,3749,-0.7575757575757573,-0.0303030303030302,3.1653,-3.3425,0,"(214, 96, 77)",37,49
3750,3750,-0.7575757575757573,0.0303030303030302,3.1653,3.3425,2,"(209, 229, 240)",37,50
3751,3751,-0.7575757575757573,0.0909090909090908,3.1653,3.3425,2,"(209, 229, 240)",37,51
3752,3752,-0.7575757575757573,0.1515151515151513,3.1653,3.3425,2,"(209, 229, 240)",37,52
3753,3753,-0.7575757575757573,0.2121212121212123,3.1653,3.3425,2,"(209, 229, 240)",37,53
3754,3754,-0.7575757575757573,0.2727272727272729,3.1653,3.3425,2,"(209, 229, 240)",37,54
3755,3755,-0.7575757575757573,0.3333333333333335,3.1653,3.3425,2,"(209, 229, 240)",37,55
3756,3756,-0.7575757575757573,0.393939393939394,3.1653,3.3425,2,"(209, 229, 240)",37,56
3757,3757,-0.7575757575757573,0.4545454545454546,3.1653,3.3425,2,"(209, 229, 240)",37,57
3758,3758,-0.7575757575757573,0.5151515151515151,3.1653,3.3425,2,"(209, 229, 240)",37,58
3759,3759,-0.7575757575757573,0.5757575757575757,3.1653,3.3425,2,"(209, 229, 240)",37,59
3760,3760,-0.7575757575757573,0.6363636363636367,3.1653,3.3425,2,"(209, 229, 240)",37,60
3761,3761,-0.7575757575757573,0.6969696969696972,-3.2367,-3.3422,3,"(67, 147, 195)",37,61
3762,3762,-0.7575757575757573,0.7575757575757578,-3.2367,3.3422,1,"(253, 219, 199)",37,62
3763,3763,-0.7575757575757573,0.8181818181818183,-3.2367,3.3422,1,"(253, 219, 199)",37,63
3764,3764,-0.7575757575757573,0.8787878787878789,-3.2367,3.3422,1,"(253, 219, 199)",37,64
3765,3765,-0.7575757575757573,0.9393939393939394,-3.2367,3.3422,1,"(253, 219, 199)",37,65
3766,3766,-0.7575757575757573,1.0,-3.2367,3.3422,1,"(253, 219, 199)",37,66
3767,3767,-0.7575757575757573,1.0606060606060606,-3.2367,3.3422,1,"(253, 219, 199)",37,67
3768,3768,-0.7575757575757573,1.121212121212121,-3.2367,3.3422,1,"(253, 219, 199)",37,68
3769,3769,-0.7575757575757573,1.1818181818181817,-3.2367,3.3422,1,"(253, 219, 199)",37,69
3770,3770,-0.7575757575757573,1.2424242424242422,-3.2367,3.3422,1,"(253, 219, 199)",37,70
3771,3771,-0.7575757575757573,1.3030303030303028,-3.2367,3.3422,1,"(253, 219, 199)",37,71
3772,3772,-0.7575757575757573,1.363636363636363,-3.2367,3.3422,1,"(253, 219, 199)",37,72
3773,3773,-0.7575757575757573,1.4242424242424248,-3.2367,3.3422,1,"(253, 219, 199)",37,73
3774,3774,-0.7575757575757573,1.4848484848484853,3.1653,3.3425,2,"(209, 229, 240)",37,74
3775,3775,-0.7575757575757573,1.545454545454546,3.1653,3.3425,2,"(209, 229, 240)",37,75
3776,3776,-0.7575757575757573,1.6060606060606064,3.1653,3.3425,2,"(209, 229, 240)",37,76
3777,3777,-0.7575757575757573,1.666666666666667,3.1653,-3.3425,0,"(214, 96, 77)",37,77
3778,3778,-0.7575757575757573,1.7272727272727275,3.1653,-3.3425,0,"(214, 96, 77)",37,78
3779,3779,-0.7575757575757573,1.787878787878788,-3.2367,-3.3422,3,"(67, 147, 195)",37,79
3780,3780,-0.7575757575757573,1.8484848484848488,-3.2367,-3.3422,3,"(67, 147, 195)",37,80
3781,3781,-0.7575757575757573,1.9090909090909087,-3.2367,-3.3422,3,"(67, 147, 195)",37,81
3782,3782,-0.7575757575757573,1.9696969696969695,-3.2367,-3.3422,3,"(67, 147, 195)",37,82
3783,3783,-0.7575757575757573,2.0303030303030303,-3.2367,-3.3422,3,"(67, 147, 195)",37,83
3784,3784,-0.7575757575757573,2.090909090909091,-3.2367,-3.3422,3,"(67, 147, 195)",37,84
3785,3785,-0.7575757575757573,2.1515151515151514,-3.2367,-3.3422,3,"(67, 147, 195)",37,85
3786,3786,-0.7575757575757573,2.212121212121212,-3.2367,-3.3422,3,"(67, 147, 195)",37,86
3787,3787,-0.7575757575757573,2.2727272727272725,-3.2367,-3.3422,3,"(67, 147, 195)",37,87
3788,3788,-0.7575757575757573,2.333333333333334,-3.2367,-3.3422,3,"(67, 147, 195)",37,88
3789,3789,-0.7575757575757573,2.3939393939393945,-3.2367,-3.3422,3,"(67, 147, 195)",37,89
3790,3790,-0.7575757575757573,2.454545454545455,-3.2367,-3.3422,3,"(67, 147, 195)",37,90
3791,3791,-0.7575757575757573,2.515151515151516,-3.2367,-3.3422,3,"(67, 147, 195)",37,91
3792,3792,-0.7575757575757573,2.575757575757576,-3.2367,-3.3422,3,"(67, 147, 195)",37,92
3793,3793,-0.7575757575757573,2.6363636363636367,-3.2367,-3.3422,3,"(67, 147, 195)",37,93
3794,3794,-0.7575757575757573,2.696969696969697,-3.2367,-3.3422,3,"(67, 147, 195)",37,94
3795,3795,-0.7575757575757573,2.757575757575758,-3.2367,-3.3422,3,"(67, 147, 195)",37,95
3796,3796,-0.7575757575757573,2.8181818181818183,-3.2367,-3.3422,3,"(67, 147, 195)",37,96
3797,3797,-0.7575757575757573,2.878787878787879,-3.2367,-3.3422,3,"(67, 147, 195)",37,97
3798,3798,-0.7575757575757573,2.9393939393939394,-3.2367,-3.3422,3,"(67, 147, 195)",37,98
3799,3799,-0.7575757575757573,3.0,-3.2367,3.3422,1,"(253, 219, 199)",37,99
3800,3800,-0.6969696969696968,-3.0,-3.2367,-3.3422,3,"(67, 147, 195)",38,0
3801,3801,-0.6969696969696968,-2.9393939393939394,-3.2367,3.3422,1,"(253, 219, 199)",38,1
3802,3802,-0.6969696969696968,-2.878787878787879,-3.2367,3.3422,1,"(253, 219, 199)",38,2
3803,3803,-0.6969696969696968,-2.8181818181818183,-3.2367,3.3422,1,"(253, 219, 199)",38,3
3804,3804,-0.6969696969696968,-2.757575757575758,-3.2367,3.3422,1,"(253, 219, 199)",38,4
3805,3805,-0.6969696969696968,-2.696969696969697,-3.2367,3.3422,1,"(253, 219, 199)",38,5
3806,3806,-0.6969696969696968,-2.636363636363636,-3.2367,3.3422,1,"(253, 219, 199)",38,6
3807,3807,-0.6969696969696968,-2.575757575757576,-3.2367,3.3422,1,"(253, 219, 199)",38,7
3808,3808,-0.6969696969696968,-2.515151515151515,-3.2367,3.3422,1,"(253, 219, 199)",38,8
3809,3809,-0.6969696969696968,-2.4545454545454546,-3.2367,3.3422,1,"(253, 219, 199)",38,9
3810,3810,-0.6969696969696968,-2.393939393939394,-3.2367,3.3422,1,"(253, 219, 199)",38,10
3811,3811,-0.6969696969696968,-2.333333333333333,-3.2367,3.3422,1,"(253, 219, 199)",38,11
3812,3812,-0.6969696969696968,-2.2727272727272725,-3.2367,3.3422,1,"(253, 219, 199)",38,12
3813,3813,-0.6969696969696968,-2.212121212121212,-3.2367,3.3422,1,"(253, 219, 199)",38,13
3814,3814,-0.6969696969696968,-2.1515151515151514,-3.2367,3.3422,1,"(253, 219, 199)",38,14
3815,3815,-0.6969696969696968,-2.090909090909091,-3.2367,3.3422,1,"(253, 219, 199)",38,15
3816,3816,-0.6969696969696968,-2.0303030303030303,-3.2367,3.3422,1,"(253, 219, 199)",38,16
3817,3817,-0.6969696969696968,-1.9696969696969695,-3.2367,3.3422,1,"(253, 219, 199)",38,17
3818,3818,-0.6969696969696968,-1.9090909090909087,-3.2367,3.3422,1,"(253, 219, 199)",38,18
3819,3819,-0.6969696969696968,-1.8484848484848484,-3.2367,3.3422,1,"(253, 219, 199)",38,19
3820,3820,-0.6969696969696968,-1.7878787878787878,-3.2367,3.3422,1,"(253, 219, 199)",38,20
3821,3821,-0.6969696969696968,-1.7272727272727273,-3.2367,3.3422,1,"(253, 219, 199)",38,21
3822,3822,-0.6969696969696968,-1.6666666666666663,-3.2367,-3.3422,3,"(67, 147, 195)",38,22
3823,3823,-0.6969696969696968,-1.606060606060606,-3.2367,-3.3422,3,"(67, 147, 195)",38,23
3824,3824,-0.6969696969696968,-1.5454545454545454,3.1653,3.3425,2,"(209, 229, 240)",38,24
3825,3825,-0.6969696969696968,-1.4848484848484849,-3.2367,3.3422,1,"(253, 219, 199)",38,25
3826,3826,-0.6969696969696968,-1.4242424242424243,-3.2367,-3.3422,3,"(67, 147, 195)",38,26
3827,3827,-0.6969696969696968,-1.3636363636363635,-3.2367,-3.3422,3,"(67, 147, 195)",38,27
3828,3828,-0.6969696969696968,-1.303030303030303,-3.2367,-3.3422,3,"(67, 147, 195)",38,28
3829,3829,-0.6969696969696968,-1.2424242424242424,-3.2367,-3.3422,3,"(67, 147, 195)",38,29
3830,3830,-0.6969696969696968,-1.1818181818181817,-3.2367,-3.3422,3,"(67, 147, 195)",38,30
3831,3831,-0.6969696969696968,-1.121212121212121,-3.2367,-3.3422,3,"(67, 147, 195)",38,31
3832,3832,-0.6969696969696968,-1.0606060606060606,-3.2367,-3.3422,3,"(67, 147, 195)",38,32
3833,3833,-0.6969696969696968,-1.0,-3.2367,-3.3422,3,"(67, 147, 195)",38,33
3834,3834,-0.6969696969696968,-0.9393939393939394,-3.2367,-3.3422,3,"(67, 147, 195)",38,34
3835,3835,-0.6969696969696968,-0.8787878787878789,-3.2367,-3.3422,3,"(67, 147, 195)",38,35
3836,3836,-0.6969696969696968,-0.8181818181818183,-3.2367,-3.3422,3,"(67, 147, 195)",38,36
3837,3837,-0.6969696969696968,-0.7575757575757573,-3.2367,-3.3422,3,"(67, 147, 195)",38,37
3838,3838,-0.6969696969696968,-0.6969696969696968,-3.2367,3.3422,1,"(253, 219, 199)",38,38
3839,3839,-0.6969696969696968,-0.6363636363636362,-3.2367,3.3422,1,"(253, 219, 199)",38,39
3840,3840,-0.6969696969696968,-0.5757575757575757,3.1653,-3.3425,0,"(214, 96, 77)",38,40
3841,3841,-0.6969696969696968,-0.5151515151515151,3.1653,-3.3425,0,"(214, 96, 77)",38,41
3842,3842,-0.6969696969696968,-0.4545454545454546,3.1653,-3.3425,0,"(214, 96, 77)",38,42
3843,3843,-0.6969696969696968,-0.393939393939394,3.1653,-3.3425,0,"(214, 96, 77)",38,43
3844,3844,-0.6969696969696968,-0.333333333333333,3.1653,-3.3425,0,"(214, 96, 77)",38,44
3845,3845,-0.6969696969696968,-0.2727272727272725,3.1653,-3.3425,0,"(214, 96, 77)",38,45
3846,3846,-0.6969696969696968,-0.2121212121212119,3.1653,-3.3425,0,"(214, 96, 77)",38,46
3847,3847,-0.6969696969696968,-0.1515151515151513,3.1653,-3.3425,0,"(214, 96, 77)",38,47
3848,3848,-0.6969696969696968,-0.0909090909090908,3.1653,-3.3425,0,"(214, 96, 77)",38,48
3849,3849,-0.6969696969696968,-0.0303030303030302,-3.2367,-3.3422,3,"(67, 147, 195)",38,49
3850,3850,-0.6969696969696968,0.0303030303030302,-3.2367,3.3422,1,"(253, 219, 199)",38,50
3851,3851,-0.6969696969696968,0.0909090909090908,3.1653,3.3425,2,"(209, 229, 240)",38,51
3852,3852,-0.6969696969696968,0.1515151515151513,3.1653,3.3425,2,"(209, 229, 240)",38,52
3853,3853,-0.6969696969696968,0.2121212121212123,3.1653,3.3425,2,"(209, 229, 240)",38,53
3854,3854,-0.6969696969696968,0.2727272727272729,3.1653,3.3425,2,"(209, 229, 240)",38,54
3855,3855,-0.6969696969696968,0.3333333333333335,3.1653,3.3425,2,"(209, 229, 240)",38,55
3856,3856,-0.6969696969696968,0.393939393939394,3.1653,3.3425,2,"(209, 229, 240)",38,56
3857,3857,-0.6969696969696968,0.4545454545454546,3.1653,3.3425,2,"(209, 229, 240)",38,57
3858,3858,-0.6969696969696968,0.5151515151515151,3.1653,3.3425,2,"(209, 229, 240)",38,58
3859,3859,-0.6969696969696968,0.5757575757575757,3.1653,3.3425,2,"(209, 229, 240)",38,59
3860,3860,-0.6969696969696968,0.6363636363636367,-3.2367,-3.3422,3,"(67, 147, 195)",38,60
3861,3861,-0.6969696969696968,0.6969696969696972,-3.2367,-3.3422,3,"(67, 147, 195)",38,61
3862,3862,-0.6969696969696968,0.7575757575757578,-3.2367,3.3422,1,"(253, 219, 199)",38,62
3863,3863,-0.6969696969696968,0.8181818181818183,-3.2367,3.3422,1,"(253, 219, 199)",38,63
3864,3864,-0.6969696969696968,0.8787878787878789,-3.2367,3.3422,1,"(253, 219, 199)",38,64
3865,3865,-0.6969696969696968,0.9393939393939394,-3.2367,3.3422,1,"(253, 219, 199)",38,65
3866,3866,-0.6969696969696968,1.0,-3.2367,3.3422,1,"(253, 219, 199)",38,66
3867,3867,-0.6969696969696968,1.0606060606060606,-3.2367,3.3422,1,"(253, 219, 199)",38,67
3868,3868,-0.6969696969696968,1.121212121212121,-3.2367,3.3422,1,"(253, 219, 199)",38,68
3869,3869,-0.6969696969696968,1.1818181818181817,-3.2367,3.3422,1,"(253, 219, 199)",38,69
3870,3870,-0.6969696969696968,1.2424242424242422,-3.2367,3.3422,1,"(253, 219, 199)",38,70
3871,3871,-0.6969696969696968,1.3030303030303028,-3.2367,3.3422,1,"(253, 219, 199)",38,71
3872,3872,-0.6969696969696968,1.363636363636363,-3.2367,3.3422,1,"(253, 219, 199)",38,72
3873,3873,-0.6969696969696968,1.4242424242424248,-3.2367,3.3422,1,"(253, 219, 199)",38,73
3874,3874,-0.6969696969696968,1.4848484848484853,-3.2367,-3.3422,3,"(67, 147, 195)",38,74
3875,3875,-0.6969696969696968,1.545454545454546,3.1653,-3.3425,0,"(214, 96, 77)",38,75
3876,3876,-0.6969696969696968,1.6060606060606064,-3.2367,3.3422,1,"(253, 219, 199)",38,76
3877,3877,-0.6969696969696968,1.666666666666667,-3.2367,3.3422,1,"(253, 219, 199)",38,77
3878,3878,-0.6969696969696968,1.7272727272727275,-3.2367,-3.3422,3,"(67, 147, 195)",38,78
3879,3879,-0.6969696969696968,1.787878787878788,-3.2367,-3.3422,3,"(67, 147, 195)",38,79
3880,3880,-0.6969696969696968,1.8484848484848488,-3.2367,-3.3422,3,"(67, 147, 195)",38,80
3881,3881,-0.6969696969696968,1.9090909090909087,-3.2367,-3.3422,3,"(67, 147, 195)",38,81
3882,3882,-0.6969696969696968,1.9696969696969695,-3.2367,-3.3422,3,"(67, 147, 195)",38,82
3883,3883,-0.6969696969696968,2.0303030303030303,-3.2367,-3.3422,3,"(67, 147, 195)",38,83
3884,3884,-0.6969696969696968,2.090909090909091,-3.2367,-3.3422,3,"(67, 147, 195)",38,84
3885,3885,-0.6969696969696968,2.1515151515151514,-3.2367,-3.3422,3,"(67, 147, 195)",38,85
3886,3886,-0.6969696969696968,2.212121212121212,-3.2367,-3.3422,3,"(67, 147, 195)",38,86
3887,3887,-0.6969696969696968,2.2727272727272725,-3.2367,-3.3422,3,"(67, 147, 195)",38,87
3888,3888,-0.6969696969696968,2.333333333333334,-3.2367,-3.3422,3,"(67, 147, 195)",38,88
3889,3889,-0.6969696969696968,2.3939393939393945,-3.2367,-3.3422,3,"(67, 147, 195)",38,89
3890,3890,-0.6969696969696968,2.454545454545455,-3.2367,-3.3422,3,"(67, 147, 195)",38,90
3891,3891,-0.6969696969696968,2.515151515151516,-3.2367,-3.3422,3,"(67, 147, 195)",38,91
3892,3892,-0.6969696969696968,2.575757575757576,-3.2367,-3.3422,3,"(67, 147, 195)",38,92
3893,3893,-0.6969696969696968,2.6363636363636367,-3.2367,-3.3422,3,"(67, 147, 195)",38,93
3894,3894,-0.6969696969696968,2.696969696969697,-3.2367,-3.3422,3,"(67, 147, 195)",38,94
3895,3895,-0.6969696969696968,2.757575757575758,-3.2367,-3.3422,3,"(67, 147, 195)",38,95
3896,3896,-0.6969696969696968,2.8181818181818183,-3.2367,-3.3422,3,"(67, 147, 195)",38,96
3897,3897,-0.6969696969696968,2.878787878787879,-3.2367,-3.3422,3,"(67, 147, 195)",38,97
3898,3898,-0.6969696969696968,2.9393939393939394,-3.2367,-3.3422,3,"(67, 147, 195)",38,98
3899,3899,-0.6969696969696968,3.0,-3.2367,3.3422,1,"(253, 219, 199)",38,99
3900,3900,-0.6363636363636362,-3.0,3.1653,3.3425,2,"(209, 229, 240)",39,0
3901,3901,-0.6363636363636362,-2.9393939393939394,-3.2367,3.3422,1,"(253, 219, 199)",39,1
3902,3902,-0.6363636363636362,-2.878787878787879,-3.2367,3.3422,1,"(253, 219, 199)",39,2
3903,3903,-0.6363636363636362,-2.8181818181818183,-3.2367,3.3422,1,"(253, 219, 199)",39,3
3904,3904,-0.6363636363636362,-2.757575757575758,-3.2367,3.3422,1,"(253, 219, 199)",39,4
3905,3905,-0.6363636363636362,-2.696969696969697,-3.2367,3.3422,1,"(253, 219, 199)",39,5
3906,3906,-0.6363636363636362,-2.636363636363636,-3.2367,3.3422,1,"(253, 219, 199)",39,6
3907,3907,-0.6363636363636362,-2.575757575757576,-3.2367,3.3422,1,"(253, 219, 199)",39,7
3908,3908,-0.6363636363636362,-2.515151515151515,-3.2367,3.3422,1,"(253, 219, 199)",39,8
3909,3909,-0.6363636363636362,-2.4545454545454546,-3.2367,3.3422,1,"(253, 219, 199)",39,9
3910,3910,-0.6363636363636362,-2.393939393939394,-3.2367,3.3422,1,"(253, 219, 199)",39,10
3911,3911,-0.6363636363636362,-2.333333333333333,-3.2367,3.3422,1,"(253, 219, 199)",39,11
3912,3912,-0.6363636363636362,-2.2727272727272725,-3.2367,3.3422,1,"(253, 219, 199)",39,12
3913,3913,-0.6363636363636362,-2.212121212121212,-3.2367,3.3422,1,"(253, 219, 199)",39,13
3914,3914,-0.6363636363636362,-2.1515151515151514,-3.2367,3.3422,1,"(253, 219, 199)",39,14
3915,3915,-0.6363636363636362,-2.090909090909091,-3.2367,3.3422,1,"(253, 219, 199)",39,15
3916,3916,-0.6363636363636362,-2.0303030303030303,-3.2367,3.3422,1,"(253, 219, 199)",39,16
3917,3917,-0.6363636363636362,-1.9696969696969695,-3.2367,3.3422,1,"(253, 219, 199)",39,17
3918,3918,-0.6363636363636362,-1.9090909090909087,-3.2367,3.3422,1,"(253, 219, 199)",39,18
3919,3919,-0.6363636363636362,-1.8484848484848484,-3.2367,3.3422,1,"(253, 219, 199)",39,19
3920,3920,-0.6363636363636362,-1.7878787878787878,-3.2367,3.3422,1,"(253, 219, 199)",39,20
3921,3921,-0.6363636363636362,-1.7272727272727273,-3.2367,3.3422,1,"(253, 219, 199)",39,21
3922,3922,-0.6363636363636362,-1.6666666666666663,-3.2367,3.3422,1,"(253, 219, 199)",39,22
3923,3923,-0.6363636363636362,-1.606060606060606,-3.2367,3.3422,1,"(253, 219, 199)",39,23
3924,3924,-0.6363636363636362,-1.5454545454545454,-3.2367,-3.3422,3,"(67, 147, 195)",39,24
3925,3925,-0.6363636363636362,-1.4848484848484849,3.1653,3.3425,2,"(209, 229, 240)",39,25
3926,3926,-0.6363636363636362,-1.4242424242424243,3.1653,-3.3425,0,"(214, 96, 77)",39,26
3927,3927,-0.6363636363636362,-1.3636363636363635,-3.2367,3.3422,1,"(253, 219, 199)",39,27
3928,3928,-0.6363636363636362,-1.303030303030303,-3.2367,-3.3422,3,"(67, 147, 195)",39,28
3929,3929,-0.6363636363636362,-1.2424242424242424,-3.2367,-3.3422,3,"(67, 147, 195)",39,29
3930,3930,-0.6363636363636362,-1.1818181818181817,-3.2367,-3.3422,3,"(67, 147, 195)",39,30
3931,3931,-0.6363636363636362,-1.121212121212121,-3.2367,-3.3422,3,"(67, 147, 195)",39,31
3932,3932,-0.6363636363636362,-1.0606060606060606,-3.2367,-3.3422,3,"(67, 147, 195)",39,32
3933,3933,-0.6363636363636362,-1.0,-3.2367,-3.3422,3,"(67, 147, 195)",39,33
3934,3934,-0.6363636363636362,-0.9393939393939394,-3.2367,-3.3422,3,"(67, 147, 195)",39,34
3935,3935,-0.6363636363636362,-0.8787878787878789,-3.2367,-3.3422,3,"(67, 147, 195)",39,35
3936,3936,-0.6363636363636362,-0.8181818181818183,-3.2367,-3.3422,3,"(67, 147, 195)",39,36
3937,3937,-0.6363636363636362,-0.7575757575757573,-3.2367,-3.3422,3,"(67, 147, 195)",39,37
3938,3938,-0.6363636363636362,-0.6969696969696968,-3.2367,-3.3422,3,"(67, 147, 195)",39,38
3939,3939,-0.6363636363636362,-0.6363636363636362,3.1653,3.3425,2,"(209, 229, 240)",39,39
3940,3940,-0.6363636363636362,-0.5757575757575757,3.1653,-3.3425,0,"(214, 96, 77)",39,40
3941,3941,-0.6363636363636362,-0.5151515151515151,3.1653,-3.3425,0,"(214, 96, 77)",39,41
3942,3942,-0.6363636363636362,-0.4545454545454546,3.1653,-3.3425,0,"(214, 96, 77)",39,42
3943,3943,-0.6363636363636362,-0.393939393939394,3.1653,-3.3425,0,"(214, 96, 77)",39,43
3944,3944,-0.6363636363636362,-0.333333333333333,3.1653,-3.3425,0,"(214, 96, 77)",39,44
3945,3945,-0.6363636363636362,-0.2727272727272725,3.1653,-3.3425,0,"(214, 96, 77)",39,45
3946,3946,-0.6363636363636362,-0.2121212121212119,3.1653,-3.3425,0,"(214, 96, 77)",39,46
3947,3947,-0.6363636363636362,-0.1515151515151513,3.1653,-3.3425,0,"(214, 96, 77)",39,47
3948,3948,-0.6363636363636362,-0.0909090909090908,3.1653,-3.3425,0,"(214, 96, 77)",39,48
3949,3949,-0.6363636363636362,-0.0303030303030302,3.1653,-3.3425,0,"(214, 96, 77)",39,49
3950,3950,-0.6363636363636362,0.0303030303030302,3.1653,3.3425,2,"(209, 229, 240)",39,50
3951,3951,-0.6363636363636362,0.0909090909090908,3.1653,3.3425,2,"(209, 229, 240)",39,51
3952,3952,-0.6363636363636362,0.1515151515151513,3.1653,3.3425,2,"(209, 229, 240)",39,52
3953,3953,-0.6363636363636362,0.2121212121212123,3.1653,3.3425,2,"(209, 229, 240)",39,53
3954,3954,-0.6363636363636362,0.2727272727272729,3.1653,3.3425,2,"(209, 229, 240)",39,54
3955,3955,-0.6363636363636362,0.3333333333333335,3.1653,3.3425,2,"(209, 229, 240)",39,55
3956,3956,-0.6363636363636362,0.393939393939394,3.1653,3.3425,2,"(209, 229, 240)",39,56
3957,3957,-0.6363636363636362,0.4545454545454546,3.1653,3.3425,2,"(209, 229, 240)",39,57
3958,3958,-0.6363636363636362,0.5151515151515151,3.1653,3.3425,2,"(209, 229, 240)",39,58
3959,3959,-0.6363636363636362,0.5757575757575757,3.1653,3.3425,2,"(209, 229, 240)",39,59
3960,3960,-0.6363636363636362,0.6363636363636367,3.1653,-3.3425,0,"(214, 96, 77)",39,60
3961,3961,-0.6363636363636362,0.6969696969696972,-3.2367,3.3422,1,"(253, 219, 199)",39,61
3962,3962,-0.6363636363636362,0.7575757575757578,-3.2367,3.3422,1,"(253, 219, 199)",39,62
3963,3963,-0.6363636363636362,0.8181818181818183,-3.2367,3.3422,1,"(253, 219, 199)",39,63
3964,3964,-0.6363636363636362,0.8787878787878789,-3.2367,3.3422,1,"(253, 219, 199)",39,64
3965,3965,-0.6363636363636362,0.9393939393939394,-3.2367,3.3422,1,"(253, 219, 199)",39,65
3966,3966,-0.6363636363636362,1.0,-3.2367,3.3422,1,"(253, 219, 199)",39,66
3967,3967,-0.6363636363636362,1.0606060606060606,-3.2367,3.3422,1,"(253, 219, 199)",39,67
3968,3968,-0.6363636363636362,1.121212121212121,-3.2367,3.3422,1,"(253, 219, 199)",39,68
3969,3969,-0.6363636363636362,1.1818181818181817,-3.2367,3.3422,1,"(253, 219, 199)",39,69
3970,3970,-0.6363636363636362,1.2424242424242422,-3.2367,3.3422,1,"(253, 219, 199)",39,70
3971,3971,-0.6363636363636362,1.3030303030303028,-3.2367,3.3422,1,"(253, 219, 199)",39,71
3972,3972,-0.6363636363636362,1.363636363636363,-3.2367,-3.3422,3,"(67, 147, 195)",39,72
3973,3973,-0.6363636363636362,1.4242424242424248,3.1653,3.3425,2,"(209, 229, 240)",39,73
3974,3974,-0.6363636363636362,1.4848484848484853,3.1653,-3.3425,0,"(214, 96, 77)",39,74
3975,3975,-0.6363636363636362,1.545454545454546,-3.2367,3.3422,1,"(253, 219, 199)",39,75
3976,3976,-0.6363636363636362,1.6060606060606064,-3.2367,-3.3422,3,"(67, 147, 195)",39,76
3977,3977,-0.6363636363636362,1.666666666666667,-3.2367,-3.3422,3,"(67, 147, 195)",39,77
3978,3978,-0.6363636363636362,1.7272727272727275,-3.2367,-3.3422,3,"(67, 147, 195)",39,78
3979,3979,-0.6363636363636362,1.787878787878788,-3.2367,-3.3422,3,"(67, 147, 195)",39,79
3980,3980,-0.6363636363636362,1.8484848484848488,-3.2367,-3.3422,3,"(67, 147, 195)",39,80
3981,3981,-0.6363636363636362,1.9090909090909087,-3.2367,-3.3422,3,"(67, 147, 195)",39,81
3982,3982,-0.6363636363636362,1.9696969696969695,-3.2367,-3.3422,3,"(67, 147, 195)",39,82
3983,3983,-0.6363636363636362,2.0303030303030303,-3.2367,-3.3422,3,"(67, 147, 195)",39,83
3984,3984,-0.6363636363636362,2.090909090909091,-3.2367,-3.3422,3,"(67, 147, 195)",39,84
3985,3985,-0.6363636363636362,2.1515151515151514,-3.2367,-3.3422,3,"(67, 147, 195)",39,85
3986,3986,-0.6363636363636362,2.212121212121212,-3.2367,-3.3422,3,"(67, 147, 195)",39,86
3987,3987,-0.6363636363636362,2.2727272727272725,-3.2367,-3.3422,3,"(67, 147, 195)",39,87
3988,3988,-0.6363636363636362,2.333333333333334,-3.2367,-3.3422,3,"(67, 147, 195)",39,88
3989,3989,-0.6363636363636362,2.3939393939393945,-3.2367,-3.3422,3,"(67, 147, 195)",39,89
3990,3990,-0.6363636363636362,2.454545454545455,-3.2367,-3.3422,3,"(67, 147, 195)",39,90
3991,3991,-0.6363636363636362,2.515151515151516,-3.2367,-3.3422,3,"(67, 147, 195)",39,91
3992,3992,-0.6363636363636362,2.575757575757576,-3.2367,-3.3422,3,"(67, 147, 195)",39,92
3993,3993,-0.6363636363636362,2.6363636363636367,-3.2367,-3.3422,3,"(67, 147, 195)",39,93
3994,3994,-0.6363636363636362,2.696969696969697,-3.2367,-3.3422,3,"(67, 147, 195)",39,94
3995,3995,-0.6363636363636362,2.757575757575758,-3.2367,-3.3422,3,"(67, 147, 195)",39,95
3996,3996,-0.6363636363636362,2.8181818181818183,-3.2367,-3.3422,3,"(67, 147, 195)",39,96
3997,3997,-0.6363636363636362,2.878787878787879,-3.2367,-3.3422,3,"(67, 147, 195)",39,97
3998,3998,-0.6363636363636362,2.9393939393939394,-3.2367,-3.3422,3,"(67, 147, 195)",39,98
3999,3999,-0.6363636363636362,3.0,3.1653,-3.3425,0,"(214, 96, 77)",39,99
4000,4000,-0.5757575757575757,-3.0,-3.2367,3.3422,1,"(253, 219, 199)",40,0
4001,4001,-0.5757575757575757,-2.9393939393939394,-3.2367,3.3422,1,"(253, 219, 199)",40,1
4002,4002,-0.5757575757575757,-2.878787878787879,-3.2367,3.3422,1,"(253, 219, 199)",40,2
4003,4003,-0.5757575757575757,-2.8181818181818183,-3.2367,3.3422,1,"(253, 219, 199)",40,3
4004,4004,-0.5757575757575757,-2.757575757575758,-3.2367,3.3422,1,"(253, 219, 199)",40,4
4005,4005,-0.5757575757575757,-2.696969696969697,-3.2367,3.3422,1,"(253, 219, 199)",40,5
4006,4006,-0.5757575757575757,-2.636363636363636,-3.2367,3.3422,1,"(253, 219, 199)",40,6
4007,4007,-0.5757575757575757,-2.575757575757576,-3.2367,3.3422,1,"(253, 219, 199)",40,7
4008,4008,-0.5757575757575757,-2.515151515151515,-3.2367,3.3422,1,"(253, 219, 199)",40,8
4009,4009,-0.5757575757575757,-2.4545454545454546,-3.2367,3.3422,1,"(253, 219, 199)",40,9
4010,4010,-0.5757575757575757,-2.393939393939394,-3.2367,3.3422,1,"(253, 219, 199)",40,10
4011,4011,-0.5757575757575757,-2.333333333333333,-3.2367,3.3422,1,"(253, 219, 199)",40,11
4012,4012,-0.5757575757575757,-2.2727272727272725,-3.2367,3.3422,1,"(253, 219, 199)",40,12
4013,4013,-0.5757575757575757,-2.212121212121212,-3.2367,3.3422,1,"(253, 219, 199)",40,13
4014,4014,-0.5757575757575757,-2.1515151515151514,-3.2367,3.3422,1,"(253, 219, 199)",40,14
4015,4015,-0.5757575757575757,-2.090909090909091,-3.2367,3.3422,1,"(253, 219, 199)",40,15
4016,4016,-0.5757575757575757,-2.0303030303030303,-3.2367,3.3422,1,"(253, 219, 199)",40,16
4017,4017,-0.5757575757575757,-1.9696969696969695,-3.2367,3.3422,1,"(253, 219, 199)",40,17
4018,4018,-0.5757575757575757,-1.9090909090909087,-3.2367,3.3422,1,"(253, 219, 199)",40,18
4019,4019,-0.5757575757575757,-1.8484848484848484,-3.2367,3.3422,1,"(253, 219, 199)",40,19
4020,4020,-0.5757575757575757,-1.7878787878787878,-3.2367,3.3422,1,"(253, 219, 199)",40,20
4021,4021,-0.5757575757575757,-1.7272727272727273,-3.2367,3.3422,1,"(253, 219, 199)",40,21
4022,4022,-0.5757575757575757,-1.6666666666666663,-3.2367,3.3422,1,"(253, 219, 199)",40,22
4023,4023,-0.5757575757575757,-1.606060606060606,-3.2367,3.3422,1,"(253, 219, 199)",40,23
4024,4024,-0.5757575757575757,-1.5454545454545454,-3.2367,3.3422,1,"(253, 219, 199)",40,24
4025,4025,-0.5757575757575757,-1.4848484848484849,-3.2367,3.3422,1,"(253, 219, 199)",40,25
4026,4026,-0.5757575757575757,-1.4242424242424243,-3.2367,-3.3422,3,"(67, 147, 195)",40,26
4027,4027,-0.5757575757575757,-1.3636363636363635,3.1653,3.3425,2,"(209, 229, 240)",40,27
4028,4028,-0.5757575757575757,-1.303030303030303,3.1653,3.3425,2,"(209, 229, 240)",40,28
4029,4029,-0.5757575757575757,-1.2424242424242424,-3.2367,-3.3422,3,"(67, 147, 195)",40,29
4030,4030,-0.5757575757575757,-1.1818181818181817,-3.2367,-3.3422,3,"(67, 147, 195)",40,30
4031,4031,-0.5757575757575757,-1.121212121212121,-3.2367,-3.3422,3,"(67, 147, 195)",40,31
4032,4032,-0.5757575757575757,-1.0606060606060606,-3.2367,-3.3422,3,"(67, 147, 195)",40,32
4033,4033,-0.5757575757575757,-1.0,-3.2367,-3.3422,3,"(67, 147, 195)",40,33
4034,4034,-0.5757575757575757,-0.9393939393939394,-3.2367,-3.3422,3,"(67, 147, 195)",40,34
4035,4035,-0.5757575757575757,-0.8787878787878789,-3.2367,-3.3422,3,"(67, 147, 195)",40,35
4036,4036,-0.5757575757575757,-0.8181818181818183,-3.2367,-3.3422,3,"(67, 147, 195)",40,36
4037,4037,-0.5757575757575757,-0.7575757575757573,-3.2367,-3.3422,3,"(67, 147, 195)",40,37
4038,4038,-0.5757575757575757,-0.6969696969696968,-3.2367,-3.3422,3,"(67, 147, 195)",40,38
4039,4039,-0.5757575757575757,-0.6363636363636362,-3.2367,-3.3422,3,"(67, 147, 195)",40,39
4040,4040,-0.5757575757575757,-0.5757575757575757,-3.2367,-3.3422,3,"(67, 147, 195)",40,40
4041,4041,-0.5757575757575757,-0.5151515151515151,3.1653,-3.3425,0,"(214, 96, 77)",40,41
4042,4042,-0.5757575757575757,-0.4545454545454546,3.1653,-3.3425,0,"(214, 96, 77)",40,42
4043,4043,-0.5757575757575757,-0.393939393939394,3.1653,-3.3425,0,"(214, 96, 77)",40,43
4044,4044,-0.5757575757575757,-0.333333333333333,3.1653,-3.3425,0,"(214, 96, 77)",40,44
4045,4045,-0.5757575757575757,-0.2727272727272725,3.1653,-3.3425,0,"(214, 96, 77)",40,45
4046,4046,-0.5757575757575757,-0.2121212121212119,3.1653,-3.3425,0,"(214, 96, 77)",40,46
4047,4047,-0.5757575757575757,-0.1515151515151513,3.1653,-3.3425,0,"(214, 96, 77)",40,47
4048,4048,-0.5757575757575757,-0.0909090909090908,3.1653,-3.3425,0,"(214, 96, 77)",40,48
4049,4049,-0.5757575757575757,-0.0303030303030302,3.1653,3.3425,2,"(209, 229, 240)",40,49
4050,4050,-0.5757575757575757,0.0303030303030302,3.1653,-3.3425,0,"(214, 96, 77)",40,50
4051,4051,-0.5757575757575757,0.0909090909090908,3.1653,3.3425,2,"(209, 229, 240)",40,51
4052,4052,-0.5757575757575757,0.1515151515151513,3.1653,3.3425,2,"(209, 229, 240)",40,52
4053,4053,-0.5757575757575757,0.2121212121212123,3.1653,3.3425,2,"(209, 229, 240)",40,53
4054,4054,-0.5757575757575757,0.2727272727272729,3.1653,3.3425,2,"(209, 229, 240)",40,54
4055,4055,-0.5757575757575757,0.3333333333333335,3.1653,3.3425,2,"(209, 229, 240)",40,55
4056,4056,-0.5757575757575757,0.393939393939394,3.1653,3.3425,2,"(209, 229, 240)",40,56
4057,4057,-0.5757575757575757,0.4545454545454546,3.1653,3.3425,2,"(209, 229, 240)",40,57
4058,4058,-0.5757575757575757,0.5151515151515151,3.1653,3.3425,2,"(209, 229, 240)",40,58
4059,4059,-0.5757575757575757,0.5757575757575757,-3.2367,3.3422,1,"(253, 219, 199)",40,59
4060,4060,-0.5757575757575757,0.6363636363636367,-3.2367,3.3422,1,"(253, 219, 199)",40,60
4061,4061,-0.5757575757575757,0.6969696969696972,-3.2367,3.3422,1,"(253, 219, 199)",40,61
4062,4062,-0.5757575757575757,0.7575757575757578,-3.2367,3.3422,1,"(253, 219, 199)",40,62
4063,4063,-0.5757575757575757,0.8181818181818183,-3.2367,3.3422,1,"(253, 219, 199)",40,63
4064,4064,-0.5757575757575757,0.8787878787878789,-3.2367,3.3422,1,"(253, 219, 199)",40,64
4065,4065,-0.5757575757575757,0.9393939393939394,-3.2367,3.3422,1,"(253, 219, 199)",40,65
4066,4066,-0.5757575757575757,1.0,-3.2367,3.3422,1,"(253, 219, 199)",40,66
4067,4067,-0.5757575757575757,1.0606060606060606,-3.2367,3.3422,1,"(253, 219, 199)",40,67
4068,4068,-0.5757575757575757,1.121212121212121,-3.2367,3.3422,1,"(253, 219, 199)",40,68
4069,4069,-0.5757575757575757,1.1818181818181817,-3.2367,3.3422,1,"(253, 219, 199)",40,69
4070,4070,-0.5757575757575757,1.2424242424242422,-3.2367,3.3422,1,"(253, 219, 199)",40,70
4071,4071,-0.5757575757575757,1.3030303030303028,3.1653,-3.3425,0,"(214, 96, 77)",40,71
4072,4072,-0.5757575757575757,1.363636363636363,3.1653,-3.3425,0,"(214, 96, 77)",40,72
4073,4073,-0.5757575757575757,1.4242424242424248,-3.2367,3.3422,1,"(253, 219, 199)",40,73
4074,4074,-0.5757575757575757,1.4848484848484853,-3.2367,-3.3422,3,"(67, 147, 195)",40,74
4075,4075,-0.5757575757575757,1.545454545454546,-3.2367,-3.3422,3,"(67, 147, 195)",40,75
4076,4076,-0.5757575757575757,1.6060606060606064,-3.2367,-3.3422,3,"(67, 147, 195)",40,76
4077,4077,-0.5757575757575757,1.666666666666667,-3.2367,-3.3422,3,"(67, 147, 195)",40,77
4078,4078,-0.5757575757575757,1.7272727272727275,-3.2367,-3.3422,3,"(67, 147, 195)",40,78
4079,4079,-0.5757575757575757,1.787878787878788,-3.2367,-3.3422,3,"(67, 147, 195)",40,79
4080,4080,-0.5757575757575757,1.8484848484848488,-3.2367,-3.3422,3,"(67, 147, 195)",40,80
4081,4081,-0.5757575757575757,1.9090909090909087,-3.2367,-3.3422,3,"(67, 147, 195)",40,81
4082,4082,-0.5757575757575757,1.9696969696969695,-3.2367,-3.3422,3,"(67, 147, 195)",40,82
4083,4083,-0.5757575757575757,2.0303030303030303,-3.2367,-3.3422,3,"(67, 147, 195)",40,83
4084,4084,-0.5757575757575757,2.090909090909091,-3.2367,-3.3422,3,"(67, 147, 195)",40,84
4085,4085,-0.5757575757575757,2.1515151515151514,-3.2367,-3.3422,3,"(67, 147, 195)",40,85
4086,4086,-0.5757575757575757,2.212121212121212,-3.2367,-3.3422,3,"(67, 147, 195)",40,86
4087,4087,-0.5757575757575757,2.2727272727272725,-3.2367,-3.3422,3,"(67, 147, 195)",40,87
4088,4088,-0.5757575757575757,2.333333333333334,-3.2367,-3.3422,3,"(67, 147, 195)",40,88
4089,4089,-0.5757575757575757,2.3939393939393945,-3.2367,-3.3422,3,"(67, 147, 195)",40,89
4090,4090,-0.5757575757575757,2.454545454545455,-3.2367,-3.3422,3,"(67, 147, 195)",40,90
4091,4091,-0.5757575757575757,2.515151515151516,-3.2367,-3.3422,3,"(67, 147, 195)",40,91
4092,4092,-0.5757575757575757,2.575757575757576,-3.2367,-3.3422,3,"(67, 147, 195)",40,92
4093,4093,-0.5757575757575757,2.6363636363636367,-3.2367,-3.3422,3,"(67, 147, 195)",40,93
4094,4094,-0.5757575757575757,2.696969696969697,-3.2367,-3.3422,3,"(67, 147, 195)",40,94
4095,4095,-0.5757575757575757,2.757575757575758,-3.2367,-3.3422,3,"(67, 147, 195)",40,95
4096,4096,-0.5757575757575757,2.8181818181818183,-3.2367,-3.3422,3,"(67, 147, 195)",40,96
4097,4097,-0.5757575757575757,2.878787878787879,-3.2367,-3.3422,3,"(67, 147, 195)",40,97
4098,4098,-0.5757575757575757,2.9393939393939394,-3.2367,-3.3422,3,"(67, 147, 195)",40,98
4099,4099,-0.5757575757575757,3.0,-3.2367,-3.3422,3,"(67, 147, 195)",40,99
4100,4100,-0.5151515151515151,-3.0,-3.2367,3.3422,1,"(253, 219, 199)",41,0
4101,4101,-0.5151515151515151,-2.9393939393939394,-3.2367,3.3422,1,"(253, 219, 199)",41,1
4102,4102,-0.5151515151515151,-2.878787878787879,-3.2367,3.3422,1,"(253, 219, 199)",41,2
4103,4103,-0.5151515151515151,-2.8181818181818183,-3.2367,3.3422,1,"(253, 219, 199)",41,3
4104,4104,-0.5151515151515151,-2.757575757575758,-3.2367,3.3422,1,"(253, 219, 199)",41,4
4105,4105,-0.5151515151515151,-2.696969696969697,-3.2367,3.3422,1,"(253, 219, 199)",41,5
4106,4106,-0.5151515151515151,-2.636363636363636,-3.2367,3.3422,1,"(253, 219, 199)",41,6
4107,4107,-0.5151515151515151,-2.575757575757576,-3.2367,3.3422,1,"(253, 219, 199)",41,7
4108,4108,-0.5151515151515151,-2.515151515151515,-3.2367,3.3422,1,"(253, 219, 199)",41,8
4109,4109,-0.5151515151515151,-2.4545454545454546,-3.2367,3.3422,1,"(253, 219, 199)",41,9
4110,4110,-0.5151515151515151,-2.393939393939394,-3.2367,3.3422,1,"(253, 219, 199)",41,10
4111,4111,-0.5151515151515151,-2.333333333333333,-3.2367,3.3422,1,"(253, 219, 199)",41,11
4112,4112,-0.5151515151515151,-2.2727272727272725,-3.2367,3.3422,1,"(253, 219, 199)",41,12
4113,4113,-0.5151515151515151,-2.212121212121212,-3.2367,3.3422,1,"(253, 219, 199)",41,13
4114,4114,-0.5151515151515151,-2.1515151515151514,-3.2367,3.3422,1,"(253, 219, 199)",41,14
4115,4115,-0.5151515151515151,-2.090909090909091,-3.2367,3.3422,1,"(253, 219, 199)",41,15
4116,4116,-0.5151515151515151,-2.0303030303030303,-3.2367,3.3422,1,"(253, 219, 199)",41,16
4117,4117,-0.5151515151515151,-1.9696969696969695,-3.2367,3.3422,1,"(253, 219, 199)",41,17
4118,4118,-0.5151515151515151,-1.9090909090909087,-3.2367,3.3422,1,"(253, 219, 199)",41,18
4119,4119,-0.5151515151515151,-1.8484848484848484,-3.2367,3.3422,1,"(253, 219, 199)",41,19
4120,4120,-0.5151515151515151,-1.7878787878787878,-3.2367,3.3422,1,"(253, 219, 199)",41,20
4121,4121,-0.5151515151515151,-1.7272727272727273,-3.2367,3.3422,1,"(253, 219, 199)",41,21
4122,4122,-0.5151515151515151,-1.6666666666666663,-3.2367,3.3422,1,"(253, 219, 199)",41,22
4123,4123,-0.5151515151515151,-1.606060606060606,-3.2367,3.3422,1,"(253, 219, 199)",41,23
4124,4124,-0.5151515151515151,-1.5454545454545454,-3.2367,3.3422,1,"(253, 219, 199)",41,24
4125,4125,-0.5151515151515151,-1.4848484848484849,-3.2367,3.3422,1,"(253, 219, 199)",41,25
4126,4126,-0.5151515151515151,-1.4242424242424243,-3.2367,3.3422,1,"(253, 219, 199)",41,26
4127,4127,-0.5151515151515151,-1.3636363636363635,-3.2367,-3.3422,3,"(67, 147, 195)",41,27
4128,4128,-0.5151515151515151,-1.303030303030303,-3.2367,3.3422,1,"(253, 219, 199)",41,28
4129,4129,-0.5151515151515151,-1.2424242424242424,3.1653,-3.3425,0,"(214, 96, 77)",41,29
4130,4130,-0.5151515151515151,-1.1818181818181817,-3.2367,-3.3422,3,"(67, 147, 195)",41,30
4131,4131,-0.5151515151515151,-1.121212121212121,-3.2367,-3.3422,3,"(67, 147, 195)",41,31
4132,4132,-0.5151515151515151,-1.0606060606060606,-3.2367,-3.3422,3,"(67, 147, 195)",41,32
4133,4133,-0.5151515151515151,-1.0,-3.2367,-3.3422,3,"(67, 147, 195)",41,33
4134,4134,-0.5151515151515151,-0.9393939393939394,-3.2367,-3.3422,3,"(67, 147, 195)",41,34
4135,4135,-0.5151515151515151,-0.8787878787878789,-3.2367,-3.3422,3,"(67, 147, 195)",41,35
4136,4136,-0.5151515151515151,-0.8181818181818183,-3.2367,-3.3422,3,"(67, 147, 195)",41,36
4137,4137,-0.5151515151515151,-0.7575757575757573,-3.2367,-3.3422,3,"(67, 147, 195)",41,37
4138,4138,-0.5151515151515151,-0.6969696969696968,-3.2367,-3.3422,3,"(67, 147, 195)",41,38
4139,4139,-0.5151515151515151,-0.6363636363636362,-3.2367,-3.3422,3,"(67, 147, 195)",41,39
4140,4140,-0.5151515151515151,-0.5757575757575757,3.1653,-3.3425,0,"(214, 96, 77)",41,40
4141,4141,-0.5151515151515151,-0.5151515151515151,3.1653,-3.3425,0,"(214, 96, 77)",41,41
4142,4142,-0.5151515151515151,-0.4545454545454546,3.1653,-3.3425,0,"(214, 96, 77)",41,42
4143,4143,-0.5151515151515151,-0.393939393939394,3.1653,-3.3425,0,"(214, 96, 77)",41,43
4144,4144,-0.5151515151515151,-0.333333333333333,3.1653,-3.3425,0,"(214, 96, 77)",41,44
4145,4145,-0.5151515151515151,-0.2727272727272725,3.1653,-3.3425,0,"(214, 96, 77)",41,45
4146,4146,-0.5151515151515151,-0.2121212121212119,3.1653,-3.3425,0,"(214, 96, 77)",41,46
4147,4147,-0.5151515151515151,-0.1515151515151513,3.1653,-3.3425,0,"(214, 96, 77)",41,47
4148,4148,-0.5151515151515151,-0.0909090909090908,3.1653,-3.3425,0,"(214, 96, 77)",41,48
4149,4149,-0.5151515151515151,-0.0303030303030302,-3.2367,3.3422,1,"(253, 219, 199)",41,49
4150,4150,-0.5151515151515151,0.0303030303030302,-3.2367,-3.3422,3,"(67, 147, 195)",41,50
4151,4151,-0.5151515151515151,0.0909090909090908,3.1653,3.3425,2,"(209, 229, 240)",41,51
4152,4152,-0.5151515151515151,0.1515151515151513,3.1653,3.3425,2,"(209, 229, 240)",41,52
4153,4153,-0.5151515151515151,0.2121212121212123,3.1653,3.3425,2,"(209, 229, 240)",41,53
4154,4154,-0.5151515151515151,0.2727272727272729,3.1653,3.3425,2,"(209, 229, 240)",41,54
4155,4155,-0.5151515151515151,0.3333333333333335,3.1653,3.3425,2,"(209, 229, 240)",41,55
4156,4156,-0.5151515151515151,0.393939393939394,3.1653,3.3425,2,"(209, 229, 240)",41,56
4157,4157,-0.5151515151515151,0.4545454545454546,3.1653,3.3425,2,"(209, 229, 240)",41,57
4158,4158,-0.5151515151515151,0.5151515151515151,3.1653,3.3425,2,"(209, 229, 240)",41,58
4159,4159,-0.5151515151515151,0.5757575757575757,3.1653,3.3425,2,"(209, 229, 240)",41,59
4160,4160,-0.5151515151515151,0.6363636363636367,-3.2367,3.3422,1,"(253, 219, 199)",41,60
4161,4161,-0.5151515151515151,0.6969696969696972,-3.2367,3.3422,1,"(253, 219, 199)",41,61
4162,4162,-0.5151515151515151,0.7575757575757578,-3.2367,3.3422,1,"(253, 219, 199)",41,62
4163,4163,-0.5151515151515151,0.8181818181818183,-3.2367,3.3422,1,"(253, 219, 199)",41,63
4164,4164,-0.5151515151515151,0.8787878787878789,-3.2367,3.3422,1,"(253, 219, 199)",41,64
4165,4165,-0.5151515151515151,0.9393939393939394,-3.2367,3.3422,1,"(253, 219, 199)",41,65
4166,4166,-0.5151515151515151,1.0,-3.2367,3.3422,1,"(253, 219, 199)",41,66
4167,4167,-0.5151515151515151,1.0606060606060606,-3.2367,3.3422,1,"(253, 219, 199)",41,67
4168,4168,-0.5151515151515151,1.121212121212121,-3.2367,3.3422,1,"(253, 219, 199)",41,68
4169,4169,-0.5151515151515151,1.1818181818181817,-3.2367,3.3422,1,"(253, 219, 199)",41,69
4170,4170,-0.5151515151515151,1.2424242424242422,3.1653,3.3425,2,"(209, 229, 240)",41,70
4171,4171,-0.5151515151515151,1.3030303030303028,-3.2367,-3.3422,3,"(67, 147, 195)",41,71
4172,4172,-0.5151515151515151,1.363636363636363,-3.2367,3.3422,1,"(253, 219, 199)",41,72
4173,4173,-0.5151515151515151,1.4242424242424248,-3.2367,-3.3422,3,"(67, 147, 195)",41,73
4174,4174,-0.5151515151515151,1.4848484848484853,-3.2367,-3.3422,3,"(67, 147, 195)",41,74
4175,4175,-0.5151515151515151,1.545454545454546,-3.2367,-3.3422,3,"(67, 147, 195)",41,75
4176,4176,-0.5151515151515151,1.6060606060606064,-3.2367,-3.3422,3,"(67, 147, 195)",41,76
4177,4177,-0.5151515151515151,1.666666666666667,-3.2367,-3.3422,3,"(67, 147, 195)",41,77
4178,4178,-0.5151515151515151,1.7272727272727275,-3.2367,-3.3422,3,"(67, 147, 195)",41,78
4179,4179,-0.5151515151515151,1.787878787878788,-3.2367,-3.3422,3,"(67, 147, 195)",41,79
4180,4180,-0.5151515151515151,1.8484848484848488,-3.2367,-3.3422,3,"(67, 147, 195)",41,80
4181,4181,-0.5151515151515151,1.9090909090909087,-3.2367,-3.3422,3,"(67, 147, 195)",41,81
4182,4182,-0.5151515151515151,1.9696969696969695,-3.2367,-3.3422,3,"(67, 147, 195)",41,82
4183,4183,-0.5151515151515151,2.0303030303030303,-3.2367,-3.3422,3,"(67, 147, 195)",41,83
4184,4184,-0.5151515151515151,2.090909090909091,-3.2367,-3.3422,3,"(67, 147, 195)",41,84
4185,4185,-0.5151515151515151,2.1515151515151514,-3.2367,-3.3422,3,"(67, 147, 195)",41,85
4186,4186,-0.5151515151515151,2.212121212121212,-3.2367,-3.3422,3,"(67, 147, 195)",41,86
4187,4187,-0.5151515151515151,2.2727272727272725,-3.2367,-3.3422,3,"(67, 147, 195)",41,87
4188,4188,-0.5151515151515151,2.333333333333334,-3.2367,-3.3422,3,"(67, 147, 195)",41,88
4189,4189,-0.5151515151515151,2.3939393939393945,-3.2367,-3.3422,3,"(67, 147, 195)",41,89
4190,4190,-0.5151515151515151,2.454545454545455,-3.2367,-3.3422,3,"(67, 147, 195)",41,90
4191,4191,-0.5151515151515151,2.515151515151516,-3.2367,-3.3422,3,"(67, 147, 195)",41,91
4192,4192,-0.5151515151515151,2.575757575757576,-3.2367,-3.3422,3,"(67, 147, 195)",41,92
4193,4193,-0.5151515151515151,2.6363636363636367,-3.2367,-3.3422,3,"(67, 147, 195)",41,93
4194,4194,-0.5151515151515151,2.696969696969697,-3.2367,-3.3422,3,"(67, 147, 195)",41,94
4195,4195,-0.5151515151515151,2.757575757575758,-3.2367,-3.3422,3,"(67, 147, 195)",41,95
4196,4196,-0.5151515151515151,2.8181818181818183,-3.2367,-3.3422,3,"(67, 147, 195)",41,96
4197,4197,-0.5151515151515151,2.878787878787879,-3.2367,-3.3422,3,"(67, 147, 195)",41,97
4198,4198,-0.5151515151515151,2.9393939393939394,-3.2367,-3.3422,3,"(67, 147, 195)",41,98
4199,4199,-0.5151515151515151,3.0,-3.2367,-3.3422,3,"(67, 147, 195)",41,99
4200,4200,-0.4545454545454546,-3.0,-3.2367,3.3422,1,"(253, 219, 199)",42,0
4201,4201,-0.4545454545454546,-2.9393939393939394,-3.2367,3.3422,1,"(253, 219, 199)",42,1
4202,4202,-0.4545454545454546,-2.878787878787879,-3.2367,3.3422,1,"(253, 219, 199)",42,2
4203,4203,-0.4545454545454546,-2.8181818181818183,-3.2367,3.3422,1,"(253, 219, 199)",42,3
4204,4204,-0.4545454545454546,-2.757575757575758,-3.2367,3.3422,1,"(253, 219, 199)",42,4
4205,4205,-0.4545454545454546,-2.696969696969697,-3.2367,3.3422,1,"(253, 219, 199)",42,5
4206,4206,-0.4545454545454546,-2.636363636363636,-3.2367,3.3422,1,"(253, 219, 199)",42,6
4207,4207,-0.4545454545454546,-2.575757575757576,-3.2367,3.3422,1,"(253, 219, 199)",42,7
4208,4208,-0.4545454545454546,-2.515151515151515,-3.2367,3.3422,1,"(253, 219, 199)",42,8
4209,4209,-0.4545454545454546,-2.4545454545454546,-3.2367,3.3422,1,"(253, 219, 199)",42,9
4210,4210,-0.4545454545454546,-2.393939393939394,-3.2367,3.3422,1,"(253, 219, 199)",42,10
4211,4211,-0.4545454545454546,-2.333333333333333,-3.2367,3.3422,1,"(253, 219, 199)",42,11
4212,4212,-0.4545454545454546,-2.2727272727272725,-3.2367,3.3422,1,"(253, 219, 199)",42,12
4213,4213,-0.4545454545454546,-2.212121212121212,-3.2367,3.3422,1,"(253, 219, 199)",42,13
4214,4214,-0.4545454545454546,-2.1515151515151514,-3.2367,3.3422,1,"(253, 219, 199)",42,14
4215,4215,-0.4545454545454546,-2.090909090909091,-3.2367,3.3422,1,"(253, 219, 199)",42,15
4216,4216,-0.4545454545454546,-2.0303030303030303,-3.2367,3.3422,1,"(253, 219, 199)",42,16
4217,4217,-0.4545454545454546,-1.9696969696969695,-3.2367,3.3422,1,"(253, 219, 199)",42,17
4218,4218,-0.4545454545454546,-1.9090909090909087,-3.2367,3.3422,1,"(253, 219, 199)",42,18
4219,4219,-0.4545454545454546,-1.8484848484848484,-3.2367,3.3422,1,"(253, 219, 199)",42,19
4220,4220,-0.4545454545454546,-1.7878787878787878,-3.2367,3.3422,1,"(253, 219, 199)",42,20
4221,4221,-0.4545454545454546,-1.7272727272727273,-3.2367,3.3422,1,"(253, 219, 199)",42,21
4222,4222,-0.4545454545454546,-1.6666666666666663,-3.2367,3.3422,1,"(253, 219, 199)",42,22
4223,4223,-0.4545454545454546,-1.606060606060606,-3.2367,3.3422,1,"(253, 219, 199)",42,23
4224,4224,-0.4545454545454546,-1.5454545454545454,-3.2367,3.3422,1,"(253, 219, 199)",42,24
4225,4225,-0.4545454545454546,-1.4848484848484849,-3.2367,3.3422,1,"(253, 219, 199)",42,25
4226,4226,-0.4545454545454546,-1.4242424242424243,-3.2367,3.3422,1,"(253, 219, 199)",42,26
4227,4227,-0.4545454545454546,-1.3636363636363635,-3.2367,3.3422,1,"(253, 219, 199)",42,27
4228,4228,-0.4545454545454546,-1.303030303030303,-3.2367,3.3422,1,"(253, 219, 199)",42,28
4229,4229,-0.4545454545454546,-1.2424242424242424,3.1653,-3.3425,0,"(214, 96, 77)",42,29
4230,4230,-0.4545454545454546,-1.1818181818181817,3.1653,-3.3425,0,"(214, 96, 77)",42,30
4231,4231,-0.4545454545454546,-1.121212121212121,-3.2367,-3.3422,3,"(67, 147, 195)",42,31
4232,4232,-0.4545454545454546,-1.0606060606060606,-3.2367,-3.3422,3,"(67, 147, 195)",42,32
4233,4233,-0.4545454545454546,-1.0,-3.2367,-3.3422,3,"(67, 147, 195)",42,33
4234,4234,-0.4545454545454546,-0.9393939393939394,-3.2367,-3.3422,3,"(67, 147, 195)",42,34
4235,4235,-0.4545454545454546,-0.8787878787878789,-3.2367,-3.3422,3,"(67, 147, 195)",42,35
4236,4236,-0.4545454545454546,-0.8181818181818183,-3.2367,-3.3422,3,"(67, 147, 195)",42,36
4237,4237,-0.4545454545454546,-0.7575757575757573,-3.2367,-3.3422,3,"(67, 147, 195)",42,37
4238,4238,-0.4545454545454546,-0.6969696969696968,-3.2367,-3.3422,3,"(67, 147, 195)",42,38
4239,4239,-0.4545454545454546,-0.6363636363636362,-3.2367,-3.3422,3,"(67, 147, 195)",42,39
4240,4240,-0.4545454545454546,-0.5757575757575757,-3.2367,3.3422,1,"(253, 219, 199)",42,40
4241,4241,-0.4545454545454546,-0.5151515151515151,3.1653,-3.3425,0,"(214, 96, 77)",42,41
4242,4242,-0.4545454545454546,-0.4545454545454546,3.1653,-3.3425,0,"(214, 96, 77)",42,42
4243,4243,-0.4545454545454546,-0.393939393939394,3.1653,-3.3425,0,"(214, 96, 77)",42,43
4244,4244,-0.4545454545454546,-0.333333333333333,3.1653,-3.3425,0,"(214, 96, 77)",42,44
4245,4245,-0.4545454545454546,-0.2727272727272725,3.1653,-3.3425,0,"(214, 96, 77)",42,45
4246,4246,-0.4545454545454546,-0.2121212121212119,3.1653,-3.3425,0,"(214, 96, 77)",42,46
4247,4247,-0.4545454545454546,-0.1515151515151513,3.1653,-3.3425,0,"(214, 96, 77)",42,47
4248,4248,-0.4545454545454546,-0.0909090909090908,3.1653,-3.3425,0,"(214, 96, 77)",42,48
4249,4249,-0.4545454545454546,-0.0303030303030302,3.1653,3.3425,2,"(209, 229, 240)",42,49
4250,4250,-0.4545454545454546,0.0303030303030302,3.1653,-3.3425,0,"(214, 96, 77)",42,50
4251,4251,-0.4545454545454546,0.0909090909090908,3.1653,3.3425,2,"(209, 229, 240)",42,51
4252,4252,-0.4545454545454546,0.1515151515151513,3.1653,3.3425,2,"(209, 229, 240)",42,52
4253,4253,-0.4545454545454546,0.2121212121212123,3.1653,3.3425,2,"(209, 229, 240)",42,53
4254,4254,-0.4545454545454546,0.2727272727272729,3.1653,3.3425,2,"(209, 229, 240)",42,54
4255,4255,-0.4545454545454546,0.3333333333333335,3.1653,3.3425,2,"(209, 229, 240)",42,55
4256,4256,-0.4545454545454546,0.393939393939394,3.1653,3.3425,2,"(209, 229, 240)",42,56
4257,4257,-0.4545454545454546,0.4545454545454546,3.1653,3.3425,2,"(209, 229, 240)",42,57
4258,4258,-0.4545454545454546,0.5151515151515151,3.1653,3.3425,2,"(209, 229, 240)",42,58
4259,4259,-0.4545454545454546,0.5757575757575757,-3.2367,-3.3422,3,"(67, 147, 195)",42,59
4260,4260,-0.4545454545454546,0.6363636363636367,-3.2367,3.3422,1,"(253, 219, 199)",42,60
4261,4261,-0.4545454545454546,0.6969696969696972,-3.2367,3.3422,1,"(253, 219, 199)",42,61
4262,4262,-0.4545454545454546,0.7575757575757578,-3.2367,3.3422,1,"(253, 219, 199)",42,62
4263,4263,-0.4545454545454546,0.8181818181818183,-3.2367,3.3422,1,"(253, 219, 199)",42,63
4264,4264,-0.4545454545454546,0.8787878787878789,-3.2367,3.3422,1,"(253, 219, 199)",42,64
4265,4265,-0.4545454545454546,0.9393939393939394,-3.2367,3.3422,1,"(253, 219, 199)",42,65
4266,4266,-0.4545454545454546,1.0,-3.2367,3.3422,1,"(253, 219, 199)",42,66
4267,4267,-0.4545454545454546,1.0606060606060606,-3.2367,3.3422,1,"(253, 219, 199)",42,67
4268,4268,-0.4545454545454546,1.121212121212121,-3.2367,3.3422,1,"(253, 219, 199)",42,68
4269,4269,-0.4545454545454546,1.1818181818181817,3.1653,3.3425,2,"(209, 229, 240)",42,69
4270,4270,-0.4545454545454546,1.2424242424242422,3.1653,3.3425,2,"(209, 229, 240)",42,70
4271,4271,-0.4545454545454546,1.3030303030303028,-3.2367,-3.3422,3,"(67, 147, 195)",42,71
4272,4272,-0.4545454545454546,1.363636363636363,-3.2367,-3.3422,3,"(67, 147, 195)",42,72
4273,4273,-0.4545454545454546,1.4242424242424248,-3.2367,-3.3422,3,"(67, 147, 195)",42,73
4274,4274,-0.4545454545454546,1.4848484848484853,-3.2367,-3.3422,3,"(67, 147, 195)",42,74
4275,4275,-0.4545454545454546,1.545454545454546,-3.2367,-3.3422,3,"(67, 147, 195)",42,75
4276,4276,-0.4545454545454546,1.6060606060606064,-3.2367,-3.3422,3,"(67, 147, 195)",42,76
4277,4277,-0.4545454545454546,1.666666666666667,-3.2367,-3.3422,3,"(67, 147, 195)",42,77
4278,4278,-0.4545454545454546,1.7272727272727275,-3.2367,-3.3422,3,"(67, 147, 195)",42,78
4279,4279,-0.4545454545454546,1.787878787878788,-3.2367,-3.3422,3,"(67, 147, 195)",42,79
4280,4280,-0.4545454545454546,1.8484848484848488,-3.2367,-3.3422,3,"(67, 147, 195)",42,80
4281,4281,-0.4545454545454546,1.9090909090909087,-3.2367,-3.3422,3,"(67, 147, 195)",42,81
4282,4282,-0.4545454545454546,1.9696969696969695,-3.2367,-3.3422,3,"(67, 147, 195)",42,82
4283,4283,-0.4545454545454546,2.0303030303030303,-3.2367,-3.3422,3,"(67, 147, 195)",42,83
4284,4284,-0.4545454545454546,2.090909090909091,-3.2367,-3.3422,3,"(67, 147, 195)",42,84
4285,4285,-0.4545454545454546,2.1515151515151514,-3.2367,-3.3422,3,"(67, 147, 195)",42,85
4286,4286,-0.4545454545454546,2.212121212121212,-3.2367,-3.3422,3,"(67, 147, 195)",42,86
4287,4287,-0.4545454545454546,2.2727272727272725,-3.2367,-3.3422,3,"(67, 147, 195)",42,87
4288,4288,-0.4545454545454546,2.333333333333334,-3.2367,-3.3422,3,"(67, 147, 195)",42,88
4289,4289,-0.4545454545454546,2.3939393939393945,-3.2367,-3.3422,3,"(67, 147, 195)",42,89
4290,4290,-0.4545454545454546,2.454545454545455,-3.2367,-3.3422,3,"(67, 147, 195)",42,90
4291,4291,-0.4545454545454546,2.515151515151516,-3.2367,-3.3422,3,"(67, 147, 195)",42,91
4292,4292,-0.4545454545454546,2.575757575757576,-3.2367,-3.3422,3,"(67, 147, 195)",42,92
4293,4293,-0.4545454545454546,2.6363636363636367,-3.2367,-3.3422,3,"(67, 147, 195)",42,93
4294,4294,-0.4545454545454546,2.696969696969697,-3.2367,-3.3422,3,"(67, 147, 195)",42,94
4295,4295,-0.4545454545454546,2.757575757575758,-3.2367,-3.3422,3,"(67, 147, 195)",42,95
4296,4296,-0.4545454545454546,2.8181818181818183,-3.2367,-3.3422,3,"(67, 147, 195)",42,96
4297,4297,-0.4545454545454546,2.878787878787879,-3.2367,-3.3422,3,"(67, 147, 195)",42,97
4298,4298,-0.4545454545454546,2.9393939393939394,-3.2367,-3.3422,3,"(67, 147, 195)",42,98
4299,4299,-0.4545454545454546,3.0,-3.2367,-3.3422,3,"(67, 147, 195)",42,99
4300,4300,-0.393939393939394,-3.0,-3.2367,3.3422,1,"(253, 219, 199)",43,0
4301,4301,-0.393939393939394,-2.9393939393939394,-3.2367,3.3422,1,"(253, 219, 199)",43,1
4302,4302,-0.393939393939394,-2.878787878787879,-3.2367,3.3422,1,"(253, 219, 199)",43,2
4303,4303,-0.393939393939394,-2.8181818181818183,-3.2367,3.3422,1,"(253, 219, 199)",43,3
4304,4304,-0.393939393939394,-2.757575757575758,-3.2367,3.3422,1,"(253, 219, 199)",43,4
4305,4305,-0.393939393939394,-2.696969696969697,-3.2367,3.3422,1,"(253, 219, 199)",43,5
4306,4306,-0.393939393939394,-2.636363636363636,-3.2367,3.3422,1,"(253, 219, 199)",43,6
4307,4307,-0.393939393939394,-2.575757575757576,-3.2367,3.3422,1,"(253, 219, 199)",43,7
4308,4308,-0.393939393939394,-2.515151515151515,-3.2367,3.3422,1,"(253, 219, 199)",43,8
4309,4309,-0.393939393939394,-2.4545454545454546,-3.2367,3.3422,1,"(253, 219, 199)",43,9
4310,4310,-0.393939393939394,-2.393939393939394,-3.2367,3.3422,1,"(253, 219, 199)",43,10
4311,4311,-0.393939393939394,-2.333333333333333,-3.2367,3.3422,1,"(253, 219, 199)",43,11
4312,4312,-0.393939393939394,-2.2727272727272725,-3.2367,3.3422,1,"(253, 219, 199)",43,12
4313,4313,-0.393939393939394,-2.212121212121212,-3.2367,3.3422,1,"(253, 219, 199)",43,13
4314,4314,-0.393939393939394,-2.1515151515151514,-3.2367,3.3422,1,"(253, 219, 199)",43,14
4315,4315,-0.393939393939394,-2.090909090909091,-3.2367,3.3422,1,"(253, 219, 199)",43,15
4316,4316,-0.393939393939394,-2.0303030303030303,-3.2367,3.3422,1,"(253, 219, 199)",43,16
4317,4317,-0.393939393939394,-1.9696969696969695,-3.2367,3.3422,1,"(253, 219, 199)",43,17
4318,4318,-0.393939393939394,-1.9090909090909087,-3.2367,3.3422,1,"(253, 219, 199)",43,18
4319,4319,-0.393939393939394,-1.8484848484848484,-3.2367,3.3422,1,"(253, 219, 199)",43,19
4320,4320,-0.393939393939394,-1.7878787878787878,-3.2367,3.3422,1,"(253, 219, 199)",43,20
4321,4321,-0.393939393939394,-1.7272727272727273,-3.2367,3.3422,1,"(253, 219, 199)",43,21
4322,4322,-0.393939393939394,-1.6666666666666663,-3.2367,3.3422,1,"(253, 219, 199)",43,22
4323,4323,-0.393939393939394,-1.606060606060606,-3.2367,3.3422,1,"(253, 219, 199)",43,23
4324,4324,-0.393939393939394,-1.5454545454545454,-3.2367,3.3422,1,"(253, 219, 199)",43,24
4325,4325,-0.393939393939394,-1.4848484848484849,-3.2367,3.3422,1,"(253, 219, 199)",43,25
4326,4326,-0.393939393939394,-1.4242424242424243,-3.2367,3.3422,1,"(253, 219, 199)",43,26
4327,4327,-0.393939393939394,-1.3636363636363635,-3.2367,3.3422,1,"(253, 219, 199)",43,27
4328,4328,-0.393939393939394,-1.303030303030303,-3.2367,3.3422,1,"(253, 219, 199)",43,28
4329,4329,-0.393939393939394,-1.2424242424242424,-3.2367,3.3422,1,"(253, 219, 199)",43,29
4330,4330,-0.393939393939394,-1.1818181818181817,3.1653,-3.3425,0,"(214, 96, 77)",43,30
4331,4331,-0.393939393939394,-1.121212121212121,3.1653,-3.3425,0,"(214, 96, 77)",43,31
4332,4332,-0.393939393939394,-1.0606060606060606,-3.2367,-3.3422,3,"(67, 147, 195)",43,32
4333,4333,-0.393939393939394,-1.0,-3.2367,-3.3422,3,"(67, 147, 195)",43,33
4334,4334,-0.393939393939394,-0.9393939393939394,-3.2367,-3.3422,3,"(67, 147, 195)",43,34
4335,4335,-0.393939393939394,-0.8787878787878789,-3.2367,-3.3422,3,"(67, 147, 195)",43,35
4336,4336,-0.393939393939394,-0.8181818181818183,-3.2367,-3.3422,3,"(67, 147, 195)",43,36
4337,4337,-0.393939393939394,-0.7575757575757573,-3.2367,-3.3422,3,"(67, 147, 195)",43,37
4338,4338,-0.393939393939394,-0.6969696969696968,-3.2367,-3.3422,3,"(67, 147, 195)",43,38
4339,4339,-0.393939393939394,-0.6363636363636362,-3.2367,-3.3422,3,"(67, 147, 195)",43,39
4340,4340,-0.393939393939394,-0.5757575757575757,3.1653,3.3425,2,"(209, 229, 240)",43,40
4341,4341,-0.393939393939394,-0.5151515151515151,3.1653,-3.3425,0,"(214, 96, 77)",43,41
4342,4342,-0.393939393939394,-0.4545454545454546,3.1653,-3.3425,0,"(214, 96, 77)",43,42
4343,4343,-0.393939393939394,-0.393939393939394,3.1653,-3.3425,0,"(214, 96, 77)",43,43
4344,4344,-0.393939393939394,-0.333333333333333,3.1653,-3.3425,0,"(214, 96, 77)",43,44
4345,4345,-0.393939393939394,-0.2727272727272725,3.1653,-3.3425,0,"(214, 96, 77)",43,45
4346,4346,-0.393939393939394,-0.2121212121212119,3.1653,-3.3425,0,"(214, 96, 77)",43,46
4347,4347,-0.393939393939394,-0.1515151515151513,3.1653,-3.3425,0,"(214, 96, 77)",43,47
4348,4348,-0.393939393939394,-0.0909090909090908,3.1653,-3.3425,0,"(214, 96, 77)",43,48
4349,4349,-0.393939393939394,-0.0303030303030302,-3.2367,-3.3422,3,"(67, 147, 195)",43,49
4350,4350,-0.393939393939394,0.0303030303030302,-3.2367,3.3422,1,"(253, 219, 199)",43,50
4351,4351,-0.393939393939394,0.0909090909090908,3.1653,3.3425,2,"(209, 229, 240)",43,51
4352,4352,-0.393939393939394,0.1515151515151513,3.1653,3.3425,2,"(209, 229, 240)",43,52
4353,4353,-0.393939393939394,0.2121212121212123,3.1653,3.3425,2,"(209, 229, 240)",43,53
4354,4354,-0.393939393939394,0.2727272727272729,3.1653,3.3425,2,"(209, 229, 240)",43,54
4355,4355,-0.393939393939394,0.3333333333333335,3.1653,3.3425,2,"(209, 229, 240)",43,55
4356,4356,-0.393939393939394,0.393939393939394,3.1653,3.3425,2,"(209, 229, 240)",43,56
4357,4357,-0.393939393939394,0.4545454545454546,3.1653,3.3425,2,"(209, 229, 240)",43,57
4358,4358,-0.393939393939394,0.5151515151515151,3.1653,3.3425,2,"(209, 229, 240)",43,58
4359,4359,-0.393939393939394,0.5757575757575757,3.1653,-3.3425,0,"(214, 96, 77)",43,59
4360,4360,-0.393939393939394,0.6363636363636367,-3.2367,3.3422,1,"(253, 219, 199)",43,60
4361,4361,-0.393939393939394,0.6969696969696972,-3.2367,3.3422,1,"(253, 219, 199)",43,61
4362,4362,-0.393939393939394,0.7575757575757578,-3.2367,3.3422,1,"(253, 219, 199)",43,62
4363,4363,-0.393939393939394,0.8181818181818183,-3.2367,3.3422,1,"(253, 219, 199)",43,63
4364,4364,-0.393939393939394,0.8787878787878789,-3.2367,3.3422,1,"(253, 219, 199)",43,64
4365,4365,-0.393939393939394,0.9393939393939394,-3.2367,3.3422,1,"(253, 219, 199)",43,65
4366,4366,-0.393939393939394,1.0,-3.2367,3.3422,1,"(253, 219, 199)",43,66
4367,4367,-0.393939393939394,1.0606060606060606,-3.2367,3.3422,1,"(253, 219, 199)",43,67
4368,4368,-0.393939393939394,1.121212121212121,3.1653,3.3425,2,"(209, 229, 240)",43,68
4369,4369,-0.393939393939394,1.1818181818181817,3.1653,3.3425,2,"(209, 229, 240)",43,69
4370,4370,-0.393939393939394,1.2424242424242422,-3.2367,-3.3422,3,"(67, 147, 195)",43,70
4371,4371,-0.393939393939394,1.3030303030303028,-3.2367,-3.3422,3,"(67, 147, 195)",43,71
4372,4372,-0.393939393939394,1.363636363636363,-3.2367,-3.3422,3,"(67, 147, 195)",43,72
4373,4373,-0.393939393939394,1.4242424242424248,-3.2367,-3.3422,3,"(67, 147, 195)",43,73
4374,4374,-0.393939393939394,1.4848484848484853,-3.2367,-3.3422,3,"(67, 147, 195)",43,74
4375,4375,-0.393939393939394,1.545454545454546,-3.2367,-3.3422,3,"(67, 147, 195)",43,75
4376,4376,-0.393939393939394,1.6060606060606064,-3.2367,-3.3422,3,"(67, 147, 195)",43,76
4377,4377,-0.393939393939394,1.666666666666667,-3.2367,-3.3422,3,"(67, 147, 195)",43,77
4378,4378,-0.393939393939394,1.7272727272727275,-3.2367,-3.3422,3,"(67, 147, 195)",43,78
4379,4379,-0.393939393939394,1.787878787878788,-3.2367,-3.3422,3,"(67, 147, 195)",43,79
4380,4380,-0.393939393939394,1.8484848484848488,-3.2367,-3.3422,3,"(67, 147, 195)",43,80
4381,4381,-0.393939393939394,1.9090909090909087,-3.2367,-3.3422,3,"(67, 147, 195)",43,81
4382,4382,-0.393939393939394,1.9696969696969695,-3.2367,-3.3422,3,"(67, 147, 195)",43,82
4383,4383,-0.393939393939394,2.0303030303030303,-3.2367,-3.3422,3,"(67, 147, 195)",43,83
4384,4384,-0.393939393939394,2.090909090909091,-3.2367,-3.3422,3,"(67, 147, 195)",43,84
4385,4385,-0.393939393939394,2.1515151515151514,-3.2367,-3.3422,3,"(67, 147, 195)",43,85
4386,4386,-0.393939393939394,2.212121212121212,-3.2367,-3.3422,3,"(67, 147, 195)",43,86
4387,4387,-0.393939393939394,2.2727272727272725,-3.2367,-3.3422,3,"(67, 147, 195)",43,87
4388,4388,-0.393939393939394,2.333333333333334,-3.2367,-3.3422,3,"(67, 147, 195)",43,88
4389,4389,-0.393939393939394,2.3939393939393945,-3.2367,-3.3422,3,"(67, 147, 195)",43,89
4390,4390,-0.393939393939394,2.454545454545455,-3.2367,-3.3422,3,"(67, 147, 195)",43,90
4391,4391,-0.393939393939394,2.515151515151516,-3.2367,-3.3422,3,"(67, 147, 195)",43,91
4392,4392,-0.393939393939394,2.575757575757576,-3.2367,-3.3422,3,"(67, 147, 195)",43,92
4393,4393,-0.393939393939394,2.6363636363636367,-3.2367,-3.3422,3,"(67, 147, 195)",43,93
4394,4394,-0.393939393939394,2.696969696969697,-3.2367,-3.3422,3,"(67, 147, 195)",43,94
4395,4395,-0.393939393939394,2.757575757575758,-3.2367,-3.3422,3,"(67, 147, 195)",43,95
4396,4396,-0.393939393939394,2.8181818181818183,-3.2367,-3.3422,3,"(67, 147, 195)",43,96
4397,4397,-0.393939393939394,2.878787878787879,-3.2367,-3.3422,3,"(67, 147, 195)",43,97
4398,4398,-0.393939393939394,2.9393939393939394,-3.2367,-3.3422,3,"(67, 147, 195)",43,98
4399,4399,-0.393939393939394,3.0,-3.2367,-3.3422,3,"(67, 147, 195)",43,99
4400,4400,-0.333333333333333,-3.0,-3.2367,3.3422,1,"(253, 219, 199)",44,0
4401,4401,-0.333333333333333,-2.9393939393939394,-3.2367,3.3422,1,"(253, 219, 199)",44,1
4402,4402,-0.333333333333333,-2.878787878787879,-3.2367,3.3422,1,"(253, 219, 199)",44,2
4403,4403,-0.333333333333333,-2.8181818181818183,-3.2367,3.3422,1,"(253, 219, 199)",44,3
4404,4404,-0.333333333333333,-2.757575757575758,-3.2367,3.3422,1,"(253, 219, 199)",44,4
4405,4405,-0.333333333333333,-2.696969696969697,-3.2367,3.3422,1,"(253, 219, 199)",44,5
4406,4406,-0.333333333333333,-2.636363636363636,-3.2367,3.3422,1,"(253, 219, 199)",44,6
4407,4407,-0.333333333333333,-2.575757575757576,-3.2367,3.3422,1,"(253, 219, 199)",44,7
4408,4408,-0.333333333333333,-2.515151515151515,-3.2367,3.3422,1,"(253, 219, 199)",44,8
4409,4409,-0.333333333333333,-2.4545454545454546,-3.2367,3.3422,1,"(253, 219, 199)",44,9
4410,4410,-0.333333333333333,-2.393939393939394,-3.2367,3.3422,1,"(253, 219, 199)",44,10
4411,4411,-0.333333333333333,-2.333333333333333,-3.2367,3.3422,1,"(253, 219, 199)",44,11
4412,4412,-0.333333333333333,-2.2727272727272725,-3.2367,3.3422,1,"(253, 219, 199)",44,12
4413,4413,-0.333333333333333,-2.212121212121212,-3.2367,3.3422,1,"(253, 219, 199)",44,13
4414,4414,-0.333333333333333,-2.1515151515151514,-3.2367,3.3422,1,"(253, 219, 199)",44,14
4415,4415,-0.333333333333333,-2.090909090909091,-3.2367,3.3422,1,"(253, 219, 199)",44,15
4416,4416,-0.333333333333333,-2.0303030303030303,-3.2367,3.3422,1,"(253, 219, 199)",44,16
4417,4417,-0.333333333333333,-1.9696969696969695,-3.2367,3.3422,1,"(253, 219, 199)",44,17
4418,4418,-0.333333333333333,-1.9090909090909087,-3.2367,3.3422,1,"(253, 219, 199)",44,18
4419,4419,-0.333333333333333,-1.8484848484848484,-3.2367,3.3422,1,"(253, 219, 199)",44,19
4420,4420,-0.333333333333333,-1.7878787878787878,-3.2367,3.3422,1,"(253, 219, 199)",44,20
4421,4421,-0.333333333333333,-1.7272727272727273,-3.2367,3.3422,1,"(253, 219, 199)",44,21
4422,4422,-0.333333333333333,-1.6666666666666663,-3.2367,3.3422,1,"(253, 219, 199)",44,22
4423,4423,-0.333333333333333,-1.606060606060606,-3.2367,3.3422,1,"(253, 219, 199)",44,23
4424,4424,-0.333333333333333,-1.5454545454545454,-3.2367,3.3422,1,"(253, 219, 199)",44,24
4425,4425,-0.333333333333333,-1.4848484848484849,-3.2367,3.3422,1,"(253, 219, 199)",44,25
4426,4426,-0.333333333333333,-1.4242424242424243,-3.2367,3.3422,1,"(253, 219, 199)",44,26
4427,4427,-0.333333333333333,-1.3636363636363635,-3.2367,3.3422,1,"(253, 219, 199)",44,27
4428,4428,-0.333333333333333,-1.303030303030303,-3.2367,3.3422,1,"(253, 219, 199)",44,28
4429,4429,-0.333333333333333,-1.2424242424242424,-3.2367,3.3422,1,"(253, 219, 199)",44,29
4430,4430,-0.333333333333333,-1.1818181818181817,-3.2367,3.3422,1,"(253, 219, 199)",44,30
4431,4431,-0.333333333333333,-1.121212121212121,-3.2367,-3.3422,3,"(67, 147, 195)",44,31
4432,4432,-0.333333333333333,-1.0606060606060606,3.1653,3.3425,2,"(209, 229, 240)",44,32
4433,4433,-0.333333333333333,-1.0,-3.2367,-3.3422,3,"(67, 147, 195)",44,33
4434,4434,-0.333333333333333,-0.9393939393939394,-3.2367,-3.3422,3,"(67, 147, 195)",44,34
4435,4435,-0.333333333333333,-0.8787878787878789,-3.2367,-3.3422,3,"(67, 147, 195)",44,35
4436,4436,-0.333333333333333,-0.8181818181818183,-3.2367,-3.3422,3,"(67, 147, 195)",44,36
4437,4437,-0.333333333333333,-0.7575757575757573,-3.2367,-3.3422,3,"(67, 147, 195)",44,37
4438,4438,-0.333333333333333,-0.6969696969696968,-3.2367,-3.3422,3,"(67, 147, 195)",44,38
4439,4439,-0.333333333333333,-0.6363636363636362,3.1653,3.3425,2,"(209, 229, 240)",44,39
4440,4440,-0.333333333333333,-0.5757575757575757,3.1653,-3.3425,0,"(214, 96, 77)",44,40
4441,4441,-0.333333333333333,-0.5151515151515151,3.1653,3.3425,2,"(209, 229, 240)",44,41
4442,4442,-0.333333333333333,-0.4545454545454546,3.1653,-3.3425,0,"(214, 96, 77)",44,42
4443,4443,-0.333333333333333,-0.393939393939394,3.1653,-3.3425,0,"(214, 96, 77)",44,43
4444,4444,-0.333333333333333,-0.333333333333333,3.1653,-3.3425,0,"(214, 96, 77)",44,44
4445,4445,-0.333333333333333,-0.2727272727272725,3.1653,-3.3425,0,"(214, 96, 77)",44,45
4446,4446,-0.333333333333333,-0.2121212121212119,3.1653,-3.3425,0,"(214, 96, 77)",44,46
4447,4447,-0.333333333333333,-0.1515151515151513,3.1653,-3.3425,0,"(214, 96, 77)",44,47
4448,4448,-0.333333333333333,-0.0909090909090908,3.1653,-3.3425,0,"(214, 96, 77)",44,48
4449,4449,-0.333333333333333,-0.0303030303030302,3.1653,3.3425,2,"(209, 229, 240)",44,49
4450,4450,-0.333333333333333,0.0303030303030302,3.1653,-3.3425,0,"(214, 96, 77)",44,50
4451,4451,-0.333333333333333,0.0909090909090908,3.1653,3.3425,2,"(209, 229, 240)",44,51
4452,4452,-0.333333333333333,0.1515151515151513,3.1653,3.3425,2,"(209, 229, 240)",44,52
4453,4453,-0.333333333333333,0.2121212121212123,3.1653,3.3425,2,"(209, 229, 240)",44,53
4454,4454,-0.333333333333333,0.2727272727272729,3.1653,3.3425,2,"(209, 229, 240)",44,54
4455,4455,-0.333333333333333,0.3333333333333335,3.1653,3.3425,2,"(209, 229, 240)",44,55
4456,4456,-0.333333333333333,0.393939393939394,3.1653,3.3425,2,"(209, 229, 240)",44,56
4457,4457,-0.333333333333333,0.4545454545454546,3.1653,3.3425,2,"(209, 229, 240)",44,57
4458,4458,-0.333333333333333,0.5151515151515151,3.1653,-3.3425,0,"(214, 96, 77)",44,58
4459,4459,-0.333333333333333,0.5757575757575757,3.1653,3.3425,2,"(209, 229, 240)",44,59
4460,4460,-0.333333333333333,0.6363636363636367,3.1653,-3.3425,0,"(214, 96, 77)",44,60
4461,4461,-0.333333333333333,0.6969696969696972,-3.2367,3.3422,1,"(253, 219, 199)",44,61
4462,4462,-0.333333333333333,0.7575757575757578,-3.2367,3.3422,1,"(253, 219, 199)",44,62
4463,4463,-0.333333333333333,0.8181818181818183,-3.2367,3.3422,1,"(253, 219, 199)",44,63
4464,4464,-0.333333333333333,0.8787878787878789,-3.2367,3.3422,1,"(253, 219, 199)",44,64
4465,4465,-0.333333333333333,0.9393939393939394,-3.2367,3.3422,1,"(253, 219, 199)",44,65
4466,4466,-0.333333333333333,1.0,-3.2367,3.3422,1,"(253, 219, 199)",44,66
4467,4467,-0.333333333333333,1.0606060606060606,3.1653,-3.3425,0,"(214, 96, 77)",44,67
4468,4468,-0.333333333333333,1.121212121212121,-3.2367,3.3422,1,"(253, 219, 199)",44,68
4469,4469,-0.333333333333333,1.1818181818181817,-3.2367,-3.3422,3,"(67, 147, 195)",44,69
4470,4470,-0.333333333333333,1.2424242424242422,-3.2367,-3.3422,3,"(67, 147, 195)",44,70
4471,4471,-0.333333333333333,1.3030303030303028,-3.2367,-3.3422,3,"(67, 147, 195)",44,71
4472,4472,-0.333333333333333,1.363636363636363,-3.2367,-3.3422,3,"(67, 147, 195)",44,72
4473,4473,-0.333333333333333,1.4242424242424248,-3.2367,-3.3422,3,"(67, 147, 195)",44,73
4474,4474,-0.333333333333333,1.4848484848484853,-3.2367,-3.3422,3,"(67, 147, 195)",44,74
4475,4475,-0.333333333333333,1.545454545454546,-3.2367,-3.3422,3,"(67, 147, 195)",44,75
4476,4476,-0.333333333333333,1.6060606060606064,-3.2367,-3.3422,3,"(67, 147, 195)",44,76
4477,4477,-0.333333333333333,1.666666666666667,-3.2367,-3.3422,3,"(67, 147, 195)",44,77
4478,4478,-0.333333333333333,1.7272727272727275,-3.2367,-3.3422,3,"(67, 147, 195)",44,78
4479,4479,-0.333333333333333,1.787878787878788,-3.2367,-3.3422,3,"(67, 147, 195)",44,79
4480,4480,-0.333333333333333,1.8484848484848488,-3.2367,-3.3422,3,"(67, 147, 195)",44,80
4481,4481,-0.333333333333333,1.9090909090909087,-3.2367,-3.3422,3,"(67, 147, 195)",44,81
4482,4482,-0.333333333333333,1.9696969696969695,-3.2367,-3.3422,3,"(67, 147, 195)",44,82
4483,4483,-0.333333333333333,2.0303030303030303,-3.2367,-3.3422,3,"(67, 147, 195)",44,83
4484,4484,-0.333333333333333,2.090909090909091,-3.2367,-3.3422,3,"(67, 147, 195)",44,84
4485,4485,-0.333333333333333,2.1515151515151514,-3.2367,-3.3422,3,"(67, 147, 195)",44,85
4486,4486,-0.333333333333333,2.212121212121212,-3.2367,-3.3422,3,"(67, 147, 195)",44,86
4487,4487,-0.333333333333333,2.2727272727272725,-3.2367,-3.3422,3,"(67, 147, 195)",44,87
4488,4488,-0.333333333333333,2.333333333333334,-3.2367,-3.3422,3,"(67, 147, 195)",44,88
4489,4489,-0.333333333333333,2.3939393939393945,-3.2367,-3.3422,3,"(67, 147, 195)",44,89
4490,4490,-0.333333333333333,2.454545454545455,-3.2367,-3.3422,3,"(67, 147, 195)",44,90
4491,4491,-0.333333333333333,2.515151515151516,-3.2367,-3.3422,3,"(67, 147, 195)",44,91
4492,4492,-0.333333333333333,2.575757575757576,-3.2367,-3.3422,3,"(67, 147, 195)",44,92
4493,4493,-0.333333333333333,2.6363636363636367,-3.2367,-3.3422,3,"(67, 147, 195)",44,93
4494,4494,-0.333333333333333,2.696969696969697,-3.2367,-3.3422,3,"(67, 147, 195)",44,94
4495,4495,-0.333333333333333,2.757575757575758,-3.2367,-3.3422,3,"(67, 147, 195)",44,95
4496,4496,-0.333333333333333,2.8181818181818183,-3.2367,-3.3422,3,"(67, 147, 195)",44,96
4497,4497,-0.333333333333333,2.878787878787879,-3.2367,-3.3422,3,"(67, 147, 195)",44,97
4498,4498,-0.333333333333333,2.9393939393939394,-3.2367,-3.3422,3,"(67, 147, 195)",44,98
4499,4499,-0.333333333333333,3.0,-3.2367,-3.3422,3,"(67, 147, 195)",44,99
4500,4500,-0.2727272727272725,-3.0,-3.2367,3.3422,1,"(253, 219, 199)",45,0
4501,4501,-0.2727272727272725,-2.9393939393939394,-3.2367,3.3422,1,"(253, 219, 199)",45,1
4502,4502,-0.2727272727272725,-2.878787878787879,-3.2367,3.3422,1,"(253, 219, 199)",45,2
4503,4503,-0.2727272727272725,-2.8181818181818183,-3.2367,3.3422,1,"(253, 219, 199)",45,3
4504,4504,-0.2727272727272725,-2.757575757575758,-3.2367,3.3422,1,"(253, 219, 199)",45,4
4505,4505,-0.2727272727272725,-2.696969696969697,-3.2367,3.3422,1,"(253, 219, 199)",45,5
4506,4506,-0.2727272727272725,-2.636363636363636,-3.2367,3.3422,1,"(253, 219, 199)",45,6
4507,4507,-0.2727272727272725,-2.575757575757576,-3.2367,3.3422,1,"(253, 219, 199)",45,7
4508,4508,-0.2727272727272725,-2.515151515151515,-3.2367,3.3422,1,"(253, 219, 199)",45,8
4509,4509,-0.2727272727272725,-2.4545454545454546,-3.2367,3.3422,1,"(253, 219, 199)",45,9
4510,4510,-0.2727272727272725,-2.393939393939394,-3.2367,3.3422,1,"(253, 219, 199)",45,10
4511,4511,-0.2727272727272725,-2.333333333333333,-3.2367,3.3422,1,"(253, 219, 199)",45,11
4512,4512,-0.2727272727272725,-2.2727272727272725,-3.2367,3.3422,1,"(253, 219, 199)",45,12
4513,4513,-0.2727272727272725,-2.212121212121212,-3.2367,3.3422,1,"(253, 219, 199)",45,13
4514,4514,-0.2727272727272725,-2.1515151515151514,-3.2367,3.3422,1,"(253, 219, 199)",45,14
4515,4515,-0.2727272727272725,-2.090909090909091,-3.2367,3.3422,1,"(253, 219, 199)",45,15
4516,4516,-0.2727272727272725,-2.0303030303030303,-3.2367,3.3422,1,"(253, 219, 199)",45,16
4517,4517,-0.2727272727272725,-1.9696969696969695,-3.2367,3.3422,1,"(253, 219, 199)",45,17
4518,4518,-0.2727272727272725,-1.9090909090909087,-3.2367,3.3422,1,"(253, 219, 199)",45,18
4519,4519,-0.2727272727272725,-1.8484848484848484,-3.2367,3.3422,1,"(253, 219, 199)",45,19
4520,4520,-0.2727272727272725,-1.7878787878787878,-3.2367,3.3422,1,"(253, 219, 199)",45,20
4521,4521,-0.2727272727272725,-1.7272727272727273,-3.2367,3.3422,1,"(253, 219, 199)",45,21
4522,4522,-0.2727272727272725,-1.6666666666666663,-3.2367,3.3422,1,"(253, 219, 199)",45,22
4523,4523,-0.2727272727272725,-1.606060606060606,-3.2367,3.3422,1,"(253, 219, 199)",45,23
4524,4524,-0.2727272727272725,-1.5454545454545454,-3.2367,3.3422,1,"(253, 219, 199)",45,24
4525,4525,-0.2727272727272725,-1.4848484848484849,-3.2367,3.3422,1,"(253, 219, 199)",45,25
4526,4526,-0.2727272727272725,-1.4242424242424243,-3.2367,3.3422,1,"(253, 219, 199)",45,26
4527,4527,-0.2727272727272725,-1.3636363636363635,-3.2367,3.3422,1,"(253, 219, 199)",45,27
4528,4528,-0.2727272727272725,-1.303030303030303,-3.2367,3.3422,1,"(253, 219, 199)",45,28
4529,4529,-0.2727272727272725,-1.2424242424242424,-3.2367,3.3422,1,"(253, 219, 199)",45,29
4530,4530,-0.2727272727272725,-1.1818181818181817,-3.2367,3.3422,1,"(253, 219, 199)",45,30
4531,4531,-0.2727272727272725,-1.121212121212121,-3.2367,3.3422,1,"(253, 219, 199)",45,31
4532,4532,-0.2727272727272725,-1.0606060606060606,3.1653,3.3425,2,"(209, 229, 240)",45,32
4533,4533,-0.2727272727272725,-1.0,-3.2367,-3.3422,3,"(67, 147, 195)",45,33
4534,4534,-0.2727272727272725,-0.9393939393939394,-3.2367,-3.3422,3,"(67, 147, 195)",45,34
4535,4535,-0.2727272727272725,-0.8787878787878789,-3.2367,-3.3422,3,"(67, 147, 195)",45,35
4536,4536,-0.2727272727272725,-0.8181818181818183,-3.2367,-3.3422,3,"(67, 147, 195)",45,36
4537,4537,-0.2727272727272725,-0.7575757575757573,-3.2367,-3.3422,3,"(67, 147, 195)",45,37
4538,4538,-0.2727272727272725,-0.6969696969696968,-3.2367,-3.3422,3,"(67, 147, 195)",45,38
4539,4539,-0.2727272727272725,-0.6363636363636362,-3.2367,-3.3422,3,"(67, 147, 195)",45,39
4540,4540,-0.2727272727272725,-0.5757575757575757,-3.2367,3.3422,1,"(253, 219, 199)",45,40
4541,4541,-0.2727272727272725,-0.5151515151515151,3.1653,-3.3425,0,"(214, 96, 77)",45,41
4542,4542,-0.2727272727272725,-0.4545454545454546,3.1653,-3.3425,0,"(214, 96, 77)",45,42
4543,4543,-0.2727272727272725,-0.393939393939394,3.1653,-3.3425,0,"(214, 96, 77)",45,43
4544,4544,-0.2727272727272725,-0.333333333333333,3.1653,-3.3425,0,"(214, 96, 77)",45,44
4545,4545,-0.2727272727272725,-0.2727272727272725,3.1653,-3.3425,0,"(214, 96, 77)",45,45
4546,4546,-0.2727272727272725,-0.2121212121212119,3.1653,-3.3425,0,"(214, 96, 77)",45,46
4547,4547,-0.2727272727272725,-0.1515151515151513,3.1653,-3.3425,0,"(214, 96, 77)",45,47
4548,4548,-0.2727272727272725,-0.0909090909090908,3.1653,-3.3425,0,"(214, 96, 77)",45,48
4549,4549,-0.2727272727272725,-0.0303030303030302,3.1653,-3.3425,0,"(214, 96, 77)",45,49
4550,4550,-0.2727272727272725,0.0303030303030302,3.1653,3.3425,2,"(209, 229, 240)",45,50
4551,4551,-0.2727272727272725,0.0909090909090908,3.1653,3.3425,2,"(209, 229, 240)",45,51
4552,4552,-0.2727272727272725,0.1515151515151513,3.1653,3.3425,2,"(209, 229, 240)",45,52
4553,4553,-0.2727272727272725,0.2121212121212123,3.1653,3.3425,2,"(209, 229, 240)",45,53
4554,4554,-0.2727272727272725,0.2727272727272729,3.1653,3.3425,2,"(209, 229, 240)",45,54
4555,4555,-0.2727272727272725,0.3333333333333335,3.1653,3.3425,2,"(209, 229, 240)",45,55
4556,4556,-0.2727272727272725,0.393939393939394,3.1653,3.3425,2,"(209, 229, 240)",45,56
4557,4557,-0.2727272727272725,0.4545454545454546,3.1653,3.3425,2,"(209, 229, 240)",45,57
4558,4558,-0.2727272727272725,0.5151515151515151,3.1653,3.3425,2,"(209, 229, 240)",45,58
4559,4559,-0.2727272727272725,0.5757575757575757,-3.2367,-3.3422,3,"(67, 147, 195)",45,59
4560,4560,-0.2727272727272725,0.6363636363636367,-3.2367,3.3422,1,"(253, 219, 199)",45,60
4561,4561,-0.2727272727272725,0.6969696969696972,-3.2367,3.3422,1,"(253, 219, 199)",45,61
4562,4562,-0.2727272727272725,0.7575757575757578,-3.2367,3.3422,1,"(253, 219, 199)",45,62
4563,4563,-0.2727272727272725,0.8181818181818183,-3.2367,3.3422,1,"(253, 219, 199)",45,63
4564,4564,-0.2727272727272725,0.8787878787878789,-3.2367,3.3422,1,"(253, 219, 199)",45,64
4565,4565,-0.2727272727272725,0.9393939393939394,-3.2367,3.3422,1,"(253, 219, 199)",45,65
4566,4566,-0.2727272727272725,1.0,-3.2367,3.3422,1,"(253, 219, 199)",45,66
4567,4567,-0.2727272727272725,1.0606060606060606,3.1653,-3.3425,0,"(214, 96, 77)",45,67
4568,4568,-0.2727272727272725,1.121212121212121,-3.2367,-3.3422,3,"(67, 147, 195)",45,68
4569,4569,-0.2727272727272725,1.1818181818181817,-3.2367,-3.3422,3,"(67, 147, 195)",45,69
4570,4570,-0.2727272727272725,1.2424242424242422,-3.2367,-3.3422,3,"(67, 147, 195)",45,70
4571,4571,-0.2727272727272725,1.3030303030303028,-3.2367,-3.3422,3,"(67, 147, 195)",45,71
4572,4572,-0.2727272727272725,1.363636363636363,-3.2367,-3.3422,3,"(67, 147, 195)",45,72
4573,4573,-0.2727272727272725,1.4242424242424248,-3.2367,-3.3422,3,"(67, 147, 195)",45,73
4574,4574,-0.2727272727272725,1.4848484848484853,-3.2367,-3.3422,3,"(67, 147, 195)",45,74
4575,4575,-0.2727272727272725,1.545454545454546,-3.2367,-3.3422,3,"(67, 147, 195)",45,75
4576,4576,-0.2727272727272725,1.6060606060606064,-3.2367,-3.3422,3,"(67, 147, 195)",45,76
4577,4577,-0.2727272727272725,1.666666666666667,-3.2367,-3.3422,3,"(67, 147, 195)",45,77
4578,4578,-0.2727272727272725,1.7272727272727275,-3.2367,-3.3422,3,"(67, 147, 195)",45,78
4579,4579,-0.2727272727272725,1.787878787878788,-3.2367,-3.3422,3,"(67, 147, 195)",45,79
4580,4580,-0.2727272727272725,1.8484848484848488,-3.2367,-3.3422,3,"(67, 147, 195)",45,80
4581,4581,-0.2727272727272725,1.9090909090909087,-3.2367,-3.3422,3,"(67, 147, 195)",45,81
4582,4582,-0.2727272727272725,1.9696969696969695,-3.2367,-3.3422,3,"(67, 147, 195)",45,82
4583,4583,-0.2727272727272725,2.0303030303030303,-3.2367,-3.3422,3,"(67, 147, 195)",45,83
4584,4584,-0.2727272727272725,2.090909090909091,-3.2367,-3.3422,3,"(67, 147, 195)",45,84
4585,4585,-0.2727272727272725,2.1515151515151514,-3.2367,-3.3422,3,"(67, 147, 195)",45,85
4586,4586,-0.2727272727272725,2.212121212121212,-3.2367,-3.3422,3,"(67, 147, 195)",45,86
4587,4587,-0.2727272727272725,2.2727272727272725,-3.2367,-3.3422,3,"(67, 147, 195)",45,87
4588,4588,-0.2727272727272725,2.333333333333334,-3.2367,-3.3422,3,"(67, 147, 195)",45,88
4589,4589,-0.2727272727272725,2.3939393939393945,-3.2367,-3.3422,3,"(67, 147, 195)",45,89
4590,4590,-0.2727272727272725,2.454545454545455,-3.2367,-3.3422,3,"(67, 147, 195)",45,90
4591,4591,-0.2727272727272725,2.515151515151516,-3.2367,-3.3422,3,"(67, 147, 195)",45,91
4592,4592,-0.2727272727272725,2.575757575757576,-3.2367,-3.3422,3,"(67, 147, 195)",45,92
4593,4593,-0.2727272727272725,2.6363636363636367,-3.2367,-3.3422,3,"(67, 147, 195)",45,93
4594,4594,-0.2727272727272725,2.696969696969697,-3.2367,-3.3422,3,"(67, 147, 195)",45,94
4595,4595,-0.2727272727272725,2.757575757575758,-3.2367,-3.3422,3,"(67, 147, 195)",45,95
4596,4596,-0.2727272727272725,2.8181818181818183,-3.2367,-3.3422,3,"(67, 147, 195)",45,96
4597,4597,-0.2727272727272725,2.878787878787879,-3.2367,-3.3422,3,"(67, 147, 195)",45,97
4598,4598,-0.2727272727272725,2.9393939393939394,-3.2367,-3.3422,3,"(67, 147, 195)",45,98
4599,4599,-0.2727272727272725,3.0,-3.2367,-3.3422,3,"(67, 147, 195)",45,99
4600,4600,-0.2121212121212119,-3.0,3.1653,3.3425,2,"(209, 229, 240)",46,0
4601,4601,-0.2121212121212119,-2.9393939393939394,-3.2367,3.3422,1,"(253, 219, 199)",46,1
4602,4602,-0.2121212121212119,-2.878787878787879,-3.2367,3.3422,1,"(253, 219, 199)",46,2
4603,4603,-0.2121212121212119,-2.8181818181818183,-3.2367,3.3422,1,"(253, 219, 199)",46,3
4604,4604,-0.2121212121212119,-2.757575757575758,-3.2367,3.3422,1,"(253, 219, 199)",46,4
4605,4605,-0.2121212121212119,-2.696969696969697,-3.2367,3.3422,1,"(253, 219, 199)",46,5
4606,4606,-0.2121212121212119,-2.636363636363636,-3.2367,3.3422,1,"(253, 219, 199)",46,6
4607,4607,-0.2121212121212119,-2.575757575757576,-3.2367,3.3422,1,"(253, 219, 199)",46,7
4608,4608,-0.2121212121212119,-2.515151515151515,-3.2367,3.3422,1,"(253, 219, 199)",46,8
4609,4609,-0.2121212121212119,-2.4545454545454546,-3.2367,3.3422,1,"(253, 219, 199)",46,9
4610,4610,-0.2121212121212119,-2.393939393939394,-3.2367,3.3422,1,"(253, 219, 199)",46,10
4611,4611,-0.2121212121212119,-2.333333333333333,-3.2367,3.3422,1,"(253, 219, 199)",46,11
4612,4612,-0.2121212121212119,-2.2727272727272725,-3.2367,3.3422,1,"(253, 219, 199)",46,12
4613,4613,-0.2121212121212119,-2.212121212121212,-3.2367,3.3422,1,"(253, 219, 199)",46,13
4614,4614,-0.2121212121212119,-2.1515151515151514,-3.2367,3.3422,1,"(253, 219, 199)",46,14
4615,4615,-0.2121212121212119,-2.090909090909091,-3.2367,3.3422,1,"(253, 219, 199)",46,15
4616,4616,-0.2121212121212119,-2.0303030303030303,-3.2367,3.3422,1,"(253, 219, 199)",46,16
4617,4617,-0.2121212121212119,-1.9696969696969695,-3.2367,3.3422,1,"(253, 219, 199)",46,17
4618,4618,-0.2121212121212119,-1.9090909090909087,-3.2367,3.3422,1,"(253, 219, 199)",46,18
4619,4619,-0.2121212121212119,-1.8484848484848484,-3.2367,3.3422,1,"(253, 219, 199)",46,19
4620,4620,-0.2121212121212119,-1.7878787878787878,-3.2367,3.3422,1,"(253, 219, 199)",46,20
4621,4621,-0.2121212121212119,-1.7272727272727273,-3.2367,3.3422,1,"(253, 219, 199)",46,21
4622,4622,-0.2121212121212119,-1.6666666666666663,-3.2367,3.3422,1,"(253, 219, 199)",46,22
4623,4623,-0.2121212121212119,-1.606060606060606,-3.2367,3.3422,1,"(253, 219, 199)",46,23
4624,4624,-0.2121212121212119,-1.5454545454545454,-3.2367,3.3422,1,"(253, 219, 199)",46,24
4625,4625,-0.2121212121212119,-1.4848484848484849,-3.2367,3.3422,1,"(253, 219, 199)",46,25
4626,4626,-0.2121212121212119,-1.4242424242424243,-3.2367,3.3422,1,"(253, 219, 199)",46,26
4627,4627,-0.2121212121212119,-1.3636363636363635,-3.2367,3.3422,1,"(253, 219, 199)",46,27
4628,4628,-0.2121212121212119,-1.303030303030303,-3.2367,3.3422,1,"(253, 219, 199)",46,28
4629,4629,-0.2121212121212119,-1.2424242424242424,-3.2367,3.3422,1,"(253, 219, 199)",46,29
4630,4630,-0.2121212121212119,-1.1818181818181817,-3.2367,3.3422,1,"(253, 219, 199)",46,30
4631,4631,-0.2121212121212119,-1.121212121212121,-3.2367,3.3422,1,"(253, 219, 199)",46,31
4632,4632,-0.2121212121212119,-1.0606060606060606,-3.2367,3.3422,1,"(253, 219, 199)",46,32
4633,4633,-0.2121212121212119,-1.0,3.1653,-3.3425,0,"(214, 96, 77)",46,33
4634,4634,-0.2121212121212119,-0.9393939393939394,-3.2367,-3.3422,3,"(67, 147, 195)",46,34
4635,4635,-0.2121212121212119,-0.8787878787878789,-3.2367,-3.3422,3,"(67, 147, 195)",46,35
4636,4636,-0.2121212121212119,-0.8181818181818183,-3.2367,-3.3422,3,"(67, 147, 195)",46,36
4637,4637,-0.2121212121212119,-0.7575757575757573,-3.2367,-3.3422,3,"(67, 147, 195)",46,37
4638,4638,-0.2121212121212119,-0.6969696969696968,-3.2367,-3.3422,3,"(67, 147, 195)",46,38
4639,4639,-0.2121212121212119,-0.6363636363636362,-3.2367,3.3422,1,"(253, 219, 199)",46,39
4640,4640,-0.2121212121212119,-0.5757575757575757,-3.2367,3.3422,1,"(253, 219, 199)",46,40
4641,4641,-0.2121212121212119,-0.5151515151515151,3.1653,3.3425,2,"(209, 229, 240)",46,41
4642,4642,-0.2121212121212119,-0.4545454545454546,3.1653,-3.3425,0,"(214, 96, 77)",46,42
4643,4643,-0.2121212121212119,-0.393939393939394,3.1653,-3.3425,0,"(214, 96, 77)",46,43
4644,4644,-0.2121212121212119,-0.333333333333333,3.1653,-3.3425,0,"(214, 96, 77)",46,44
4645,4645,-0.2121212121212119,-0.2727272727272725,3.1653,-3.3425,0,"(214, 96, 77)",46,45
4646,4646,-0.2121212121212119,-0.2121212121212119,3.1653,-3.3425,0,"(214, 96, 77)",46,46
4647,4647,-0.2121212121212119,-0.1515151515151513,3.1653,-3.3425,0,"(214, 96, 77)",46,47
4648,4648,-0.2121212121212119,-0.0909090909090908,3.1653,-3.3425,0,"(214, 96, 77)",46,48
4649,4649,-0.2121212121212119,-0.0303030303030302,3.1653,-3.3425,0,"(214, 96, 77)",46,49
4650,4650,-0.2121212121212119,0.0303030303030302,3.1653,3.3425,2,"(209, 229, 240)",46,50
4651,4651,-0.2121212121212119,0.0909090909090908,3.1653,3.3425,2,"(209, 229, 240)",46,51
4652,4652,-0.2121212121212119,0.1515151515151513,3.1653,3.3425,2,"(209, 229, 240)",46,52
4653,4653,-0.2121212121212119,0.2121212121212123,3.1653,3.3425,2,"(209, 229, 240)",46,53
4654,4654,-0.2121212121212119,0.2727272727272729,3.1653,3.3425,2,"(209, 229, 240)",46,54
4655,4655,-0.2121212121212119,0.3333333333333335,3.1653,3.3425,2,"(209, 229, 240)",46,55
4656,4656,-0.2121212121212119,0.393939393939394,3.1653,3.3425,2,"(209, 229, 240)",46,56
4657,4657,-0.2121212121212119,0.4545454545454546,3.1653,3.3425,2,"(209, 229, 240)",46,57
4658,4658,-0.2121212121212119,0.5151515151515151,3.1653,-3.3425,0,"(214, 96, 77)",46,58
4659,4659,-0.2121212121212119,0.5757575757575757,-3.2367,-3.3422,3,"(67, 147, 195)",46,59
4660,4660,-0.2121212121212119,0.6363636363636367,-3.2367,-3.3422,3,"(67, 147, 195)",46,60
4661,4661,-0.2121212121212119,0.6969696969696972,-3.2367,3.3422,1,"(253, 219, 199)",46,61
4662,4662,-0.2121212121212119,0.7575757575757578,-3.2367,3.3422,1,"(253, 219, 199)",46,62
4663,4663,-0.2121212121212119,0.8181818181818183,-3.2367,3.3422,1,"(253, 219, 199)",46,63
4664,4664,-0.2121212121212119,0.8787878787878789,-3.2367,3.3422,1,"(253, 219, 199)",46,64
4665,4665,-0.2121212121212119,0.9393939393939394,-3.2367,3.3422,1,"(253, 219, 199)",46,65
4666,4666,-0.2121212121212119,1.0,3.1653,3.3425,2,"(209, 229, 240)",46,66
4667,4667,-0.2121212121212119,1.0606060606060606,-3.2367,-3.3422,3,"(67, 147, 195)",46,67
4668,4668,-0.2121212121212119,1.121212121212121,-3.2367,-3.3422,3,"(67, 147, 195)",46,68
4669,4669,-0.2121212121212119,1.1818181818181817,-3.2367,-3.3422,3,"(67, 147, 195)",46,69
4670,4670,-0.2121212121212119,1.2424242424242422,-3.2367,-3.3422,3,"(67, 147, 195)",46,70
4671,4671,-0.2121212121212119,1.3030303030303028,-3.2367,-3.3422,3,"(67, 147, 195)",46,71
4672,4672,-0.2121212121212119,1.363636363636363,-3.2367,-3.3422,3,"(67, 147, 195)",46,72
4673,4673,-0.2121212121212119,1.4242424242424248,-3.2367,-3.3422,3,"(67, 147, 195)",46,73
4674,4674,-0.2121212121212119,1.4848484848484853,-3.2367,-3.3422,3,"(67, 147, 195)",46,74
4675,4675,-0.2121212121212119,1.545454545454546,-3.2367,-3.3422,3,"(67, 147, 195)",46,75
4676,4676,-0.2121212121212119,1.6060606060606064,-3.2367,-3.3422,3,"(67, 147, 195)",46,76
4677,4677,-0.2121212121212119,1.666666666666667,-3.2367,-3.3422,3,"(67, 147, 195)",46,77
4678,4678,-0.2121212121212119,1.7272727272727275,-3.2367,-3.3422,3,"(67, 147, 195)",46,78
4679,4679,-0.2121212121212119,1.787878787878788,-3.2367,-3.3422,3,"(67, 147, 195)",46,79
4680,4680,-0.2121212121212119,1.8484848484848488,-3.2367,-3.3422,3,"(67, 147, 195)",46,80
4681,4681,-0.2121212121212119,1.9090909090909087,-3.2367,-3.3422,3,"(67, 147, 195)",46,81
4682,4682,-0.2121212121212119,1.9696969696969695,-3.2367,-3.3422,3,"(67, 147, 195)",46,82
4683,4683,-0.2121212121212119,2.0303030303030303,-3.2367,-3.3422,3,"(67, 147, 195)",46,83
4684,4684,-0.2121212121212119,2.090909090909091,-3.2367,-3.3422,3,"(67, 147, 195)",46,84
4685,4685,-0.2121212121212119,2.1515151515151514,-3.2367,-3.3422,3,"(67, 147, 195)",46,85
4686,4686,-0.2121212121212119,2.212121212121212,-3.2367,-3.3422,3,"(67, 147, 195)",46,86
4687,4687,-0.2121212121212119,2.2727272727272725,-3.2367,-3.3422,3,"(67, 147, 195)",46,87
4688,4688,-0.2121212121212119,2.333333333333334,-3.2367,-3.3422,3,"(67, 147, 195)",46,88
4689,4689,-0.2121212121212119,2.3939393939393945,-3.2367,-3.3422,3,"(67, 147, 195)",46,89
4690,4690,-0.2121212121212119,2.454545454545455,-3.2367,-3.3422,3,"(67, 147, 195)",46,90
4691,4691,-0.2121212121212119,2.515151515151516,-3.2367,-3.3422,3,"(67, 147, 195)",46,91
4692,4692,-0.2121212121212119,2.575757575757576,-3.2367,-3.3422,3,"(67, 147, 195)",46,92
4693,4693,-0.2121212121212119,2.6363636363636367,-3.2367,-3.3422,3,"(67, 147, 195)",46,93
4694,4694,-0.2121212121212119,2.696969696969697,-3.2367,-3.3422,3,"(67, 147, 195)",46,94
4695,4695,-0.2121212121212119,2.757575757575758,-3.2367,-3.3422,3,"(67, 147, 195)",46,95
4696,4696,-0.2121212121212119,2.8181818181818183,-3.2367,-3.3422,3,"(67, 147, 195)",46,96
4697,4697,-0.2121212121212119,2.878787878787879,-3.2367,-3.3422,3,"(67, 147, 195)",46,97
4698,4698,-0.2121212121212119,2.9393939393939394,-3.2367,-3.3422,3,"(67, 147, 195)",46,98
4699,4699,-0.2121212121212119,3.0,3.1653,-3.3425,0,"(214, 96, 77)",46,99
4700,4700,-0.1515151515151513,-3.0,-3.2367,-3.3422,3,"(67, 147, 195)",47,0
4701,4701,-0.1515151515151513,-2.9393939393939394,-3.2367,-3.3422,3,"(67, 147, 195)",47,1
4702,4702,-0.1515151515151513,-2.878787878787879,3.1653,-3.3425,0,"(214, 96, 77)",47,2
4703,4703,-0.1515151515151513,-2.8181818181818183,3.1653,3.3425,2,"(209, 229, 240)",47,3
4704,4704,-0.1515151515151513,-2.757575757575758,-3.2367,3.3422,1,"(253, 219, 199)",47,4
4705,4705,-0.1515151515151513,-2.696969696969697,-3.2367,3.3422,1,"(253, 219, 199)",47,5
4706,4706,-0.1515151515151513,-2.636363636363636,-3.2367,3.3422,1,"(253, 219, 199)",47,6
4707,4707,-0.1515151515151513,-2.575757575757576,-3.2367,3.3422,1,"(253, 219, 199)",47,7
4708,4708,-0.1515151515151513,-2.515151515151515,-3.2367,3.3422,1,"(253, 219, 199)",47,8
4709,4709,-0.1515151515151513,-2.4545454545454546,-3.2367,3.3422,1,"(253, 219, 199)",47,9
4710,4710,-0.1515151515151513,-2.393939393939394,-3.2367,3.3422,1,"(253, 219, 199)",47,10
4711,4711,-0.1515151515151513,-2.333333333333333,-3.2367,3.3422,1,"(253, 219, 199)",47,11
4712,4712,-0.1515151515151513,-2.2727272727272725,-3.2367,3.3422,1,"(253, 219, 199)",47,12
4713,4713,-0.1515151515151513,-2.212121212121212,-3.2367,3.3422,1,"(253, 219, 199)",47,13
4714,4714,-0.1515151515151513,-2.1515151515151514,-3.2367,3.3422,1,"(253, 219, 199)",47,14
4715,4715,-0.1515151515151513,-2.090909090909091,-3.2367,3.3422,1,"(253, 219, 199)",47,15
4716,4716,-0.1515151515151513,-2.0303030303030303,-3.2367,3.3422,1,"(253, 219, 199)",47,16
4717,4717,-0.1515151515151513,-1.9696969696969695,-3.2367,3.3422,1,"(253, 219, 199)",47,17
4718,4718,-0.1515151515151513,-1.9090909090909087,-3.2367,3.3422,1,"(253, 219, 199)",47,18
4719,4719,-0.1515151515151513,-1.8484848484848484,-3.2367,3.3422,1,"(253, 219, 199)",47,19
4720,4720,-0.1515151515151513,-1.7878787878787878,-3.2367,3.3422,1,"(253, 219, 199)",47,20
4721,4721,-0.1515151515151513,-1.7272727272727273,-3.2367,3.3422,1,"(253, 219, 199)",47,21
4722,4722,-0.1515151515151513,-1.6666666666666663,-3.2367,3.3422,1,"(253, 219, 199)",47,22
4723,4723,-0.1515151515151513,-1.606060606060606,-3.2367,3.3422,1,"(253, 219, 199)",47,23
4724,4724,-0.1515151515151513,-1.5454545454545454,-3.2367,3.3422,1,"(253, 219, 199)",47,24
4725,4725,-0.1515151515151513,-1.4848484848484849,-3.2367,3.3422,1,"(253, 219, 199)",47,25
4726,4726,-0.1515151515151513,-1.4242424242424243,-3.2367,3.3422,1,"(253, 219, 199)",47,26
4727,4727,-0.1515151515151513,-1.3636363636363635,-3.2367,3.3422,1,"(253, 219, 199)",47,27
4728,4728,-0.1515151515151513,-1.303030303030303,-3.2367,3.3422,1,"(253, 219, 199)",47,28
4729,4729,-0.1515151515151513,-1.2424242424242424,-3.2367,3.3422,1,"(253, 219, 199)",47,29
4730,4730,-0.1515151515151513,-1.1818181818181817,-3.2367,3.3422,1,"(253, 219, 199)",47,30
4731,4731,-0.1515151515151513,-1.121212121212121,-3.2367,3.3422,1,"(253, 219, 199)",47,31
4732,4732,-0.1515151515151513,-1.0606060606060606,-3.2367,3.3422,1,"(253, 219, 199)",47,32
4733,4733,-0.1515151515151513,-1.0,-3.2367,3.3422,1,"(253, 219, 199)",47,33
4734,4734,-0.1515151515151513,-0.9393939393939394,-3.2367,-3.3422,3,"(67, 147, 195)",47,34
4735,4735,-0.1515151515151513,-0.8787878787878789,-3.2367,-3.3422,3,"(67, 147, 195)",47,35
4736,4736,-0.1515151515151513,-0.8181818181818183,-3.2367,-3.3422,3,"(67, 147, 195)",47,36
4737,4737,-0.1515151515151513,-0.7575757575757573,-3.2367,-3.3422,3,"(67, 147, 195)",47,37
4738,4738,-0.1515151515151513,-0.6969696969696968,-3.2367,-3.3422,3,"(67, 147, 195)",47,38
4739,4739,-0.1515151515151513,-0.6363636363636362,3.1653,-3.3425,0,"(214, 96, 77)",47,39
4740,4740,-0.1515151515151513,-0.5757575757575757,-3.2367,3.3422,1,"(253, 219, 199)",47,40
4741,4741,-0.1515151515151513,-0.5151515151515151,-3.2367,3.3422,1,"(253, 219, 199)",47,41
4742,4742,-0.1515151515151513,-0.4545454545454546,-3.2367,-3.3422,3,"(67, 147, 195)",47,42
4743,4743,-0.1515151515151513,-0.393939393939394,3.1653,-3.3425,0,"(214, 96, 77)",47,43
4744,4744,-0.1515151515151513,-0.333333333333333,3.1653,-3.3425,0,"(214, 96, 77)",47,44
4745,4745,-0.1515151515151513,-0.2727272727272725,3.1653,-3.3425,0,"(214, 96, 77)",47,45
4746,4746,-0.1515151515151513,-0.2121212121212119,3.1653,-3.3425,0,"(214, 96, 77)",47,46
4747,4747,-0.1515151515151513,-0.1515151515151513,3.1653,-3.3425,0,"(214, 96, 77)",47,47
4748,4748,-0.1515151515151513,-0.0909090909090908,3.1653,-3.3425,0,"(214, 96, 77)",47,48
4749,4749,-0.1515151515151513,-0.0303030303030302,3.1653,-3.3425,0,"(214, 96, 77)",47,49
4750,4750,-0.1515151515151513,0.0303030303030302,3.1653,3.3425,2,"(209, 229, 240)",47,50
4751,4751,-0.1515151515151513,0.0909090909090908,3.1653,3.3425,2,"(209, 229, 240)",47,51
4752,4752,-0.1515151515151513,0.1515151515151513,3.1653,3.3425,2,"(209, 229, 240)",47,52
4753,4753,-0.1515151515151513,0.2121212121212123,3.1653,3.3425,2,"(209, 229, 240)",47,53
4754,4754,-0.1515151515151513,0.2727272727272729,3.1653,3.3425,2,"(209, 229, 240)",47,54
4755,4755,-0.1515151515151513,0.3333333333333335,3.1653,3.3425,2,"(209, 229, 240)",47,55
4756,4756,-0.1515151515151513,0.393939393939394,3.1653,3.3425,2,"(209, 229, 240)",47,56
4757,4757,-0.1515151515151513,0.4545454545454546,-3.2367,3.3422,1,"(253, 219, 199)",47,57
4758,4758,-0.1515151515151513,0.5151515151515151,-3.2367,-3.3422,3,"(67, 147, 195)",47,58
4759,4759,-0.1515151515151513,0.5757575757575757,-3.2367,-3.3422,3,"(67, 147, 195)",47,59
4760,4760,-0.1515151515151513,0.6363636363636367,3.1653,3.3425,2,"(209, 229, 240)",47,60
4761,4761,-0.1515151515151513,0.6969696969696972,-3.2367,3.3422,1,"(253, 219, 199)",47,61
4762,4762,-0.1515151515151513,0.7575757575757578,-3.2367,3.3422,1,"(253, 219, 199)",47,62
4763,4763,-0.1515151515151513,0.8181818181818183,-3.2367,3.3422,1,"(253, 219, 199)",47,63
4764,4764,-0.1515151515151513,0.8787878787878789,-3.2367,3.3422,1,"(253, 219, 199)",47,64
4765,4765,-0.1515151515151513,0.9393939393939394,-3.2367,3.3422,1,"(253, 219, 199)",47,65
4766,4766,-0.1515151515151513,1.0,-3.2367,-3.3422,3,"(67, 147, 195)",47,66
4767,4767,-0.1515151515151513,1.0606060606060606,-3.2367,-3.3422,3,"(67, 147, 195)",47,67
4768,4768,-0.1515151515151513,1.121212121212121,-3.2367,-3.3422,3,"(67, 147, 195)",47,68
4769,4769,-0.1515151515151513,1.1818181818181817,-3.2367,-3.3422,3,"(67, 147, 195)",47,69
4770,4770,-0.1515151515151513,1.2424242424242422,-3.2367,-3.3422,3,"(67, 147, 195)",47,70
4771,4771,-0.1515151515151513,1.3030303030303028,-3.2367,-3.3422,3,"(67, 147, 195)",47,71
4772,4772,-0.1515151515151513,1.363636363636363,-3.2367,-3.3422,3,"(67, 147, 195)",47,72
4773,4773,-0.1515151515151513,1.4242424242424248,-3.2367,-3.3422,3,"(67, 147, 195)",47,73
4774,4774,-0.1515151515151513,1.4848484848484853,-3.2367,-3.3422,3,"(67, 147, 195)",47,74
4775,4775,-0.1515151515151513,1.545454545454546,-3.2367,-3.3422,3,"(67, 147, 195)",47,75
4776,4776,-0.1515151515151513,1.6060606060606064,-3.2367,-3.3422,3,"(67, 147, 195)",47,76
4777,4777,-0.1515151515151513,1.666666666666667,-3.2367,-3.3422,3,"(67, 147, 195)",47,77
4778,4778,-0.1515151515151513,1.7272727272727275,-3.2367,-3.3422,3,"(67, 147, 195)",47,78
4779,4779,-0.1515151515151513,1.787878787878788,-3.2367,-3.3422,3,"(67, 147, 195)",47,79
4780,4780,-0.1515151515151513,1.8484848484848488,-3.2367,-3.3422,3,"(67, 147, 195)",47,80
4781,4781,-0.1515151515151513,1.9090909090909087,-3.2367,-3.3422,3,"(67, 147, 195)",47,81
4782,4782,-0.1515151515151513,1.9696969696969695,-3.2367,-3.3422,3,"(67, 147, 195)",47,82
4783,4783,-0.1515151515151513,2.0303030303030303,-3.2367,-3.3422,3,"(67, 147, 195)",47,83
4784,4784,-0.1515151515151513,2.090909090909091,-3.2367,-3.3422,3,"(67, 147, 195)",47,84
4785,4785,-0.1515151515151513,2.1515151515151514,-3.2367,-3.3422,3,"(67, 147, 195)",47,85
4786,4786,-0.1515151515151513,2.212121212121212,-3.2367,-3.3422,3,"(67, 147, 195)",47,86
4787,4787,-0.1515151515151513,2.2727272727272725,-3.2367,-3.3422,3,"(67, 147, 195)",47,87
4788,4788,-0.1515151515151513,2.333333333333334,-3.2367,-3.3422,3,"(67, 147, 195)",47,88
4789,4789,-0.1515151515151513,2.3939393939393945,-3.2367,-3.3422,3,"(67, 147, 195)",47,89
4790,4790,-0.1515151515151513,2.454545454545455,-3.2367,-3.3422,3,"(67, 147, 195)",47,90
4791,4791,-0.1515151515151513,2.515151515151516,-3.2367,-3.3422,3,"(67, 147, 195)",47,91
4792,4792,-0.1515151515151513,2.575757575757576,-3.2367,-3.3422,3,"(67, 147, 195)",47,92
4793,4793,-0.1515151515151513,2.6363636363636367,-3.2367,-3.3422,3,"(67, 147, 195)",47,93
4794,4794,-0.1515151515151513,2.696969696969697,-3.2367,-3.3422,3,"(67, 147, 195)",47,94
4795,4795,-0.1515151515151513,2.757575757575758,-3.2367,-3.3422,3,"(67, 147, 195)",47,95
4796,4796,-0.1515151515151513,2.8181818181818183,3.1653,-3.3425,0,"(214, 96, 77)",47,96
4797,4797,-0.1515151515151513,2.878787878787879,3.1653,3.3425,2,"(209, 229, 240)",47,97
4798,4798,-0.1515151515151513,2.9393939393939394,-3.2367,3.3422,1,"(253, 219, 199)",47,98
4799,4799,-0.1515151515151513,3.0,-3.2367,3.3422,1,"(253, 219, 199)",47,99
4800,4800,-0.0909090909090908,-3.0,-3.2367,-3.3422,3,"(67, 147, 195)",48,0
4801,4801,-0.0909090909090908,-2.9393939393939394,-3.2367,-3.3422,3,"(67, 147, 195)",48,1
4802,4802,-0.0909090909090908,-2.878787878787879,-3.2367,-3.3422,3,"(67, 147, 195)",48,2
4803,4803,-0.0909090909090908,-2.8181818181818183,3.1653,3.3425,2,"(209, 229, 240)",48,3
4804,4804,-0.0909090909090908,-2.757575757575758,-3.2367,3.3422,1,"(253, 219, 199)",48,4
4805,4805,-0.0909090909090908,-2.696969696969697,-3.2367,-3.3422,3,"(67, 147, 195)",48,5
4806,4806,-0.0909090909090908,-2.636363636363636,3.1653,3.3425,2,"(209, 229, 240)",48,6
4807,4807,-0.0909090909090908,-2.575757575757576,3.1653,-3.3425,0,"(214, 96, 77)",48,7
4808,4808,-0.0909090909090908,-2.515151515151515,3.1653,-3.3425,0,"(214, 96, 77)",48,8
4809,4809,-0.0909090909090908,-2.4545454545454546,3.1653,-3.3425,0,"(214, 96, 77)",48,9
4810,4810,-0.0909090909090908,-2.393939393939394,-3.2367,3.3422,1,"(253, 219, 199)",48,10
4811,4811,-0.0909090909090908,-2.333333333333333,-3.2367,3.3422,1,"(253, 219, 199)",48,11
4812,4812,-0.0909090909090908,-2.2727272727272725,3.1653,3.3425,2,"(209, 229, 240)",48,12
4813,4813,-0.0909090909090908,-2.212121212121212,-3.2367,3.3422,1,"(253, 219, 199)",48,13
4814,4814,-0.0909090909090908,-2.1515151515151514,3.1653,-3.3425,0,"(214, 96, 77)",48,14
4815,4815,-0.0909090909090908,-2.090909090909091,3.1653,-3.3425,0,"(214, 96, 77)",48,15
4816,4816,-0.0909090909090908,-2.0303030303030303,3.1653,-3.3425,0,"(214, 96, 77)",48,16
4817,4817,-0.0909090909090908,-1.9696969696969695,3.1653,3.3425,2,"(209, 229, 240)",48,17
4818,4818,-0.0909090909090908,-1.9090909090909087,-3.2367,3.3422,1,"(253, 219, 199)",48,18
4819,4819,-0.0909090909090908,-1.8484848484848484,-3.2367,-3.3422,3,"(67, 147, 195)",48,19
4820,4820,-0.0909090909090908,-1.7878787878787878,-3.2367,3.3422,1,"(253, 219, 199)",48,20
4821,4821,-0.0909090909090908,-1.7272727272727273,-3.2367,3.3422,1,"(253, 219, 199)",48,21
4822,4822,-0.0909090909090908,-1.6666666666666663,-3.2367,3.3422,1,"(253, 219, 199)",48,22
4823,4823,-0.0909090909090908,-1.606060606060606,-3.2367,3.3422,1,"(253, 219, 199)",48,23
4824,4824,-0.0909090909090908,-1.5454545454545454,-3.2367,3.3422,1,"(253, 219, 199)",48,24
4825,4825,-0.0909090909090908,-1.4848484848484849,-3.2367,3.3422,1,"(253, 219, 199)",48,25
4826,4826,-0.0909090909090908,-1.4242424242424243,-3.2367,3.3422,1,"(253, 219, 199)",48,26
4827,4827,-0.0909090909090908,-1.3636363636363635,-3.2367,3.3422,1,"(253, 219, 199)",48,27
4828,4828,-0.0909090909090908,-1.303030303030303,-3.2367,3.3422,1,"(253, 219, 199)",48,28
4829,4829,-0.0909090909090908,-1.2424242424242424,-3.2367,3.3422,1,"(253, 219, 199)",48,29
4830,4830,-0.0909090909090908,-1.1818181818181817,-3.2367,3.3422,1,"(253, 219, 199)",48,30
4831,4831,-0.0909090909090908,-1.121212121212121,-3.2367,3.3422,1,"(253, 219, 199)",48,31
4832,4832,-0.0909090909090908,-1.0606060606060606,-3.2367,3.3422,1,"(253, 219, 199)",48,32
4833,4833,-0.0909090909090908,-1.0,-3.2367,3.3422,1,"(253, 219, 199)",48,33
4834,4834,-0.0909090909090908,-0.9393939393939394,-3.2367,-3.3422,3,"(67, 147, 195)",48,34
4835,4835,-0.0909090909090908,-0.8787878787878789,-3.2367,-3.3422,3,"(67, 147, 195)",48,35
4836,4836,-0.0909090909090908,-0.8181818181818183,-3.2367,-3.3422,3,"(67, 147, 195)",48,36
4837,4837,-0.0909090909090908,-0.7575757575757573,-3.2367,-3.3422,3,"(67, 147, 195)",48,37
4838,4838,-0.0909090909090908,-0.6969696969696968,-3.2367,-3.3422,3,"(67, 147, 195)",48,38
4839,4839,-0.0909090909090908,-0.6363636363636362,-3.2367,3.3422,1,"(253, 219, 199)",48,39
4840,4840,-0.0909090909090908,-0.5757575757575757,3.1653,-3.3425,0,"(214, 96, 77)",48,40
4841,4841,-0.0909090909090908,-0.5151515151515151,-3.2367,-3.3422,3,"(67, 147, 195)",48,41
4842,4842,-0.0909090909090908,-0.4545454545454546,3.1653,-3.3425,0,"(214, 96, 77)",48,42
4843,4843,-0.0909090909090908,-0.393939393939394,3.1653,3.3425,2,"(209, 229, 240)",48,43
4844,4844,-0.0909090909090908,-0.333333333333333,-3.2367,-3.3422,3,"(67, 147, 195)",48,44
4845,4845,-0.0909090909090908,-0.2727272727272725,3.1653,-3.3425,0,"(214, 96, 77)",48,45
4846,4846,-0.0909090909090908,-0.2121212121212119,3.1653,-3.3425,0,"(214, 96, 77)",48,46
4847,4847,-0.0909090909090908,-0.1515151515151513,3.1653,-3.3425,0,"(214, 96, 77)",48,47
4848,4848,-0.0909090909090908,-0.0909090909090908,3.1653,-3.3425,0,"(214, 96, 77)",48,48
4849,4849,-0.0909090909090908,-0.0303030303030302,3.1653,-3.3425,0,"(214, 96, 77)",48,49
4850,4850,-0.0909090909090908,0.0303030303030302,3.1653,3.3425,2,"(209, 229, 240)",48,50
4851,4851,-0.0909090909090908,0.0909090909090908,3.1653,3.3425,2,"(209, 229, 240)",48,51
4852,4852,-0.0909090909090908,0.1515151515151513,3.1653,3.3425,2,"(209, 229, 240)",48,52
4853,4853,-0.0909090909090908,0.2121212121212123,3.1653,3.3425,2,"(209, 229, 240)",48,53
4854,4854,-0.0909090909090908,0.2727272727272729,3.1653,3.3425,2,"(209, 229, 240)",48,54
4855,4855,-0.0909090909090908,0.3333333333333335,-3.2367,3.3422,1,"(253, 219, 199)",48,55
4856,4856,-0.0909090909090908,0.393939393939394,3.1653,-3.3425,0,"(214, 96, 77)",48,56
4857,4857,-0.0909090909090908,0.4545454545454546,3.1653,3.3425,2,"(209, 229, 240)",48,57
4858,4858,-0.0909090909090908,0.5151515151515151,-3.2367,3.3422,1,"(253, 219, 199)",48,58
4859,4859,-0.0909090909090908,0.5757575757575757,3.1653,3.3425,2,"(209, 229, 240)",48,59
4860,4860,-0.0909090909090908,0.6363636363636367,-3.2367,-3.3422,3,"(67, 147, 195)",48,60
4861,4861,-0.0909090909090908,0.6969696969696972,-3.2367,3.3422,1,"(253, 219, 199)",48,61
4862,4862,-0.0909090909090908,0.7575757575757578,-3.2367,3.3422,1,"(253, 219, 199)",48,62
4863,4863,-0.0909090909090908,0.8181818181818183,-3.2367,3.3422,1,"(253, 219, 199)",48,63
4864,4864,-0.0909090909090908,0.8787878787878789,-3.2367,3.3422,1,"(253, 219, 199)",48,64
4865,4865,-0.0909090909090908,0.9393939393939394,-3.2367,3.3422,1,"(253, 219, 199)",48,65
4866,4866,-0.0909090909090908,1.0,-3.2367,-3.3422,3,"(67, 147, 195)",48,66
4867,4867,-0.0909090909090908,1.0606060606060606,-3.2367,-3.3422,3,"(67, 147, 195)",48,67
4868,4868,-0.0909090909090908,1.121212121212121,-3.2367,-3.3422,3,"(67, 147, 195)",48,68
4869,4869,-0.0909090909090908,1.1818181818181817,-3.2367,-3.3422,3,"(67, 147, 195)",48,69
4870,4870,-0.0909090909090908,1.2424242424242422,-3.2367,-3.3422,3,"(67, 147, 195)",48,70
4871,4871,-0.0909090909090908,1.3030303030303028,-3.2367,-3.3422,3,"(67, 147, 195)",48,71
4872,4872,-0.0909090909090908,1.363636363636363,-3.2367,-3.3422,3,"(67, 147, 195)",48,72
4873,4873,-0.0909090909090908,1.4242424242424248,-3.2367,-3.3422,3,"(67, 147, 195)",48,73
4874,4874,-0.0909090909090908,1.4848484848484853,-3.2367,-3.3422,3,"(67, 147, 195)",48,74
4875,4875,-0.0909090909090908,1.545454545454546,-3.2367,-3.3422,3,"(67, 147, 195)",48,75
4876,4876,-0.0909090909090908,1.6060606060606064,-3.2367,-3.3422,3,"(67, 147, 195)",48,76
4877,4877,-0.0909090909090908,1.666666666666667,-3.2367,-3.3422,3,"(67, 147, 195)",48,77
4878,4878,-0.0909090909090908,1.7272727272727275,-3.2367,-3.3422,3,"(67, 147, 195)",48,78
4879,4879,-0.0909090909090908,1.787878787878788,-3.2367,-3.3422,3,"(67, 147, 195)",48,79
4880,4880,-0.0909090909090908,1.8484848484848488,-3.2367,3.3422,1,"(253, 219, 199)",48,80
4881,4881,-0.0909090909090908,1.9090909090909087,-3.2367,-3.3422,3,"(67, 147, 195)",48,81
4882,4882,-0.0909090909090908,1.9696969696969695,3.1653,-3.3425,0,"(214, 96, 77)",48,82
4883,4883,-0.0909090909090908,2.0303030303030303,3.1653,3.3425,2,"(209, 229, 240)",48,83
4884,4884,-0.0909090909090908,2.090909090909091,3.1653,3.3425,2,"(209, 229, 240)",48,84
4885,4885,-0.0909090909090908,2.1515151515151514,3.1653,3.3425,2,"(209, 229, 240)",48,85
4886,4886,-0.0909090909090908,2.212121212121212,-3.2367,-3.3422,3,"(67, 147, 195)",48,86
4887,4887,-0.0909090909090908,2.2727272727272725,3.1653,-3.3425,0,"(214, 96, 77)",48,87
4888,4888,-0.0909090909090908,2.333333333333334,-3.2367,-3.3422,3,"(67, 147, 195)",48,88
4889,4889,-0.0909090909090908,2.3939393939393945,-3.2367,-3.3422,3,"(67, 147, 195)",48,89
4890,4890,-0.0909090909090908,2.454545454545455,3.1653,3.3425,2,"(209, 229, 240)",48,90
4891,4891,-0.0909090909090908,2.515151515151516,3.1653,3.3425,2,"(209, 229, 240)",48,91
4892,4892,-0.0909090909090908,2.575757575757576,3.1653,3.3425,2,"(209, 229, 240)",48,92
4893,4893,-0.0909090909090908,2.6363636363636367,3.1653,-3.3425,0,"(214, 96, 77)",48,93
4894,4894,-0.0909090909090908,2.696969696969697,-3.2367,3.3422,1,"(253, 219, 199)",48,94
4895,4895,-0.0909090909090908,2.757575757575758,-3.2367,-3.3422,3,"(67, 147, 195)",48,95
4896,4896,-0.0909090909090908,2.8181818181818183,3.1653,-3.3425,0,"(214, 96, 77)",48,96
4897,4897,-0.0909090909090908,2.878787878787879,-3.2367,3.3422,1,"(253, 219, 199)",48,97
4898,4898,-0.0909090909090908,2.9393939393939394,-3.2367,3.3422,1,"(253, 219, 199)",48,98
4899,4899,-0.0909090909090908,3.0,-3.2367,3.3422,1,"(253, 219, 199)",48,99
4900,4900,-0.0303030303030302,-3.0,3.1653,-3.3425,0,"(214, 96, 77)",49,0
4901,4901,-0.0303030303030302,-2.9393939393939394,3.1653,-3.3425,0,"(214, 96, 77)",49,1
4902,4902,-0.0303030303030302,-2.878787878787879,3.1653,3.3425,2,"(209, 229, 240)",49,2
4903,4903,-0.0303030303030302,-2.8181818181818183,-3.2367,3.3422,1,"(253, 219, 199)",49,3
4904,4904,-0.0303030303030302,-2.757575757575758,3.1653,-3.3425,0,"(214, 96, 77)",49,4
4905,4905,-0.0303030303030302,-2.696969696969697,3.1653,-3.3425,0,"(214, 96, 77)",49,5
4906,4906,-0.0303030303030302,-2.636363636363636,3.1653,3.3425,2,"(209, 229, 240)",49,6
4907,4907,-0.0303030303030302,-2.575757575757576,-3.2367,-3.3422,3,"(67, 147, 195)",49,7
4908,4908,-0.0303030303030302,-2.515151515151515,3.1653,-3.3425,0,"(214, 96, 77)",49,8
4909,4909,-0.0303030303030302,-2.4545454545454546,3.1653,3.3425,2,"(209, 229, 240)",49,9
4910,4910,-0.0303030303030302,-2.393939393939394,3.1653,3.3425,2,"(209, 229, 240)",49,10
4911,4911,-0.0303030303030302,-2.333333333333333,3.1653,-3.3425,0,"(214, 96, 77)",49,11
4912,4912,-0.0303030303030302,-2.2727272727272725,3.1653,-3.3425,0,"(214, 96, 77)",49,12
4913,4913,-0.0303030303030302,-2.212121212121212,3.1653,-3.3425,0,"(214, 96, 77)",49,13
4914,4914,-0.0303030303030302,-2.1515151515151514,3.1653,-3.3425,0,"(214, 96, 77)",49,14
4915,4915,-0.0303030303030302,-2.090909090909091,-3.2367,3.3422,1,"(253, 219, 199)",49,15
4916,4916,-0.0303030303030302,-2.0303030303030303,3.1653,-3.3425,0,"(214, 96, 77)",49,16
4917,4917,-0.0303030303030302,-1.9696969696969695,3.1653,-3.3425,0,"(214, 96, 77)",49,17
4918,4918,-0.0303030303030302,-1.9090909090909087,3.1653,-3.3425,0,"(214, 96, 77)",49,18
4919,4919,-0.0303030303030302,-1.8484848484848484,3.1653,3.3425,2,"(209, 229, 240)",49,19
4920,4920,-0.0303030303030302,-1.7878787878787878,3.1653,-3.3425,0,"(214, 96, 77)",49,20
4921,4921,-0.0303030303030302,-1.7272727272727273,3.1653,3.3425,2,"(209, 229, 240)",49,21
4922,4922,-0.0303030303030302,-1.6666666666666663,3.1653,-3.3425,0,"(214, 96, 77)",49,22
4923,4923,-0.0303030303030302,-1.606060606060606,3.1653,3.3425,2,"(209, 229, 240)",49,23
4924,4924,-0.0303030303030302,-1.5454545454545454,3.1653,-3.3425,0,"(214, 96, 77)",49,24
4925,4925,-0.0303030303030302,-1.4848484848484849,-3.2367,3.3422,1,"(253, 219, 199)",49,25
4926,4926,-0.0303030303030302,-1.4242424242424243,3.1653,-3.3425,0,"(214, 96, 77)",49,26
4927,4927,-0.0303030303030302,-1.3636363636363635,3.1653,-3.3425,0,"(214, 96, 77)",49,27
4928,4928,-0.0303030303030302,-1.303030303030303,3.1653,-3.3425,0,"(214, 96, 77)",49,28
4929,4929,-0.0303030303030302,-1.2424242424242424,-3.2367,-3.3422,3,"(67, 147, 195)",49,29
4930,4930,-0.0303030303030302,-1.1818181818181817,3.1653,-3.3425,0,"(214, 96, 77)",49,30
4931,4931,-0.0303030303030302,-1.121212121212121,3.1653,-3.3425,0,"(214, 96, 77)",49,31
4932,4932,-0.0303030303030302,-1.0606060606060606,3.1653,-3.3425,0,"(214, 96, 77)",49,32
4933,4933,-0.0303030303030302,-1.0,3.1653,3.3425,2,"(209, 229, 240)",49,33
4934,4934,-0.0303030303030302,-0.9393939393939394,3.1653,-3.3425,0,"(214, 96, 77)",49,34
4935,4935,-0.0303030303030302,-0.8787878787878789,3.1653,3.3425,2,"(209, 229, 240)",49,35
4936,4936,-0.0303030303030302,-0.8181818181818183,3.1653,-3.3425,0,"(214, 96, 77)",49,36
4937,4937,-0.0303030303030302,-0.7575757575757573,-3.2367,-3.3422,3,"(67, 147, 195)",49,37
4938,4938,-0.0303030303030302,-0.6969696969696968,3.1653,3.3425,2,"(209, 229, 240)",49,38
4939,4939,-0.0303030303030302,-0.6363636363636362,-3.2367,3.3422,1,"(253, 219, 199)",49,39
4940,4940,-0.0303030303030302,-0.5757575757575757,3.1653,-3.3425,0,"(214, 96, 77)",49,40
4941,4941,-0.0303030303030302,-0.5151515151515151,3.1653,-3.3425,0,"(214, 96, 77)",49,41
4942,4942,-0.0303030303030302,-0.4545454545454546,-3.2367,3.3422,1,"(253, 219, 199)",49,42
4943,4943,-0.0303030303030302,-0.393939393939394,-3.2367,3.3422,1,"(253, 219, 199)",49,43
4944,4944,-0.0303030303030302,-0.333333333333333,-3.2367,3.3422,1,"(253, 219, 199)",49,44
4945,4945,-0.0303030303030302,-0.2727272727272725,-3.2367,3.3422,1,"(253, 219, 199)",49,45
4946,4946,-0.0303030303030302,-0.2121212121212119,-3.2367,-3.3422,3,"(67, 147, 195)",49,46
4947,4947,-0.0303030303030302,-0.1515151515151513,-3.2367,-3.3422,3,"(67, 147, 195)",49,47
4948,4948,-0.0303030303030302,-0.0909090909090908,3.1653,-3.3425,0,"(214, 96, 77)",49,48
4949,4949,-0.0303030303030302,-0.0303030303030302,-3.2367,-3.3422,3,"(67, 147, 195)",49,49
4950,4950,-0.0303030303030302,0.0303030303030302,-3.2367,3.3422,1,"(253, 219, 199)",49,50
4951,4951,-0.0303030303030302,0.0909090909090908,3.1653,3.3425,2,"(209, 229, 240)",49,51
4952,4952,-0.0303030303030302,0.1515151515151513,-3.2367,3.3422,1,"(253, 219, 199)",49,52
4953,4953,-0.0303030303030302,0.2121212121212123,-3.2367,3.3422,1,"(253, 219, 199)",49,53
4954,4954,-0.0303030303030302,0.2727272727272729,-3.2367,-3.3422,3,"(67, 147, 195)",49,54
4955,4955,-0.0303030303030302,0.3333333333333335,-3.2367,-3.3422,3,"(67, 147, 195)",49,55
4956,4956,-0.0303030303030302,0.393939393939394,-3.2367,-3.3422,3,"(67, 147, 195)",49,56
4957,4957,-0.0303030303030302,0.4545454545454546,-3.2367,-3.3422,3,"(67, 147, 195)",49,57
4958,4958,-0.0303030303030302,0.5151515151515151,3.1653,3.3425,2,"(209, 229, 240)",49,58
4959,4959,-0.0303030303030302,0.5757575757575757,3.1653,3.3425,2,"(209, 229, 240)",49,59
4960,4960,-0.0303030303030302,0.6363636363636367,-3.2367,-3.3422,3,"(67, 147, 195)",49,60
4961,4961,-0.0303030303030302,0.6969696969696972,3.1653,-3.3425,0,"(214, 96, 77)",49,61
4962,4962,-0.0303030303030302,0.7575757575757578,-3.2367,3.3422,1,"(253, 219, 199)",49,62
4963,4963,-0.0303030303030302,0.8181818181818183,3.1653,3.3425,2,"(209, 229, 240)",49,63
4964,4964,-0.0303030303030302,0.8787878787878789,3.1653,-3.3425,0,"(214, 96, 77)",49,64
4965,4965,-0.0303030303030302,0.9393939393939394,3.1653,3.3425,2,"(209, 229, 240)",49,65
4966,4966,-0.0303030303030302,1.0,3.1653,-3.3425,0,"(214, 96, 77)",49,66
4967,4967,-0.0303030303030302,1.0606060606060606,3.1653,3.3425,2,"(209, 229, 240)",49,67
4968,4968,-0.0303030303030302,1.121212121212121,3.1653,3.3425,2,"(209, 229, 240)",49,68
4969,4969,-0.0303030303030302,1.1818181818181817,3.1653,3.3425,2,"(209, 229, 240)",49,69
4970,4970,-0.0303030303030302,1.2424242424242422,-3.2367,3.3422,1,"(253, 219, 199)",49,70
4971,4971,-0.0303030303030302,1.3030303030303028,3.1653,3.3425,2,"(209, 229, 240)",49,71
4972,4972,-0.0303030303030302,1.363636363636363,3.1653,3.3425,2,"(209, 229, 240)",49,72
4973,4973,-0.0303030303030302,1.4242424242424248,3.1653,3.3425,2,"(209, 229, 240)",49,73
4974,4974,-0.0303030303030302,1.4848484848484853,-3.2367,-3.3422,3,"(67, 147, 195)",49,74
4975,4975,-0.0303030303030302,1.545454545454546,3.1653,3.3425,2,"(209, 229, 240)",49,75
4976,4976,-0.0303030303030302,1.6060606060606064,3.1653,-3.3425,0,"(214, 96, 77)",49,76
4977,4977,-0.0303030303030302,1.666666666666667,3.1653,3.3425,2,"(209, 229, 240)",49,77
4978,4978,-0.0303030303030302,1.7272727272727275,3.1653,-3.3425,0,"(214, 96, 77)",49,78
4979,4979,-0.0303030303030302,1.787878787878788,3.1653,3.3425,2,"(209, 229, 240)",49,79
4980,4980,-0.0303030303030302,1.8484848484848488,3.1653,-3.3425,0,"(214, 96, 77)",49,80
4981,4981,-0.0303030303030302,1.9090909090909087,3.1653,3.3425,2,"(209, 229, 240)",49,81
4982,4982,-0.0303030303030302,1.9696969696969695,3.1653,3.3425,2,"(209, 229, 240)",49,82
4983,4983,-0.0303030303030302,2.0303030303030303,3.1653,3.3425,2,"(209, 229, 240)",49,83
4984,4984,-0.0303030303030302,2.090909090909091,-3.2367,-3.3422,3,"(67, 147, 195)",49,84
4985,4985,-0.0303030303030302,2.1515151515151514,3.1653,3.3425,2,"(209, 229, 240)",49,85
4986,4986,-0.0303030303030302,2.212121212121212,3.1653,3.3425,2,"(209, 229, 240)",49,86
4987,4987,-0.0303030303030302,2.2727272727272725,3.1653,3.3425,2,"(209, 229, 240)",49,87
4988,4988,-0.0303030303030302,2.333333333333334,3.1653,3.3425,2,"(209, 229, 240)",49,88
4989,4989,-0.0303030303030302,2.3939393939393945,3.1653,-3.3425,0,"(214, 96, 77)",49,89
4990,4990,-0.0303030303030302,2.454545454545455,3.1653,-3.3425,0,"(214, 96, 77)",49,90
4991,4991,-0.0303030303030302,2.515151515151516,3.1653,3.3425,2,"(209, 229, 240)",49,91
4992,4992,-0.0303030303030302,2.575757575757576,-3.2367,3.3422,1,"(253, 219, 199)",49,92
4993,4993,-0.0303030303030302,2.6363636363636367,3.1653,-3.3425,0,"(214, 96, 77)",49,93
4994,4994,-0.0303030303030302,2.696969696969697,3.1653,3.3425,2,"(209, 229, 240)",49,94
4995,4995,-0.0303030303030302,2.757575757575758,3.1653,3.3425,2,"(209, 229, 240)",49,95
4996,4996,-0.0303030303030302,2.8181818181818183,-3.2367,-3.3422,3,"(67, 147, 195)",49,96
4997,4997,-0.0303030303030302,2.878787878787879,3.1653,-3.3425,0,"(214, 96, 77)",49,97
4998,4998,-0.0303030303030302,2.9393939393939394,3.1653,3.3425,2,"(209, 229, 240)",49,98
4999,4999,-0.0303030303030302,3.0,3.1653,3.3425,2,"(209, 229, 240)",49,99
5000,5000,0.0303030303030302,-3.0,3.1653,-3.3425,0,"(214, 96, 77)",50,0
5001,5001,0.0303030303030302,-2.9393939393939394,3.1653,-3.3425,0,"(214, 96, 77)",50,1
5002,5002,0.0303030303030302,-2.878787878787879,-3.2367,3.3422,1,"(253, 219, 199)",50,2
5003,5003,0.0303030303030302,-2.8181818181818183,-3.2367,3.3422,1,"(253, 219, 199)",50,3
5004,5004,0.0303030303030302,-2.757575757575758,3.1653,3.3425,2,"(209, 229, 240)",50,4
5005,5005,0.0303030303030302,-2.696969696969697,3.1653,-3.3425,0,"(214, 96, 77)",50,5
5006,5006,0.0303030303030302,-2.636363636363636,-3.2367,-3.3422,3,"(67, 147, 195)",50,6
5007,5007,0.0303030303030302,-2.575757575757576,3.1653,-3.3425,0,"(214, 96, 77)",50,7
5008,5008,0.0303030303030302,-2.515151515151515,3.1653,3.3425,2,"(209, 229, 240)",50,8
5009,5009,0.0303030303030302,-2.4545454545454546,3.1653,3.3425,2,"(209, 229, 240)",50,9
5010,5010,0.0303030303030302,-2.393939393939394,3.1653,3.3425,2,"(209, 229, 240)",50,10
5011,5011,0.0303030303030302,-2.333333333333333,3.1653,3.3425,2,"(209, 229, 240)",50,11
5012,5012,0.0303030303030302,-2.2727272727272725,-3.2367,-3.3422,3,"(67, 147, 195)",50,12
5013,5013,0.0303030303030302,-2.212121212121212,3.1653,3.3425,2,"(209, 229, 240)",50,13
5014,5014,0.0303030303030302,-2.1515151515151514,-3.2367,3.3422,1,"(253, 219, 199)",50,14
5015,5015,0.0303030303030302,-2.090909090909091,3.1653,3.3425,2,"(209, 229, 240)",50,15
5016,5016,0.0303030303030302,-2.0303030303030303,3.1653,3.3425,2,"(209, 229, 240)",50,16
5017,5017,0.0303030303030302,-1.9696969696969695,3.1653,3.3425,2,"(209, 229, 240)",50,17
5018,5018,0.0303030303030302,-1.9090909090909087,3.1653,3.3425,2,"(209, 229, 240)",50,18
5019,5019,0.0303030303030302,-1.8484848484848484,3.1653,3.3425,2,"(209, 229, 240)",50,19
5020,5020,0.0303030303030302,-1.7878787878787878,3.1653,3.3425,2,"(209, 229, 240)",50,20
5021,5021,0.0303030303030302,-1.7272727272727273,3.1653,3.3425,2,"(209, 229, 240)",50,21
5022,5022,0.0303030303030302,-1.6666666666666663,3.1653,3.3425,2,"(209, 229, 240)",50,22
5023,5023,0.0303030303030302,-1.606060606060606,3.1653,3.3425,2,"(209, 229, 240)",50,23
5024,5024,0.0303030303030302,-1.5454545454545454,3.1653,3.3425,2,"(209, 229, 240)",50,24
5025,5025,0.0303030303030302,-1.4848484848484849,3.1653,3.3425,2,"(209, 229, 240)",50,25
5026,5026,0.0303030303030302,-1.4242424242424243,3.1653,3.3425,2,"(209, 229, 240)",50,26
5027,5027,0.0303030303030302,-1.3636363636363635,3.1653,3.3425,2,"(209, 229, 240)",50,27
5028,5028,0.0303030303030302,-1.303030303030303,3.1653,3.3425,2,"(209, 229, 240)",50,28
5029,5029,0.0303030303030302,-1.2424242424242424,3.1653,3.3425,2,"(209, 229, 240)",50,29
5030,5030,0.0303030303030302,-1.1818181818181817,3.1653,3.3425,2,"(209, 229, 240)",50,30
5031,5031,0.0303030303030302,-1.121212121212121,3.1653,3.3425,2,"(209, 229, 240)",50,31
5032,5032,0.0303030303030302,-1.0606060606060606,3.1653,3.3425,2,"(209, 229, 240)",50,32
5033,5033,0.0303030303030302,-1.0,3.1653,3.3425,2,"(209, 229, 240)",50,33
5034,5034,0.0303030303030302,-0.9393939393939394,3.1653,-3.3425,0,"(214, 96, 77)",50,34
5035,5035,0.0303030303030302,-0.8787878787878789,3.1653,-3.3425,0,"(214, 96, 77)",50,35
5036,5036,0.0303030303030302,-0.8181818181818183,3.1653,-3.3425,0,"(214, 96, 77)",50,36
5037,5037,0.0303030303030302,-0.7575757575757573,3.1653,-3.3425,0,"(214, 96, 77)",50,37
5038,5038,0.0303030303030302,-0.6969696969696968,3.1653,-3.3425,0,"(214, 96, 77)",50,38
5039,5039,0.0303030303030302,-0.6363636363636362,-3.2367,-3.3422,3,"(67, 147, 195)",50,39
5040,5040,0.0303030303030302,-0.5757575757575757,-3.2367,3.3422,1,"(253, 219, 199)",50,40
5041,5041,0.0303030303030302,-0.5151515151515151,3.1653,-3.3425,0,"(214, 96, 77)",50,41
5042,5042,0.0303030303030302,-0.4545454545454546,-3.2367,-3.3422,3,"(67, 147, 195)",50,42
5043,5043,0.0303030303030302,-0.393939393939394,-3.2367,-3.3422,3,"(67, 147, 195)",50,43
5044,5044,0.0303030303030302,-0.333333333333333,-3.2367,-3.3422,3,"(67, 147, 195)",50,44
5045,5045,0.0303030303030302,-0.2727272727272725,-3.2367,-3.3422,3,"(67, 147, 195)",50,45
5046,5046,0.0303030303030302,-0.2121212121212119,-3.2367,-3.3422,3,"(67, 147, 195)",50,46
5047,5047,0.0303030303030302,-0.1515151515151513,-3.2367,-3.3422,3,"(67, 147, 195)",50,47
5048,5048,0.0303030303030302,-0.0909090909090908,-3.2367,-3.3422,3,"(67, 147, 195)",50,48
5049,5049,0.0303030303030302,-0.0303030303030302,-3.2367,-3.3422,3,"(67, 147, 195)",50,49
5050,5050,0.0303030303030302,0.0303030303030302,-3.2367,3.3422,1,"(253, 219, 199)",50,50
5051,5051,0.0303030303030302,0.0909090909090908,-3.2367,3.3422,1,"(253, 219, 199)",50,51
5052,5052,0.0303030303030302,0.1515151515151513,-3.2367,3.3422,1,"(253, 219, 199)",50,52
5053,5053,0.0303030303030302,0.2121212121212123,-3.2367,3.3422,1,"(253, 219, 199)",50,53
5054,5054,0.0303030303030302,0.2727272727272729,-3.2367,3.3422,1,"(253, 219, 199)",50,54
5055,5055,0.0303030303030302,0.3333333333333335,-3.2367,3.3422,1,"(253, 219, 199)",50,55
5056,5056,0.0303030303030302,0.393939393939394,-3.2367,3.3422,1,"(253, 219, 199)",50,56
5057,5057,0.0303030303030302,0.4545454545454546,-3.2367,3.3422,1,"(253, 219, 199)",50,57
5058,5058,0.0303030303030302,0.5151515151515151,3.1653,3.3425,2,"(209, 229, 240)",50,58
5059,5059,0.0303030303030302,0.5757575757575757,-3.2367,-3.3422,3,"(67, 147, 195)",50,59
5060,5060,0.0303030303030302,0.6363636363636367,-3.2367,3.3422,1,"(253, 219, 199)",50,60
5061,5061,0.0303030303030302,0.6969696969696972,3.1653,3.3425,2,"(209, 229, 240)",50,61
5062,5062,0.0303030303030302,0.7575757575757578,3.1653,3.3425,2,"(209, 229, 240)",50,62
5063,5063,0.0303030303030302,0.8181818181818183,3.1653,3.3425,2,"(209, 229, 240)",50,63
5064,5064,0.0303030303030302,0.8787878787878789,3.1653,3.3425,2,"(209, 229, 240)",50,64
5065,5065,0.0303030303030302,0.9393939393939394,3.1653,3.3425,2,"(209, 229, 240)",50,65
5066,5066,0.0303030303030302,1.0,3.1653,-3.3425,0,"(214, 96, 77)",50,66
5067,5067,0.0303030303030302,1.0606060606060606,3.1653,-3.3425,0,"(214, 96, 77)",50,67
5068,5068,0.0303030303030302,1.121212121212121,3.1653,-3.3425,0,"(214, 96, 77)",50,68
5069,5069,0.0303030303030302,1.1818181818181817,3.1653,-3.3425,0,"(214, 96, 77)",50,69
5070,5070,0.0303030303030302,1.2424242424242422,3.1653,-3.3425,0,"(214, 96, 77)",50,70
5071,5071,0.0303030303030302,1.3030303030303028,3.1653,-3.3425,0,"(214, 96, 77)",50,71
5072,5072,0.0303030303030302,1.363636363636363,3.1653,-3.3425,0,"(214, 96, 77)",50,72
5073,5073,0.0303030303030302,1.4242424242424248,3.1653,-3.3425,0,"(214, 96, 77)",50,73
5074,5074,0.0303030303030302,1.4848484848484853,3.1653,-3.3425,0,"(214, 96, 77)",50,74
5075,5075,0.0303030303030302,1.545454545454546,3.1653,-3.3425,0,"(214, 96, 77)",50,75
5076,5076,0.0303030303030302,1.6060606060606064,3.1653,-3.3425,0,"(214, 96, 77)",50,76
5077,5077,0.0303030303030302,1.666666666666667,3.1653,-3.3425,0,"(214, 96, 77)",50,77
5078,5078,0.0303030303030302,1.7272727272727275,3.1653,-3.3425,0,"(214, 96, 77)",50,78
5079,5079,0.0303030303030302,1.787878787878788,3.1653,-3.3425,0,"(214, 96, 77)",50,79
5080,5080,0.0303030303030302,1.8484848484848488,3.1653,-3.3425,0,"(214, 96, 77)",50,80
5081,5081,0.0303030303030302,1.9090909090909087,3.1653,-3.3425,0,"(214, 96, 77)",50,81
5082,5082,0.0303030303030302,1.9696969696969695,3.1653,-3.3425,0,"(214, 96, 77)",50,82
5083,5083,0.0303030303030302,2.0303030303030303,3.1653,-3.3425,0,"(214, 96, 77)",50,83
5084,5084,0.0303030303030302,2.090909090909091,3.1653,-3.3425,0,"(214, 96, 77)",50,84
5085,5085,0.0303030303030302,2.1515151515151514,-3.2367,-3.3422,3,"(67, 147, 195)",50,85
5086,5086,0.0303030303030302,2.212121212121212,3.1653,-3.3425,0,"(214, 96, 77)",50,86
5087,5087,0.0303030303030302,2.2727272727272725,-3.2367,3.3422,1,"(253, 219, 199)",50,87
5088,5088,0.0303030303030302,2.333333333333334,3.1653,-3.3425,0,"(214, 96, 77)",50,88
5089,5089,0.0303030303030302,2.3939393939393945,3.1653,-3.3425,0,"(214, 96, 77)",50,89
5090,5090,0.0303030303030302,2.454545454545455,3.1653,-3.3425,0,"(214, 96, 77)",50,90
5091,5091,0.0303030303030302,2.515151515151516,3.1653,-3.3425,0,"(214, 96, 77)",50,91
5092,5092,0.0303030303030302,2.575757575757576,3.1653,3.3425,2,"(209, 229, 240)",50,92
5093,5093,0.0303030303030302,2.6363636363636367,-3.2367,3.3422,1,"(253, 219, 199)",50,93
5094,5094,0.0303030303030302,2.696969696969697,3.1653,3.3425,2,"(209, 229, 240)",50,94
5095,5095,0.0303030303030302,2.757575757575758,3.1653,-3.3425,0,"(214, 96, 77)",50,95
5096,5096,0.0303030303030302,2.8181818181818183,-3.2367,-3.3422,3,"(67, 147, 195)",50,96
5097,5097,0.0303030303030302,2.878787878787879,-3.2367,-3.3422,3,"(67, 147, 195)",50,97
5098,5098,0.0303030303030302,2.9393939393939394,3.1653,3.3425,2,"(209, 229, 240)",50,98
5099,5099,0.0303030303030302,3.0,3.1653,3.3425,2,"(209, 229, 240)",50,99
5100,5100,0.0909090909090908,-3.0,3.1653,-3.3425,0,"(214, 96, 77)",51,0
5101,5101,0.0909090909090908,-2.9393939393939394,3.1653,-3.3425,0,"(214, 96, 77)",51,1
5102,5102,0.0909090909090908,-2.878787878787879,-3.2367,-3.3422,3,"(67, 147, 195)",51,2
5103,5103,0.0909090909090908,-2.8181818181818183,-3.2367,3.3422,1,"(253, 219, 199)",51,3
5104,5104,0.0909090909090908,-2.757575757575758,3.1653,3.3425,2,"(209, 229, 240)",51,4
5105,5105,0.0909090909090908,-2.696969696969697,3.1653,3.3425,2,"(209, 229, 240)",51,5
5106,5106,0.0909090909090908,-2.636363636363636,3.1653,3.3425,2,"(209, 229, 240)",51,6
5107,5107,0.0909090909090908,-2.575757575757576,3.1653,3.3425,2,"(209, 229, 240)",51,7
5108,5108,0.0909090909090908,-2.515151515151515,3.1653,3.3425,2,"(209, 229, 240)",51,8
5109,5109,0.0909090909090908,-2.4545454545454546,3.1653,3.3425,2,"(209, 229, 240)",51,9
5110,5110,0.0909090909090908,-2.393939393939394,3.1653,3.3425,2,"(209, 229, 240)",51,10
5111,5111,0.0909090909090908,-2.333333333333333,3.1653,3.3425,2,"(209, 229, 240)",51,11
5112,5112,0.0909090909090908,-2.2727272727272725,3.1653,3.3425,2,"(209, 229, 240)",51,12
5113,5113,0.0909090909090908,-2.212121212121212,3.1653,3.3425,2,"(209, 229, 240)",51,13
5114,5114,0.0909090909090908,-2.1515151515151514,3.1653,3.3425,2,"(209, 229, 240)",51,14
5115,5115,0.0909090909090908,-2.090909090909091,3.1653,3.3425,2,"(209, 229, 240)",51,15
5116,5116,0.0909090909090908,-2.0303030303030303,3.1653,3.3425,2,"(209, 229, 240)",51,16
5117,5117,0.0909090909090908,-1.9696969696969695,3.1653,3.3425,2,"(209, 229, 240)",51,17
5118,5118,0.0909090909090908,-1.9090909090909087,3.1653,3.3425,2,"(209, 229, 240)",51,18
5119,5119,0.0909090909090908,-1.8484848484848484,3.1653,3.3425,2,"(209, 229, 240)",51,19
5120,5120,0.0909090909090908,-1.7878787878787878,3.1653,3.3425,2,"(209, 229, 240)",51,20
5121,5121,0.0909090909090908,-1.7272727272727273,3.1653,3.3425,2,"(209, 229, 240)",51,21
5122,5122,0.0909090909090908,-1.6666666666666663,3.1653,3.3425,2,"(209, 229, 240)",51,22
5123,5123,0.0909090909090908,-1.606060606060606,3.1653,3.3425,2,"(209, 229, 240)",51,23
5124,5124,0.0909090909090908,-1.5454545454545454,3.1653,3.3425,2,"(209, 229, 240)",51,24
5125,5125,0.0909090909090908,-1.4848484848484849,3.1653,3.3425,2,"(209, 229, 240)",51,25
5126,5126,0.0909090909090908,-1.4242424242424243,3.1653,3.3425,2,"(209, 229, 240)",51,26
5127,5127,0.0909090909090908,-1.3636363636363635,3.1653,3.3425,2,"(209, 229, 240)",51,27
5128,5128,0.0909090909090908,-1.303030303030303,3.1653,3.3425,2,"(209, 229, 240)",51,28
5129,5129,0.0909090909090908,-1.2424242424242424,3.1653,3.3425,2,"(209, 229, 240)",51,29
5130,5130,0.0909090909090908,-1.1818181818181817,3.1653,3.3425,2,"(209, 229, 240)",51,30
5131,5131,0.0909090909090908,-1.121212121212121,3.1653,3.3425,2,"(209, 229, 240)",51,31
5132,5132,0.0909090909090908,-1.0606060606060606,3.1653,3.3425,2,"(209, 229, 240)",51,32
5133,5133,0.0909090909090908,-1.0,3.1653,-3.3425,0,"(214, 96, 77)",51,33
5134,5134,0.0909090909090908,-0.9393939393939394,3.1653,-3.3425,0,"(214, 96, 77)",51,34
5135,5135,0.0909090909090908,-0.8787878787878789,3.1653,-3.3425,0,"(214, 96, 77)",51,35
5136,5136,0.0909090909090908,-0.8181818181818183,3.1653,-3.3425,0,"(214, 96, 77)",51,36
5137,5137,0.0909090909090908,-0.7575757575757573,3.1653,-3.3425,0,"(214, 96, 77)",51,37
5138,5138,0.0909090909090908,-0.6969696969696968,3.1653,-3.3425,0,"(214, 96, 77)",51,38
5139,5139,0.0909090909090908,-0.6363636363636362,3.1653,3.3425,2,"(209, 229, 240)",51,39
5140,5140,0.0909090909090908,-0.5757575757575757,3.1653,-3.3425,0,"(214, 96, 77)",51,40
5141,5141,0.0909090909090908,-0.5151515151515151,3.1653,3.3425,2,"(209, 229, 240)",51,41
5142,5142,0.0909090909090908,-0.4545454545454546,3.1653,-3.3425,0,"(214, 96, 77)",51,42
5143,5143,0.0909090909090908,-0.393939393939394,-3.2367,-3.3422,3,"(67, 147, 195)",51,43
5144,5144,0.0909090909090908,-0.333333333333333,-3.2367,-3.3422,3,"(67, 147, 195)",51,44
5145,5145,0.0909090909090908,-0.2727272727272725,-3.2367,-3.3422,3,"(67, 147, 195)",51,45
5146,5146,0.0909090909090908,-0.2121212121212119,-3.2367,-3.3422,3,"(67, 147, 195)",51,46
5147,5147,0.0909090909090908,-0.1515151515151513,-3.2367,-3.3422,3,"(67, 147, 195)",51,47
5148,5148,0.0909090909090908,-0.0909090909090908,-3.2367,-3.3422,3,"(67, 147, 195)",51,48
5149,5149,0.0909090909090908,-0.0303030303030302,-3.2367,-3.3422,3,"(67, 147, 195)",51,49
5150,5150,0.0909090909090908,0.0303030303030302,-3.2367,3.3422,1,"(253, 219, 199)",51,50
5151,5151,0.0909090909090908,0.0909090909090908,-3.2367,3.3422,1,"(253, 219, 199)",51,51
5152,5152,0.0909090909090908,0.1515151515151513,-3.2367,3.3422,1,"(253, 219, 199)",51,52
5153,5153,0.0909090909090908,0.2121212121212123,-3.2367,3.3422,1,"(253, 219, 199)",51,53
5154,5154,0.0909090909090908,0.2727272727272729,-3.2367,3.3422,1,"(253, 219, 199)",51,54
5155,5155,0.0909090909090908,0.3333333333333335,-3.2367,3.3422,1,"(253, 219, 199)",51,55
5156,5156,0.0909090909090908,0.393939393939394,-3.2367,3.3422,1,"(253, 219, 199)",51,56
5157,5157,0.0909090909090908,0.4545454545454546,3.1653,3.3425,2,"(209, 229, 240)",51,57
5158,5158,0.0909090909090908,0.5151515151515151,3.1653,-3.3425,0,"(214, 96, 77)",51,58
5159,5159,0.0909090909090908,0.5757575757575757,3.1653,3.3425,2,"(209, 229, 240)",51,59
5160,5160,0.0909090909090908,0.6363636363636367,3.1653,-3.3425,0,"(214, 96, 77)",51,60
5161,5161,0.0909090909090908,0.6969696969696972,3.1653,3.3425,2,"(209, 229, 240)",51,61
5162,5162,0.0909090909090908,0.7575757575757578,3.1653,3.3425,2,"(209, 229, 240)",51,62
5163,5163,0.0909090909090908,0.8181818181818183,3.1653,3.3425,2,"(209, 229, 240)",51,63
5164,5164,0.0909090909090908,0.8787878787878789,3.1653,3.3425,2,"(209, 229, 240)",51,64
5165,5165,0.0909090909090908,0.9393939393939394,3.1653,3.3425,2,"(209, 229, 240)",51,65
5166,5166,0.0909090909090908,1.0,3.1653,3.3425,2,"(209, 229, 240)",51,66
5167,5167,0.0909090909090908,1.0606060606060606,3.1653,-3.3425,0,"(214, 96, 77)",51,67
5168,5168,0.0909090909090908,1.121212121212121,3.1653,-3.3425,0,"(214, 96, 77)",51,68
5169,5169,0.0909090909090908,1.1818181818181817,3.1653,-3.3425,0,"(214, 96, 77)",51,69
5170,5170,0.0909090909090908,1.2424242424242422,3.1653,-3.3425,0,"(214, 96, 77)",51,70
5171,5171,0.0909090909090908,1.3030303030303028,3.1653,-3.3425,0,"(214, 96, 77)",51,71
5172,5172,0.0909090909090908,1.363636363636363,3.1653,-3.3425,0,"(214, 96, 77)",51,72
5173,5173,0.0909090909090908,1.4242424242424248,3.1653,-3.3425,0,"(214, 96, 77)",51,73
5174,5174,0.0909090909090908,1.4848484848484853,3.1653,-3.3425,0,"(214, 96, 77)",51,74
5175,5175,0.0909090909090908,1.545454545454546,3.1653,-3.3425,0,"(214, 96, 77)",51,75
5176,5176,0.0909090909090908,1.6060606060606064,3.1653,-3.3425,0,"(214, 96, 77)",51,76
5177,5177,0.0909090909090908,1.666666666666667,3.1653,-3.3425,0,"(214, 96, 77)",51,77
5178,5178,0.0909090909090908,1.7272727272727275,3.1653,-3.3425,0,"(214, 96, 77)",51,78
5179,5179,0.0909090909090908,1.787878787878788,3.1653,-3.3425,0,"(214, 96, 77)",51,79
5180,5180,0.0909090909090908,1.8484848484848488,3.1653,-3.3425,0,"(214, 96, 77)",51,80
5181,5181,0.0909090909090908,1.9090909090909087,3.1653,-3.3425,0,"(214, 96, 77)",51,81
5182,5182,0.0909090909090908,1.9696969696969695,3.1653,-3.3425,0,"(214, 96, 77)",51,82
5183,5183,0.0909090909090908,2.0303030303030303,3.1653,-3.3425,0,"(214, 96, 77)",51,83
5184,5184,0.0909090909090908,2.090909090909091,3.1653,-3.3425,0,"(214, 96, 77)",51,84
5185,5185,0.0909090909090908,2.1515151515151514,3.1653,-3.3425,0,"(214, 96, 77)",51,85
5186,5186,0.0909090909090908,2.212121212121212,3.1653,-3.3425,0,"(214, 96, 77)",51,86
5187,5187,0.0909090909090908,2.2727272727272725,3.1653,-3.3425,0,"(214, 96, 77)",51,87
5188,5188,0.0909090909090908,2.333333333333334,3.1653,-3.3425,0,"(214, 96, 77)",51,88
5189,5189,0.0909090909090908,2.3939393939393945,3.1653,-3.3425,0,"(214, 96, 77)",51,89
5190,5190,0.0909090909090908,2.454545454545455,3.1653,-3.3425,0,"(214, 96, 77)",51,90
5191,5191,0.0909090909090908,2.515151515151516,3.1653,-3.3425,0,"(214, 96, 77)",51,91
5192,5192,0.0909090909090908,2.575757575757576,3.1653,-3.3425,0,"(214, 96, 77)",51,92
5193,5193,0.0909090909090908,2.6363636363636367,3.1653,-3.3425,0,"(214, 96, 77)",51,93
5194,5194,0.0909090909090908,2.696969696969697,3.1653,-3.3425,0,"(214, 96, 77)",51,94
5195,5195,0.0909090909090908,2.757575757575758,3.1653,-3.3425,0,"(214, 96, 77)",51,95
5196,5196,0.0909090909090908,2.8181818181818183,-3.2367,-3.3422,3,"(67, 147, 195)",51,96
5197,5197,0.0909090909090908,2.878787878787879,-3.2367,3.3422,1,"(253, 219, 199)",51,97
5198,5198,0.0909090909090908,2.9393939393939394,3.1653,3.3425,2,"(209, 229, 240)",51,98
5199,5199,0.0909090909090908,3.0,3.1653,3.3425,2,"(209, 229, 240)",51,99
5200,5200,0.1515151515151513,-3.0,-3.2367,3.3422,1,"(253, 219, 199)",52,0
5201,5201,0.1515151515151513,-2.9393939393939394,3.1653,3.3425,2,"(209, 229, 240)",52,1
5202,5202,0.1515151515151513,-2.878787878787879,3.1653,3.3425,2,"(209, 229, 240)",52,2
5203,5203,0.1515151515151513,-2.8181818181818183,3.1653,3.3425,2,"(209, 229, 240)",52,3
5204,5204,0.1515151515151513,-2.757575757575758,3.1653,3.3425,2,"(209, 229, 240)",52,4
5205,5205,0.1515151515151513,-2.696969696969697,3.1653,3.3425,2,"(209, 229, 240)",52,5
5206,5206,0.1515151515151513,-2.636363636363636,3.1653,3.3425,2,"(209, 229, 240)",52,6
5207,5207,0.1515151515151513,-2.575757575757576,3.1653,3.3425,2,"(209, 229, 240)",52,7
5208,5208,0.1515151515151513,-2.515151515151515,3.1653,3.3425,2,"(209, 229, 240)",52,8
5209,5209,0.1515151515151513,-2.4545454545454546,3.1653,3.3425,2,"(209, 229, 240)",52,9
5210,5210,0.1515151515151513,-2.393939393939394,3.1653,3.3425,2,"(209, 229, 240)",52,10
5211,5211,0.1515151515151513,-2.333333333333333,3.1653,3.3425,2,"(209, 229, 240)",52,11
5212,5212,0.1515151515151513,-2.2727272727272725,3.1653,3.3425,2,"(209, 229, 240)",52,12
5213,5213,0.1515151515151513,-2.212121212121212,3.1653,3.3425,2,"(209, 229, 240)",52,13
5214,5214,0.1515151515151513,-2.1515151515151514,3.1653,3.3425,2,"(209, 229, 240)",52,14
5215,5215,0.1515151515151513,-2.090909090909091,3.1653,3.3425,2,"(209, 229, 240)",52,15
5216,5216,0.1515151515151513,-2.0303030303030303,3.1653,3.3425,2,"(209, 229, 240)",52,16
5217,5217,0.1515151515151513,-1.9696969696969695,3.1653,3.3425,2,"(209, 229, 240)",52,17
5218,5218,0.1515151515151513,-1.9090909090909087,3.1653,3.3425,2,"(209, 229, 240)",52,18
5219,5219,0.1515151515151513,-1.8484848484848484,3.1653,3.3425,2,"(209, 229, 240)",52,19
5220,5220,0.1515151515151513,-1.7878787878787878,3.1653,3.3425,2,"(209, 229, 240)",52,20
5221,5221,0.1515151515151513,-1.7272727272727273,3.1653,3.3425,2,"(209, 229, 240)",52,21
5222,5222,0.1515151515151513,-1.6666666666666663,3.1653,3.3425,2,"(209, 229, 240)",52,22
5223,5223,0.1515151515151513,-1.606060606060606,3.1653,3.3425,2,"(209, 229, 240)",52,23
5224,5224,0.1515151515151513,-1.5454545454545454,3.1653,3.3425,2,"(209, 229, 240)",52,24
5225,5225,0.1515151515151513,-1.4848484848484849,3.1653,3.3425,2,"(209, 229, 240)",52,25
5226,5226,0.1515151515151513,-1.4242424242424243,3.1653,3.3425,2,"(209, 229, 240)",52,26
5227,5227,0.1515151515151513,-1.3636363636363635,3.1653,3.3425,2,"(209, 229, 240)",52,27
5228,5228,0.1515151515151513,-1.303030303030303,3.1653,3.3425,2,"(209, 229, 240)",52,28
5229,5229,0.1515151515151513,-1.2424242424242424,3.1653,3.3425,2,"(209, 229, 240)",52,29
5230,5230,0.1515151515151513,-1.1818181818181817,3.1653,3.3425,2,"(209, 229, 240)",52,30
5231,5231,0.1515151515151513,-1.121212121212121,3.1653,3.3425,2,"(209, 229, 240)",52,31
5232,5232,0.1515151515151513,-1.0606060606060606,3.1653,3.3425,2,"(209, 229, 240)",52,32
5233,5233,0.1515151515151513,-1.0,-3.2367,-3.3422,3,"(67, 147, 195)",52,33
5234,5234,0.1515151515151513,-0.9393939393939394,3.1653,-3.3425,0,"(214, 96, 77)",52,34
5235,5235,0.1515151515151513,-0.8787878787878789,3.1653,-3.3425,0,"(214, 96, 77)",52,35
5236,5236,0.1515151515151513,-0.8181818181818183,3.1653,-3.3425,0,"(214, 96, 77)",52,36
5237,5237,0.1515151515151513,-0.7575757575757573,3.1653,-3.3425,0,"(214, 96, 77)",52,37
5238,5238,0.1515151515151513,-0.6969696969696968,3.1653,-3.3425,0,"(214, 96, 77)",52,38
5239,5239,0.1515151515151513,-0.6363636363636362,-3.2367,-3.3422,3,"(67, 147, 195)",52,39
5240,5240,0.1515151515151513,-0.5757575757575757,3.1653,3.3425,2,"(209, 229, 240)",52,40
5241,5241,0.1515151515151513,-0.5151515151515151,-3.2367,3.3422,1,"(253, 219, 199)",52,41
5242,5242,0.1515151515151513,-0.4545454545454546,-3.2367,-3.3422,3,"(67, 147, 195)",52,42
5243,5243,0.1515151515151513,-0.393939393939394,-3.2367,-3.3422,3,"(67, 147, 195)",52,43
5244,5244,0.1515151515151513,-0.333333333333333,-3.2367,-3.3422,3,"(67, 147, 195)",52,44
5245,5245,0.1515151515151513,-0.2727272727272725,-3.2367,-3.3422,3,"(67, 147, 195)",52,45
5246,5246,0.1515151515151513,-0.2121212121212119,-3.2367,-3.3422,3,"(67, 147, 195)",52,46
5247,5247,0.1515151515151513,-0.1515151515151513,-3.2367,-3.3422,3,"(67, 147, 195)",52,47
5248,5248,0.1515151515151513,-0.0909090909090908,-3.2367,-3.3422,3,"(67, 147, 195)",52,48
5249,5249,0.1515151515151513,-0.0303030303030302,-3.2367,-3.3422,3,"(67, 147, 195)",52,49
5250,5250,0.1515151515151513,0.0303030303030302,-3.2367,3.3422,1,"(253, 219, 199)",52,50
5251,5251,0.1515151515151513,0.0909090909090908,-3.2367,3.3422,1,"(253, 219, 199)",52,51
5252,5252,0.1515151515151513,0.1515151515151513,-3.2367,3.3422,1,"(253, 219, 199)",52,52
5253,5253,0.1515151515151513,0.2121212121212123,-3.2367,3.3422,1,"(253, 219, 199)",52,53
5254,5254,0.1515151515151513,0.2727272727272729,-3.2367,3.3422,1,"(253, 219, 199)",52,54
5255,5255,0.1515151515151513,0.3333333333333335,-3.2367,3.3422,1,"(253, 219, 199)",52,55
5256,5256,0.1515151515151513,0.393939393939394,-3.2367,3.3422,1,"(253, 219, 199)",52,56
5257,5257,0.1515151515151513,0.4545454545454546,-3.2367,3.3422,1,"(253, 219, 199)",52,57
5258,5258,0.1515151515151513,0.5151515151515151,-3.2367,-3.3422,3,"(67, 147, 195)",52,58
5259,5259,0.1515151515151513,0.5757575757575757,3.1653,-3.3425,0,"(214, 96, 77)",52,59
5260,5260,0.1515151515151513,0.6363636363636367,-3.2367,3.3422,1,"(253, 219, 199)",52,60
5261,5261,0.1515151515151513,0.6969696969696972,3.1653,3.3425,2,"(209, 229, 240)",52,61
5262,5262,0.1515151515151513,0.7575757575757578,3.1653,3.3425,2,"(209, 229, 240)",52,62
5263,5263,0.1515151515151513,0.8181818181818183,3.1653,3.3425,2,"(209, 229, 240)",52,63
5264,5264,0.1515151515151513,0.8787878787878789,3.1653,3.3425,2,"(209, 229, 240)",52,64
5265,5265,0.1515151515151513,0.9393939393939394,3.1653,3.3425,2,"(209, 229, 240)",52,65
5266,5266,0.1515151515151513,1.0,-3.2367,3.3422,1,"(253, 219, 199)",52,66
5267,5267,0.1515151515151513,1.0606060606060606,3.1653,-3.3425,0,"(214, 96, 77)",52,67
5268,5268,0.1515151515151513,1.121212121212121,3.1653,-3.3425,0,"(214, 96, 77)",52,68
5269,5269,0.1515151515151513,1.1818181818181817,3.1653,-3.3425,0,"(214, 96, 77)",52,69
5270,5270,0.1515151515151513,1.2424242424242422,3.1653,-3.3425,0,"(214, 96, 77)",52,70
5271,5271,0.1515151515151513,1.3030303030303028,3.1653,-3.3425,0,"(214, 96, 77)",52,71
5272,5272,0.1515151515151513,1.363636363636363,3.1653,-3.3425,0,"(214, 96, 77)",52,72
5273,5273,0.1515151515151513,1.4242424242424248,3.1653,-3.3425,0,"(214, 96, 77)",52,73
5274,5274,0.1515151515151513,1.4848484848484853,3.1653,-3.3425,0,"(214, 96, 77)",52,74
5275,5275,0.1515151515151513,1.545454545454546,3.1653,-3.3425,0,"(214, 96, 77)",52,75
5276,5276,0.1515151515151513,1.6060606060606064,3.1653,-3.3425,0,"(214, 96, 77)",52,76
5277,5277,0.1515151515151513,1.666666666666667,3.1653,-3.3425,0,"(214, 96, 77)",52,77
5278,5278,0.1515151515151513,1.7272727272727275,3.1653,-3.3425,0,"(214, 96, 77)",52,78
5279,5279,0.1515151515151513,1.787878787878788,3.1653,-3.3425,0,"(214, 96, 77)",52,79
5280,5280,0.1515151515151513,1.8484848484848488,3.1653,-3.3425,0,"(214, 96, 77)",52,80
5281,5281,0.1515151515151513,1.9090909090909087,3.1653,-3.3425,0,"(214, 96, 77)",52,81
5282,5282,0.1515151515151513,1.9696969696969695,3.1653,-3.3425,0,"(214, 96, 77)",52,82
5283,5283,0.1515151515151513,2.0303030303030303,3.1653,-3.3425,0,"(214, 96, 77)",52,83
5284,5284,0.1515151515151513,2.090909090909091,3.1653,-3.3425,0,"(214, 96, 77)",52,84
5285,5285,0.1515151515151513,2.1515151515151514,3.1653,-3.3425,0,"(214, 96, 77)",52,85
5286,5286,0.1515151515151513,2.212121212121212,3.1653,-3.3425,0,"(214, 96, 77)",52,86
5287,5287,0.1515151515151513,2.2727272727272725,3.1653,-3.3425,0,"(214, 96, 77)",52,87
5288,5288,0.1515151515151513,2.333333333333334,3.1653,-3.3425,0,"(214, 96, 77)",52,88
5289,5289,0.1515151515151513,2.3939393939393945,3.1653,-3.3425,0,"(214, 96, 77)",52,89
5290,5290,0.1515151515151513,2.454545454545455,3.1653,-3.3425,0,"(214, 96, 77)",52,90
5291,5291,0.1515151515151513,2.515151515151516,3.1653,-3.3425,0,"(214, 96, 77)",52,91
5292,5292,0.1515151515151513,2.575757575757576,3.1653,-3.3425,0,"(214, 96, 77)",52,92
5293,5293,0.1515151515151513,2.6363636363636367,3.1653,-3.3425,0,"(214, 96, 77)",52,93
5294,5294,0.1515151515151513,2.696969696969697,3.1653,-3.3425,0,"(214, 96, 77)",52,94
5295,5295,0.1515151515151513,2.757575757575758,3.1653,-3.3425,0,"(214, 96, 77)",52,95
5296,5296,0.1515151515151513,2.8181818181818183,3.1653,-3.3425,0,"(214, 96, 77)",52,96
5297,5297,0.1515151515151513,2.878787878787879,3.1653,-3.3425,0,"(214, 96, 77)",52,97
5298,5298,0.1515151515151513,2.9393939393939394,3.1653,-3.3425,0,"(214, 96, 77)",52,98
5299,5299,0.1515151515151513,3.0,-3.2367,-3.3422,3,"(67, 147, 195)",52,99
5300,5300,0.2121212121212123,-3.0,3.1653,3.3425,2,"(209, 229, 240)",53,0
5301,5301,0.2121212121212123,-2.9393939393939394,3.1653,3.3425,2,"(209, 229, 240)",53,1
5302,5302,0.2121212121212123,-2.878787878787879,3.1653,3.3425,2,"(209, 229, 240)",53,2
5303,5303,0.2121212121212123,-2.8181818181818183,3.1653,3.3425,2,"(209, 229, 240)",53,3
5304,5304,0.2121212121212123,-2.757575757575758,3.1653,3.3425,2,"(209, 229, 240)",53,4
5305,5305,0.2121212121212123,-2.696969696969697,3.1653,3.3425,2,"(209, 229, 240)",53,5
5306,5306,0.2121212121212123,-2.636363636363636,3.1653,3.3425,2,"(209, 229, 240)",53,6
5307,5307,0.2121212121212123,-2.575757575757576,3.1653,3.3425,2,"(209, 229, 240)",53,7
5308,5308,0.2121212121212123,-2.515151515151515,3.1653,3.3425,2,"(209, 229, 240)",53,8
5309,5309,0.2121212121212123,-2.4545454545454546,3.1653,3.3425,2,"(209, 229, 240)",53,9
5310,5310,0.2121212121212123,-2.393939393939394,3.1653,3.3425,2,"(209, 229, 240)",53,10
5311,5311,0.2121212121212123,-2.333333333333333,3.1653,3.3425,2,"(209, 229, 240)",53,11
5312,5312,0.2121212121212123,-2.2727272727272725,3.1653,3.3425,2,"(209, 229, 240)",53,12
5313,5313,0.2121212121212123,-2.212121212121212,3.1653,3.3425,2,"(209, 229, 240)",53,13
5314,5314,0.2121212121212123,-2.1515151515151514,3.1653,3.3425,2,"(209, 229, 240)",53,14
5315,5315,0.2121212121212123,-2.090909090909091,3.1653,3.3425,2,"(209, 229, 240)",53,15
5316,5316,0.2121212121212123,-2.0303030303030303,3.1653,3.3425,2,"(209, 229, 240)",53,16
5317,5317,0.2121212121212123,-1.9696969696969695,3.1653,3.3425,2,"(209, 229, 240)",53,17
5318,5318,0.2121212121212123,-1.9090909090909087,3.1653,3.3425,2,"(209, 229, 240)",53,18
5319,5319,0.2121212121212123,-1.8484848484848484,3.1653,3.3425,2,"(209, 229, 240)",53,19
5320,5320,0.2121212121212123,-1.7878787878787878,3.1653,3.3425,2,"(209, 229, 240)",53,20
5321,5321,0.2121212121212123,-1.7272727272727273,3.1653,3.3425,2,"(209, 229, 240)",53,21
5322,5322,0.2121212121212123,-1.6666666666666663,3.1653,3.3425,2,"(209, 229, 240)",53,22
5323,5323,0.2121212121212123,-1.606060606060606,3.1653,3.3425,2,"(209, 229, 240)",53,23
5324,5324,0.2121212121212123,-1.5454545454545454,3.1653,3.3425,2,"(209, 229, 240)",53,24
5325,5325,0.2121212121212123,-1.4848484848484849,3.1653,3.3425,2,"(209, 229, 240)",53,25
5326,5326,0.2121212121212123,-1.4242424242424243,3.1653,3.3425,2,"(209, 229, 240)",53,26
5327,5327,0.2121212121212123,-1.3636363636363635,3.1653,3.3425,2,"(209, 229, 240)",53,27
5328,5328,0.2121212121212123,-1.303030303030303,3.1653,3.3425,2,"(209, 229, 240)",53,28
5329,5329,0.2121212121212123,-1.2424242424242424,3.1653,3.3425,2,"(209, 229, 240)",53,29
5330,5330,0.2121212121212123,-1.1818181818181817,3.1653,3.3425,2,"(209, 229, 240)",53,30
5331,5331,0.2121212121212123,-1.121212121212121,3.1653,3.3425,2,"(209, 229, 240)",53,31
5332,5332,0.2121212121212123,-1.0606060606060606,-3.2367,3.3422,1,"(253, 219, 199)",53,32
5333,5333,0.2121212121212123,-1.0,3.1653,-3.3425,0,"(214, 96, 77)",53,33
5334,5334,0.2121212121212123,-0.9393939393939394,3.1653,-3.3425,0,"(214, 96, 77)",53,34
5335,5335,0.2121212121212123,-0.8787878787878789,3.1653,-3.3425,0,"(214, 96, 77)",53,35
5336,5336,0.2121212121212123,-0.8181818181818183,3.1653,-3.3425,0,"(214, 96, 77)",53,36
5337,5337,0.2121212121212123,-0.7575757575757573,3.1653,-3.3425,0,"(214, 96, 77)",53,37
5338,5338,0.2121212121212123,-0.6969696969696968,3.1653,-3.3425,0,"(214, 96, 77)",53,38
5339,5339,0.2121212121212123,-0.6363636363636362,3.1653,-3.3425,0,"(214, 96, 77)",53,39
5340,5340,0.2121212121212123,-0.5757575757575757,-3.2367,-3.3422,3,"(67, 147, 195)",53,40
5341,5341,0.2121212121212123,-0.5151515151515151,-3.2367,-3.3422,3,"(67, 147, 195)",53,41
5342,5342,0.2121212121212123,-0.4545454545454546,-3.2367,-3.3422,3,"(67, 147, 195)",53,42
5343,5343,0.2121212121212123,-0.393939393939394,-3.2367,-3.3422,3,"(67, 147, 195)",53,43
5344,5344,0.2121212121212123,-0.333333333333333,-3.2367,-3.3422,3,"(67, 147, 195)",53,44
5345,5345,0.2121212121212123,-0.2727272727272725,-3.2367,-3.3422,3,"(67, 147, 195)",53,45
5346,5346,0.2121212121212123,-0.2121212121212119,-3.2367,-3.3422,3,"(67, 147, 195)",53,46
5347,5347,0.2121212121212123,-0.1515151515151513,-3.2367,-3.3422,3,"(67, 147, 195)",53,47
5348,5348,0.2121212121212123,-0.0909090909090908,-3.2367,-3.3422,3,"(67, 147, 195)",53,48
5349,5349,0.2121212121212123,-0.0303030303030302,-3.2367,-3.3422,3,"(67, 147, 195)",53,49
5350,5350,0.2121212121212123,0.0303030303030302,-3.2367,3.3422,1,"(253, 219, 199)",53,50
5351,5351,0.2121212121212123,0.0909090909090908,-3.2367,3.3422,1,"(253, 219, 199)",53,51
5352,5352,0.2121212121212123,0.1515151515151513,-3.2367,3.3422,1,"(253, 219, 199)",53,52
5353,5353,0.2121212121212123,0.2121212121212123,-3.2367,3.3422,1,"(253, 219, 199)",53,53
5354,5354,0.2121212121212123,0.2727272727272729,-3.2367,3.3422,1,"(253, 219, 199)",53,54
5355,5355,0.2121212121212123,0.3333333333333335,-3.2367,3.3422,1,"(253, 219, 199)",53,55
5356,5356,0.2121212121212123,0.393939393939394,-3.2367,3.3422,1,"(253, 219, 199)",53,56
5357,5357,0.2121212121212123,0.4545454545454546,-3.2367,3.3422,1,"(253, 219, 199)",53,57
5358,5358,0.2121212121212123,0.5151515151515151,-3.2367,3.3422,1,"(253, 219, 199)",53,58
5359,5359,0.2121212121212123,0.5757575757575757,-3.2367,3.3422,1,"(253, 219, 199)",53,59
5360,5360,0.2121212121212123,0.6363636363636367,3.1653,3.3425,2,"(209, 229, 240)",53,60
5361,5361,0.2121212121212123,0.6969696969696972,3.1653,3.3425,2,"(209, 229, 240)",53,61
5362,5362,0.2121212121212123,0.7575757575757578,3.1653,3.3425,2,"(209, 229, 240)",53,62
5363,5363,0.2121212121212123,0.8181818181818183,3.1653,3.3425,2,"(209, 229, 240)",53,63
5364,5364,0.2121212121212123,0.8787878787878789,3.1653,3.3425,2,"(209, 229, 240)",53,64
5365,5365,0.2121212121212123,0.9393939393939394,3.1653,3.3425,2,"(209, 229, 240)",53,65
5366,5366,0.2121212121212123,1.0,3.1653,3.3425,2,"(209, 229, 240)",53,66
5367,5367,0.2121212121212123,1.0606060606060606,-3.2367,-3.3422,3,"(67, 147, 195)",53,67
5368,5368,0.2121212121212123,1.121212121212121,3.1653,-3.3425,0,"(214, 96, 77)",53,68
5369,5369,0.2121212121212123,1.1818181818181817,3.1653,-3.3425,0,"(214, 96, 77)",53,69
5370,5370,0.2121212121212123,1.2424242424242422,3.1653,-3.3425,0,"(214, 96, 77)",53,70
5371,5371,0.2121212121212123,1.3030303030303028,3.1653,-3.3425,0,"(214, 96, 77)",53,71
5372,5372,0.2121212121212123,1.363636363636363,3.1653,-3.3425,0,"(214, 96, 77)",53,72
5373,5373,0.2121212121212123,1.4242424242424248,3.1653,-3.3425,0,"(214, 96, 77)",53,73
5374,5374,0.2121212121212123,1.4848484848484853,3.1653,-3.3425,0,"(214, 96, 77)",53,74
5375,5375,0.2121212121212123,1.545454545454546,3.1653,-3.3425,0,"(214, 96, 77)",53,75
5376,5376,0.2121212121212123,1.6060606060606064,3.1653,-3.3425,0,"(214, 96, 77)",53,76
5377,5377,0.2121212121212123,1.666666666666667,3.1653,-3.3425,0,"(214, 96, 77)",53,77
5378,5378,0.2121212121212123,1.7272727272727275,3.1653,-3.3425,0,"(214, 96, 77)",53,78
5379,5379,0.2121212121212123,1.787878787878788,3.1653,-3.3425,0,"(214, 96, 77)",53,79
5380,5380,0.2121212121212123,1.8484848484848488,3.1653,-3.3425,0,"(214, 96, 77)",53,80
5381,5381,0.2121212121212123,1.9090909090909087,3.1653,-3.3425,0,"(214, 96, 77)",53,81
5382,5382,0.2121212121212123,1.9696969696969695,3.1653,-3.3425,0,"(214, 96, 77)",53,82
5383,5383,0.2121212121212123,2.0303030303030303,3.1653,-3.3425,0,"(214, 96, 77)",53,83
5384,5384,0.2121212121212123,2.090909090909091,3.1653,-3.3425,0,"(214, 96, 77)",53,84
5385,5385,0.2121212121212123,2.1515151515151514,3.1653,-3.3425,0,"(214, 96, 77)",53,85
5386,5386,0.2121212121212123,2.212121212121212,3.1653,-3.3425,0,"(214, 96, 77)",53,86
5387,5387,0.2121212121212123,2.2727272727272725,3.1653,-3.3425,0,"(214, 96, 77)",53,87
5388,5388,0.2121212121212123,2.333333333333334,3.1653,-3.3425,0,"(214, 96, 77)",53,88
5389,5389,0.2121212121212123,2.3939393939393945,3.1653,-3.3425,0,"(214, 96, 77)",53,89
5390,5390,0.2121212121212123,2.454545454545455,3.1653,-3.3425,0,"(214, 96, 77)",53,90
5391,5391,0.2121212121212123,2.515151515151516,3.1653,-3.3425,0,"(214, 96, 77)",53,91
5392,5392,0.2121212121212123,2.575757575757576,3.1653,-3.3425,0,"(214, 96, 77)",53,92
5393,5393,0.2121212121212123,2.6363636363636367,3.1653,-3.3425,0,"(214, 96, 77)",53,93
5394,5394,0.2121212121212123,2.696969696969697,3.1653,-3.3425,0,"(214, 96, 77)",53,94
5395,5395,0.2121212121212123,2.757575757575758,3.1653,-3.3425,0,"(214, 96, 77)",53,95
5396,5396,0.2121212121212123,2.8181818181818183,3.1653,-3.3425,0,"(214, 96, 77)",53,96
5397,5397,0.2121212121212123,2.878787878787879,3.1653,-3.3425,0,"(214, 96, 77)",53,97
5398,5398,0.2121212121212123,2.9393939393939394,3.1653,-3.3425,0,"(214, 96, 77)",53,98
5399,5399,0.2121212121212123,3.0,3.1653,-3.3425,0,"(214, 96, 77)",53,99
5400,5400,0.2727272727272729,-3.0,3.1653,3.3425,2,"(209, 229, 240)",54,0
5401,5401,0.2727272727272729,-2.9393939393939394,3.1653,3.3425,2,"(209, 229, 240)",54,1
5402,5402,0.2727272727272729,-2.878787878787879,3.1653,3.3425,2,"(209, 229, 240)",54,2
5403,5403,0.2727272727272729,-2.8181818181818183,3.1653,3.3425,2,"(209, 229, 240)",54,3
5404,5404,0.2727272727272729,-2.757575757575758,3.1653,3.3425,2,"(209, 229, 240)",54,4
5405,5405,0.2727272727272729,-2.696969696969697,3.1653,3.3425,2,"(209, 229, 240)",54,5
5406,5406,0.2727272727272729,-2.636363636363636,3.1653,3.3425,2,"(209, 229, 240)",54,6
5407,5407,0.2727272727272729,-2.575757575757576,3.1653,3.3425,2,"(209, 229, 240)",54,7
5408,5408,0.2727272727272729,-2.515151515151515,3.1653,3.3425,2,"(209, 229, 240)",54,8
5409,5409,0.2727272727272729,-2.4545454545454546,3.1653,3.3425,2,"(209, 229, 240)",54,9
5410,5410,0.2727272727272729,-2.393939393939394,3.1653,3.3425,2,"(209, 229, 240)",54,10
5411,5411,0.2727272727272729,-2.333333333333333,3.1653,3.3425,2,"(209, 229, 240)",54,11
5412,5412,0.2727272727272729,-2.2727272727272725,3.1653,3.3425,2,"(209, 229, 240)",54,12
5413,5413,0.2727272727272729,-2.212121212121212,3.1653,3.3425,2,"(209, 229, 240)",54,13
5414,5414,0.2727272727272729,-2.1515151515151514,3.1653,3.3425,2,"(209, 229, 240)",54,14
5415,5415,0.2727272727272729,-2.090909090909091,3.1653,3.3425,2,"(209, 229, 240)",54,15
5416,5416,0.2727272727272729,-2.0303030303030303,3.1653,3.3425,2,"(209, 229, 240)",54,16
5417,5417,0.2727272727272729,-1.9696969696969695,3.1653,3.3425,2,"(209, 229, 240)",54,17
5418,5418,0.2727272727272729,-1.9090909090909087,3.1653,3.3425,2,"(209, 229, 240)",54,18
5419,5419,0.2727272727272729,-1.8484848484848484,3.1653,3.3425,2,"(209, 229, 240)",54,19
5420,5420,0.2727272727272729,-1.7878787878787878,3.1653,3.3425,2,"(209, 229, 240)",54,20
5421,5421,0.2727272727272729,-1.7272727272727273,3.1653,3.3425,2,"(209, 229, 240)",54,21
5422,5422,0.2727272727272729,-1.6666666666666663,3.1653,3.3425,2,"(209, 229, 240)",54,22
5423,5423,0.2727272727272729,-1.606060606060606,3.1653,3.3425,2,"(209, 229, 240)",54,23
5424,5424,0.2727272727272729,-1.5454545454545454,3.1653,3.3425,2,"(209, 229, 240)",54,24
5425,5425,0.2727272727272729,-1.4848484848484849,3.1653,3.3425,2,"(209, 229, 240)",54,25
5426,5426,0.2727272727272729,-1.4242424242424243,3.1653,3.3425,2,"(209, 229, 240)",54,26
5427,5427,0.2727272727272729,-1.3636363636363635,3.1653,3.3425,2,"(209, 229, 240)",54,27
5428,5428,0.2727272727272729,-1.303030303030303,3.1653,3.3425,2,"(209, 229, 240)",54,28
5429,5429,0.2727272727272729,-1.2424242424242424,3.1653,3.3425,2,"(209, 229, 240)",54,29
5430,5430,0.2727272727272729,-1.1818181818181817,3.1653,3.3425,2,"(209, 229, 240)",54,30
5431,5431,0.2727272727272729,-1.121212121212121,3.1653,3.3425,2,"(209, 229, 240)",54,31
5432,5432,0.2727272727272729,-1.0606060606060606,3.1653,-3.3425,0,"(214, 96, 77)",54,32
5433,5433,0.2727272727272729,-1.0,3.1653,-3.3425,0,"(214, 96, 77)",54,33
5434,5434,0.2727272727272729,-0.9393939393939394,3.1653,-3.3425,0,"(214, 96, 77)",54,34
5435,5435,0.2727272727272729,-0.8787878787878789,3.1653,-3.3425,0,"(214, 96, 77)",54,35
5436,5436,0.2727272727272729,-0.8181818181818183,3.1653,-3.3425,0,"(214, 96, 77)",54,36
5437,5437,0.2727272727272729,-0.7575757575757573,3.1653,-3.3425,0,"(214, 96, 77)",54,37
5438,5438,0.2727272727272729,-0.6969696969696968,3.1653,-3.3425,0,"(214, 96, 77)",54,38
5439,5439,0.2727272727272729,-0.6363636363636362,3.1653,-3.3425,0,"(214, 96, 77)",54,39
5440,5440,0.2727272727272729,-0.5757575757575757,-3.2367,3.3422,1,"(253, 219, 199)",54,40
5441,5441,0.2727272727272729,-0.5151515151515151,-3.2367,-3.3422,3,"(67, 147, 195)",54,41
5442,5442,0.2727272727272729,-0.4545454545454546,-3.2367,-3.3422,3,"(67, 147, 195)",54,42
5443,5443,0.2727272727272729,-0.393939393939394,-3.2367,-3.3422,3,"(67, 147, 195)",54,43
5444,5444,0.2727272727272729,-0.333333333333333,-3.2367,-3.3422,3,"(67, 147, 195)",54,44
5445,5445,0.2727272727272729,-0.2727272727272725,-3.2367,-3.3422,3,"(67, 147, 195)",54,45
5446,5446,0.2727272727272729,-0.2121212121212119,-3.2367,-3.3422,3,"(67, 147, 195)",54,46
5447,5447,0.2727272727272729,-0.1515151515151513,-3.2367,-3.3422,3,"(67, 147, 195)",54,47
5448,5448,0.2727272727272729,-0.0909090909090908,-3.2367,-3.3422,3,"(67, 147, 195)",54,48
5449,5449,0.2727272727272729,-0.0303030303030302,-3.2367,-3.3422,3,"(67, 147, 195)",54,49
5450,5450,0.2727272727272729,0.0303030303030302,-3.2367,3.3422,1,"(253, 219, 199)",54,50
5451,5451,0.2727272727272729,0.0909090909090908,-3.2367,3.3422,1,"(253, 219, 199)",54,51
5452,5452,0.2727272727272729,0.1515151515151513,-3.2367,3.3422,1,"(253, 219, 199)",54,52
5453,5453,0.2727272727272729,0.2121212121212123,-3.2367,3.3422,1,"(253, 219, 199)",54,53
5454,5454,0.2727272727272729,0.2727272727272729,-3.2367,3.3422,1,"(253, 219, 199)",54,54
5455,5455,0.2727272727272729,0.3333333333333335,-3.2367,3.3422,1,"(253, 219, 199)",54,55
5456,5456,0.2727272727272729,0.393939393939394,-3.2367,3.3422,1,"(253, 219, 199)",54,56
5457,5457,0.2727272727272729,0.4545454545454546,-3.2367,3.3422,1,"(253, 219, 199)",54,57
5458,5458,0.2727272727272729,0.5151515151515151,-3.2367,3.3422,1,"(253, 219, 199)",54,58
5459,5459,0.2727272727272729,0.5757575757575757,-3.2367,-3.3422,3,"(67, 147, 195)",54,59
5460,5460,0.2727272727272729,0.6363636363636367,3.1653,3.3425,2,"(209, 229, 240)",54,60
5461,5461,0.2727272727272729,0.6969696969696972,3.1653,3.3425,2,"(209, 229, 240)",54,61
5462,5462,0.2727272727272729,0.7575757575757578,3.1653,3.3425,2,"(209, 229, 240)",54,62
5463,5463,0.2727272727272729,0.8181818181818183,3.1653,3.3425,2,"(209, 229, 240)",54,63
5464,5464,0.2727272727272729,0.8787878787878789,3.1653,3.3425,2,"(209, 229, 240)",54,64
5465,5465,0.2727272727272729,0.9393939393939394,3.1653,3.3425,2,"(209, 229, 240)",54,65
5466,5466,0.2727272727272729,1.0,3.1653,3.3425,2,"(209, 229, 240)",54,66
5467,5467,0.2727272727272729,1.0606060606060606,3.1653,3.3425,2,"(209, 229, 240)",54,67
5468,5468,0.2727272727272729,1.121212121212121,3.1653,-3.3425,0,"(214, 96, 77)",54,68
5469,5469,0.2727272727272729,1.1818181818181817,3.1653,-3.3425,0,"(214, 96, 77)",54,69
5470,5470,0.2727272727272729,1.2424242424242422,3.1653,-3.3425,0,"(214, 96, 77)",54,70
5471,5471,0.2727272727272729,1.3030303030303028,3.1653,-3.3425,0,"(214, 96, 77)",54,71
5472,5472,0.2727272727272729,1.363636363636363,3.1653,-3.3425,0,"(214, 96, 77)",54,72
5473,5473,0.2727272727272729,1.4242424242424248,3.1653,-3.3425,0,"(214, 96, 77)",54,73
5474,5474,0.2727272727272729,1.4848484848484853,3.1653,-3.3425,0,"(214, 96, 77)",54,74
5475,5475,0.2727272727272729,1.545454545454546,3.1653,-3.3425,0,"(214, 96, 77)",54,75
5476,5476,0.2727272727272729,1.6060606060606064,3.1653,-3.3425,0,"(214, 96, 77)",54,76
5477,5477,0.2727272727272729,1.666666666666667,3.1653,-3.3425,0,"(214, 96, 77)",54,77
5478,5478,0.2727272727272729,1.7272727272727275,3.1653,-3.3425,0,"(214, 96, 77)",54,78
5479,5479,0.2727272727272729,1.787878787878788,3.1653,-3.3425,0,"(214, 96, 77)",54,79
5480,5480,0.2727272727272729,1.8484848484848488,3.1653,-3.3425,0,"(214, 96, 77)",54,80
5481,5481,0.2727272727272729,1.9090909090909087,3.1653,-3.3425,0,"(214, 96, 77)",54,81
5482,5482,0.2727272727272729,1.9696969696969695,3.1653,-3.3425,0,"(214, 96, 77)",54,82
5483,5483,0.2727272727272729,2.0303030303030303,3.1653,-3.3425,0,"(214, 96, 77)",54,83
5484,5484,0.2727272727272729,2.090909090909091,3.1653,-3.3425,0,"(214, 96, 77)",54,84
5485,5485,0.2727272727272729,2.1515151515151514,3.1653,-3.3425,0,"(214, 96, 77)",54,85
5486,5486,0.2727272727272729,2.212121212121212,3.1653,-3.3425,0,"(214, 96, 77)",54,86
5487,5487,0.2727272727272729,2.2727272727272725,3.1653,-3.3425,0,"(214, 96, 77)",54,87
5488,5488,0.2727272727272729,2.333333333333334,3.1653,-3.3425,0,"(214, 96, 77)",54,88
5489,5489,0.2727272727272729,2.3939393939393945,3.1653,-3.3425,0,"(214, 96, 77)",54,89
5490,5490,0.2727272727272729,2.454545454545455,3.1653,-3.3425,0,"(214, 96, 77)",54,90
5491,5491,0.2727272727272729,2.515151515151516,3.1653,-3.3425,0,"(214, 96, 77)",54,91
5492,5492,0.2727272727272729,2.575757575757576,3.1653,-3.3425,0,"(214, 96, 77)",54,92
5493,5493,0.2727272727272729,2.6363636363636367,3.1653,-3.3425,0,"(214, 96, 77)",54,93
5494,5494,0.2727272727272729,2.696969696969697,3.1653,-3.3425,0,"(214, 96, 77)",54,94
5495,5495,0.2727272727272729,2.757575757575758,3.1653,-3.3425,0,"(214, 96, 77)",54,95
5496,5496,0.2727272727272729,2.8181818181818183,3.1653,-3.3425,0,"(214, 96, 77)",54,96
5497,5497,0.2727272727272729,2.878787878787879,3.1653,-3.3425,0,"(214, 96, 77)",54,97
5498,5498,0.2727272727272729,2.9393939393939394,3.1653,-3.3425,0,"(214, 96, 77)",54,98
5499,5499,0.2727272727272729,3.0,3.1653,-3.3425,0,"(214, 96, 77)",54,99
5500,5500,0.3333333333333335,-3.0,3.1653,3.3425,2,"(209, 229, 240)",55,0
5501,5501,0.3333333333333335,-2.9393939393939394,3.1653,3.3425,2,"(209, 229, 240)",55,1
5502,5502,0.3333333333333335,-2.878787878787879,3.1653,3.3425,2,"(209, 229, 240)",55,2
5503,5503,0.3333333333333335,-2.8181818181818183,3.1653,3.3425,2,"(209, 229, 240)",55,3
5504,5504,0.3333333333333335,-2.757575757575758,3.1653,3.3425,2,"(209, 229, 240)",55,4
5505,5505,0.3333333333333335,-2.696969696969697,3.1653,3.3425,2,"(209, 229, 240)",55,5
5506,5506,0.3333333333333335,-2.636363636363636,3.1653,3.3425,2,"(209, 229, 240)",55,6
5507,5507,0.3333333333333335,-2.575757575757576,3.1653,3.3425,2,"(209, 229, 240)",55,7
5508,5508,0.3333333333333335,-2.515151515151515,3.1653,3.3425,2,"(209, 229, 240)",55,8
5509,5509,0.3333333333333335,-2.4545454545454546,3.1653,3.3425,2,"(209, 229, 240)",55,9
5510,5510,0.3333333333333335,-2.393939393939394,3.1653,3.3425,2,"(209, 229, 240)",55,10
5511,5511,0.3333333333333335,-2.333333333333333,3.1653,3.3425,2,"(209, 229, 240)",55,11
5512,5512,0.3333333333333335,-2.2727272727272725,3.1653,3.3425,2,"(209, 229, 240)",55,12
5513,5513,0.3333333333333335,-2.212121212121212,3.1653,3.3425,2,"(209, 229, 240)",55,13
5514,5514,0.3333333333333335,-2.1515151515151514,3.1653,3.3425,2,"(209, 229, 240)",55,14
5515,5515,0.3333333333333335,-2.090909090909091,3.1653,3.3425,2,"(209, 229, 240)",55,15
5516,5516,0.3333333333333335,-2.0303030303030303,3.1653,3.3425,2,"(209, 229, 240)",55,16
5517,5517,0.3333333333333335,-1.9696969696969695,3.1653,3.3425,2,"(209, 229, 240)",55,17
5518,5518,0.3333333333333335,-1.9090909090909087,3.1653,3.3425,2,"(209, 229, 240)",55,18
5519,5519,0.3333333333333335,-1.8484848484848484,3.1653,3.3425,2,"(209, 229, 240)",55,19
5520,5520,0.3333333333333335,-1.7878787878787878,3.1653,3.3425,2,"(209, 229, 240)",55,20
5521,5521,0.3333333333333335,-1.7272727272727273,3.1653,3.3425,2,"(209, 229, 240)",55,21
5522,5522,0.3333333333333335,-1.6666666666666663,3.1653,3.3425,2,"(209, 229, 240)",55,22
5523,5523,0.3333333333333335,-1.606060606060606,3.1653,3.3425,2,"(209, 229, 240)",55,23
5524,5524,0.3333333333333335,-1.5454545454545454,3.1653,3.3425,2,"(209, 229, 240)",55,24
5525,5525,0.3333333333333335,-1.4848484848484849,3.1653,3.3425,2,"(209, 229, 240)",55,25
5526,5526,0.3333333333333335,-1.4242424242424243,3.1653,3.3425,2,"(209, 229, 240)",55,26
5527,5527,0.3333333333333335,-1.3636363636363635,3.1653,3.3425,2,"(209, 229, 240)",55,27
5528,5528,0.3333333333333335,-1.303030303030303,3.1653,3.3425,2,"(209, 229, 240)",55,28
5529,5529,0.3333333333333335,-1.2424242424242424,3.1653,3.3425,2,"(209, 229, 240)",55,29
5530,5530,0.3333333333333335,-1.1818181818181817,-3.2367,3.3422,1,"(253, 219, 199)",55,30
5531,5531,0.3333333333333335,-1.121212121212121,3.1653,-3.3425,0,"(214, 96, 77)",55,31
5532,5532,0.3333333333333335,-1.0606060606060606,3.1653,-3.3425,0,"(214, 96, 77)",55,32
5533,5533,0.3333333333333335,-1.0,3.1653,-3.3425,0,"(214, 96, 77)",55,33
5534,5534,0.3333333333333335,-0.9393939393939394,3.1653,-3.3425,0,"(214, 96, 77)",55,34
5535,5535,0.3333333333333335,-0.8787878787878789,3.1653,-3.3425,0,"(214, 96, 77)",55,35
5536,5536,0.3333333333333335,-0.8181818181818183,3.1653,-3.3425,0,"(214, 96, 77)",55,36
5537,5537,0.3333333333333335,-0.7575757575757573,3.1653,-3.3425,0,"(214, 96, 77)",55,37
5538,5538,0.3333333333333335,-0.6969696969696968,3.1653,-3.3425,0,"(214, 96, 77)",55,38
5539,5539,0.3333333333333335,-0.6363636363636362,3.1653,-3.3425,0,"(214, 96, 77)",55,39
5540,5540,0.3333333333333335,-0.5757575757575757,-3.2367,-3.3422,3,"(67, 147, 195)",55,40
5541,5541,0.3333333333333335,-0.5151515151515151,-3.2367,-3.3422,3,"(67, 147, 195)",55,41
5542,5542,0.3333333333333335,-0.4545454545454546,-3.2367,-3.3422,3,"(67, 147, 195)",55,42
5543,5543,0.3333333333333335,-0.393939393939394,-3.2367,-3.3422,3,"(67, 147, 195)",55,43
5544,5544,0.3333333333333335,-0.333333333333333,-3.2367,-3.3422,3,"(67, 147, 195)",55,44
5545,5545,0.3333333333333335,-0.2727272727272725,-3.2367,-3.3422,3,"(67, 147, 195)",55,45
5546,5546,0.3333333333333335,-0.2121212121212119,-3.2367,-3.3422,3,"(67, 147, 195)",55,46
5547,5547,0.3333333333333335,-0.1515151515151513,-3.2367,-3.3422,3,"(67, 147, 195)",55,47
5548,5548,0.3333333333333335,-0.0909090909090908,-3.2367,-3.3422,3,"(67, 147, 195)",55,48
5549,5549,0.3333333333333335,-0.0303030303030302,3.1653,-3.3425,0,"(214, 96, 77)",55,49
5550,5550,0.3333333333333335,0.0303030303030302,3.1653,3.3425,2,"(209, 229, 240)",55,50
5551,5551,0.3333333333333335,0.0909090909090908,-3.2367,3.3422,1,"(253, 219, 199)",55,51
5552,5552,0.3333333333333335,0.1515151515151513,-3.2367,3.3422,1,"(253, 219, 199)",55,52
5553,5553,0.3333333333333335,0.2121212121212123,-3.2367,3.3422,1,"(253, 219, 199)",55,53
5554,5554,0.3333333333333335,0.2727272727272729,-3.2367,3.3422,1,"(253, 219, 199)",55,54
5555,5555,0.3333333333333335,0.3333333333333335,-3.2367,3.3422,1,"(253, 219, 199)",55,55
5556,5556,0.3333333333333335,0.393939393939394,-3.2367,3.3422,1,"(253, 219, 199)",55,56
5557,5557,0.3333333333333335,0.4545454545454546,-3.2367,3.3422,1,"(253, 219, 199)",55,57
5558,5558,0.3333333333333335,0.5151515151515151,-3.2367,3.3422,1,"(253, 219, 199)",55,58
5559,5559,0.3333333333333335,0.5757575757575757,-3.2367,3.3422,1,"(253, 219, 199)",55,59
5560,5560,0.3333333333333335,0.6363636363636367,3.1653,3.3425,2,"(209, 229, 240)",55,60
5561,5561,0.3333333333333335,0.6969696969696972,3.1653,3.3425,2,"(209, 229, 240)",55,61
5562,5562,0.3333333333333335,0.7575757575757578,3.1653,3.3425,2,"(209, 229, 240)",55,62
5563,5563,0.3333333333333335,0.8181818181818183,3.1653,3.3425,2,"(209, 229, 240)",55,63
5564,5564,0.3333333333333335,0.8787878787878789,3.1653,3.3425,2,"(209, 229, 240)",55,64
5565,5565,0.3333333333333335,0.9393939393939394,3.1653,3.3425,2,"(209, 229, 240)",55,65
5566,5566,0.3333333333333335,1.0,3.1653,3.3425,2,"(209, 229, 240)",55,66
5567,5567,0.3333333333333335,1.0606060606060606,3.1653,3.3425,2,"(209, 229, 240)",55,67
5568,5568,0.3333333333333335,1.121212121212121,3.1653,3.3425,2,"(209, 229, 240)",55,68
5569,5569,0.3333333333333335,1.1818181818181817,-3.2367,-3.3422,3,"(67, 147, 195)",55,69
5570,5570,0.3333333333333335,1.2424242424242422,3.1653,-3.3425,0,"(214, 96, 77)",55,70
5571,5571,0.3333333333333335,1.3030303030303028,3.1653,-3.3425,0,"(214, 96, 77)",55,71
5572,5572,0.3333333333333335,1.363636363636363,3.1653,-3.3425,0,"(214, 96, 77)",55,72
5573,5573,0.3333333333333335,1.4242424242424248,3.1653,-3.3425,0,"(214, 96, 77)",55,73
5574,5574,0.3333333333333335,1.4848484848484853,3.1653,-3.3425,0,"(214, 96, 77)",55,74
5575,5575,0.3333333333333335,1.545454545454546,3.1653,-3.3425,0,"(214, 96, 77)",55,75
5576,5576,0.3333333333333335,1.6060606060606064,3.1653,-3.3425,0,"(214, 96, 77)",55,76
5577,5577,0.3333333333333335,1.666666666666667,3.1653,-3.3425,0,"(214, 96, 77)",55,77
5578,5578,0.3333333333333335,1.7272727272727275,3.1653,-3.3425,0,"(214, 96, 77)",55,78
5579,5579,0.3333333333333335,1.787878787878788,3.1653,-3.3425,0,"(214, 96, 77)",55,79
5580,5580,0.3333333333333335,1.8484848484848488,3.1653,-3.3425,0,"(214, 96, 77)",55,80
5581,5581,0.3333333333333335,1.9090909090909087,3.1653,-3.3425,0,"(214, 96, 77)",55,81
5582,5582,0.3333333333333335,1.9696969696969695,3.1653,-3.3425,0,"(214, 96, 77)",55,82
5583,5583,0.3333333333333335,2.0303030303030303,3.1653,-3.3425,0,"(214, 96, 77)",55,83
5584,5584,0.3333333333333335,2.090909090909091,3.1653,-3.3425,0,"(214, 96, 77)",55,84
5585,5585,0.3333333333333335,2.1515151515151514,3.1653,-3.3425,0,"(214, 96, 77)",55,85
5586,5586,0.3333333333333335,2.212121212121212,3.1653,-3.3425,0,"(214, 96, 77)",55,86
5587,5587,0.3333333333333335,2.2727272727272725,3.1653,-3.3425,0,"(214, 96, 77)",55,87
5588,5588,0.3333333333333335,2.333333333333334,3.1653,-3.3425,0,"(214, 96, 77)",55,88
5589,5589,0.3333333333333335,2.3939393939393945,3.1653,-3.3425,0,"(214, 96, 77)",55,89
5590,5590,0.3333333333333335,2.454545454545455,3.1653,-3.3425,0,"(214, 96, 77)",55,90
5591,5591,0.3333333333333335,2.515151515151516,3.1653,-3.3425,0,"(214, 96, 77)",55,91
5592,5592,0.3333333333333335,2.575757575757576,3.1653,-3.3425,0,"(214, 96, 77)",55,92
5593,5593,0.3333333333333335,2.6363636363636367,3.1653,-3.3425,0,"(214, 96, 77)",55,93
5594,5594,0.3333333333333335,2.696969696969697,3.1653,-3.3425,0,"(214, 96, 77)",55,94
5595,5595,0.3333333333333335,2.757575757575758,3.1653,-3.3425,0,"(214, 96, 77)",55,95
5596,5596,0.3333333333333335,2.8181818181818183,3.1653,-3.3425,0,"(214, 96, 77)",55,96
5597,5597,0.3333333333333335,2.878787878787879,3.1653,-3.3425,0,"(214, 96, 77)",55,97
5598,5598,0.3333333333333335,2.9393939393939394,3.1653,-3.3425,0,"(214, 96, 77)",55,98
5599,5599,0.3333333333333335,3.0,3.1653,-3.3425,0,"(214, 96, 77)",55,99
5600,5600,0.393939393939394,-3.0,3.1653,3.3425,2,"(209, 229, 240)",56,0
5601,5601,0.393939393939394,-2.9393939393939394,3.1653,3.3425,2,"(209, 229, 240)",56,1
5602,5602,0.393939393939394,-2.878787878787879,3.1653,3.3425,2,"(209, 229, 240)",56,2
5603,5603,0.393939393939394,-2.8181818181818183,3.1653,3.3425,2,"(209, 229, 240)",56,3
5604,5604,0.393939393939394,-2.757575757575758,3.1653,3.3425,2,"(209, 229, 240)",56,4
5605,5605,0.393939393939394,-2.696969696969697,3.1653,3.3425,2,"(209, 229, 240)",56,5
5606,5606,0.393939393939394,-2.636363636363636,3.1653,3.3425,2,"(209, 229, 240)",56,6
5607,5607,0.393939393939394,-2.575757575757576,3.1653,3.3425,2,"(209, 229, 240)",56,7
5608,5608,0.393939393939394,-2.515151515151515,3.1653,3.3425,2,"(209, 229, 240)",56,8
5609,5609,0.393939393939394,-2.4545454545454546,3.1653,3.3425,2,"(209, 229, 240)",56,9
5610,5610,0.393939393939394,-2.393939393939394,3.1653,3.3425,2,"(209, 229, 240)",56,10
5611,5611,0.393939393939394,-2.333333333333333,3.1653,3.3425,2,"(209, 229, 240)",56,11
5612,5612,0.393939393939394,-2.2727272727272725,3.1653,3.3425,2,"(209, 229, 240)",56,12
5613,5613,0.393939393939394,-2.212121212121212,3.1653,3.3425,2,"(209, 229, 240)",56,13
5614,5614,0.393939393939394,-2.1515151515151514,3.1653,3.3425,2,"(209, 229, 240)",56,14
5615,5615,0.393939393939394,-2.090909090909091,3.1653,3.3425,2,"(209, 229, 240)",56,15
5616,5616,0.393939393939394,-2.0303030303030303,3.1653,3.3425,2,"(209, 229, 240)",56,16
5617,5617,0.393939393939394,-1.9696969696969695,3.1653,3.3425,2,"(209, 229, 240)",56,17
5618,5618,0.393939393939394,-1.9090909090909087,3.1653,3.3425,2,"(209, 229, 240)",56,18
5619,5619,0.393939393939394,-1.8484848484848484,3.1653,3.3425,2,"(209, 229, 240)",56,19
5620,5620,0.393939393939394,-1.7878787878787878,3.1653,3.3425,2,"(209, 229, 240)",56,20
5621,5621,0.393939393939394,-1.7272727272727273,3.1653,3.3425,2,"(209, 229, 240)",56,21
5622,5622,0.393939393939394,-1.6666666666666663,3.1653,3.3425,2,"(209, 229, 240)",56,22
5623,5623,0.393939393939394,-1.606060606060606,3.1653,3.3425,2,"(209, 229, 240)",56,23
5624,5624,0.393939393939394,-1.5454545454545454,3.1653,3.3425,2,"(209, 229, 240)",56,24
5625,5625,0.393939393939394,-1.4848484848484849,3.1653,3.3425,2,"(209, 229, 240)",56,25
5626,5626,0.393939393939394,-1.4242424242424243,3.1653,3.3425,2,"(209, 229, 240)",56,26
5627,5627,0.393939393939394,-1.3636363636363635,3.1653,3.3425,2,"(209, 229, 240)",56,27
5628,5628,0.393939393939394,-1.303030303030303,3.1653,3.3425,2,"(209, 229, 240)",56,28
5629,5629,0.393939393939394,-1.2424242424242424,-3.2367,3.3422,1,"(253, 219, 199)",56,29
5630,5630,0.393939393939394,-1.1818181818181817,3.1653,3.3425,2,"(209, 229, 240)",56,30
5631,5631,0.393939393939394,-1.121212121212121,3.1653,-3.3425,0,"(214, 96, 77)",56,31
5632,5632,0.393939393939394,-1.0606060606060606,3.1653,-3.3425,0,"(214, 96, 77)",56,32
5633,5633,0.393939393939394,-1.0,3.1653,-3.3425,0,"(214, 96, 77)",56,33
5634,5634,0.393939393939394,-0.9393939393939394,3.1653,-3.3425,0,"(214, 96, 77)",56,34
5635,5635,0.393939393939394,-0.8787878787878789,3.1653,-3.3425,0,"(214, 96, 77)",56,35
5636,5636,0.393939393939394,-0.8181818181818183,3.1653,-3.3425,0,"(214, 96, 77)",56,36
5637,5637,0.393939393939394,-0.7575757575757573,3.1653,-3.3425,0,"(214, 96, 77)",56,37
5638,5638,0.393939393939394,-0.6969696969696968,3.1653,-3.3425,0,"(214, 96, 77)",56,38
5639,5639,0.393939393939394,-0.6363636363636362,3.1653,3.3425,2,"(209, 229, 240)",56,39
5640,5640,0.393939393939394,-0.5757575757575757,3.1653,-3.3425,0,"(214, 96, 77)",56,40
5641,5641,0.393939393939394,-0.5151515151515151,-3.2367,-3.3422,3,"(67, 147, 195)",56,41
5642,5642,0.393939393939394,-0.4545454545454546,-3.2367,-3.3422,3,"(67, 147, 195)",56,42
5643,5643,0.393939393939394,-0.393939393939394,-3.2367,-3.3422,3,"(67, 147, 195)",56,43
5644,5644,0.393939393939394,-0.333333333333333,-3.2367,-3.3422,3,"(67, 147, 195)",56,44
5645,5645,0.393939393939394,-0.2727272727272725,-3.2367,-3.3422,3,"(67, 147, 195)",56,45
5646,5646,0.393939393939394,-0.2121212121212119,-3.2367,-3.3422,3,"(67, 147, 195)",56,46
5647,5647,0.393939393939394,-0.1515151515151513,-3.2367,-3.3422,3,"(67, 147, 195)",56,47
5648,5648,0.393939393939394,-0.0909090909090908,-3.2367,-3.3422,3,"(67, 147, 195)",56,48
5649,5649,0.393939393939394,-0.0303030303030302,3.1653,3.3425,2,"(209, 229, 240)",56,49
5650,5650,0.393939393939394,0.0303030303030302,3.1653,-3.3425,0,"(214, 96, 77)",56,50
5651,5651,0.393939393939394,0.0909090909090908,-3.2367,3.3422,1,"(253, 219, 199)",56,51
5652,5652,0.393939393939394,0.1515151515151513,-3.2367,3.3422,1,"(253, 219, 199)",56,52
5653,5653,0.393939393939394,0.2121212121212123,-3.2367,3.3422,1,"(253, 219, 199)",56,53
5654,5654,0.393939393939394,0.2727272727272729,-3.2367,3.3422,1,"(253, 219, 199)",56,54
5655,5655,0.393939393939394,0.3333333333333335,-3.2367,3.3422,1,"(253, 219, 199)",56,55
5656,5656,0.393939393939394,0.393939393939394,-3.2367,3.3422,1,"(253, 219, 199)",56,56
5657,5657,0.393939393939394,0.4545454545454546,-3.2367,3.3422,1,"(253, 219, 199)",56,57
5658,5658,0.393939393939394,0.5151515151515151,-3.2367,3.3422,1,"(253, 219, 199)",56,58
5659,5659,0.393939393939394,0.5757575757575757,3.1653,3.3425,2,"(209, 229, 240)",56,59
5660,5660,0.393939393939394,0.6363636363636367,3.1653,-3.3425,0,"(214, 96, 77)",56,60
5661,5661,0.393939393939394,0.6969696969696972,3.1653,3.3425,2,"(209, 229, 240)",56,61
5662,5662,0.393939393939394,0.7575757575757578,3.1653,3.3425,2,"(209, 229, 240)",56,62
5663,5663,0.393939393939394,0.8181818181818183,3.1653,3.3425,2,"(209, 229, 240)",56,63
5664,5664,0.393939393939394,0.8787878787878789,3.1653,3.3425,2,"(209, 229, 240)",56,64
5665,5665,0.393939393939394,0.9393939393939394,3.1653,3.3425,2,"(209, 229, 240)",56,65
5666,5666,0.393939393939394,1.0,3.1653,3.3425,2,"(209, 229, 240)",56,66
5667,5667,0.393939393939394,1.0606060606060606,3.1653,3.3425,2,"(209, 229, 240)",56,67
5668,5668,0.393939393939394,1.121212121212121,3.1653,3.3425,2,"(209, 229, 240)",56,68
5669,5669,0.393939393939394,1.1818181818181817,3.1653,-3.3425,0,"(214, 96, 77)",56,69
5670,5670,0.393939393939394,1.2424242424242422,-3.2367,-3.3422,3,"(67, 147, 195)",56,70
5671,5671,0.393939393939394,1.3030303030303028,3.1653,-3.3425,0,"(214, 96, 77)",56,71
5672,5672,0.393939393939394,1.363636363636363,3.1653,-3.3425,0,"(214, 96, 77)",56,72
5673,5673,0.393939393939394,1.4242424242424248,3.1653,-3.3425,0,"(214, 96, 77)",56,73
5674,5674,0.393939393939394,1.4848484848484853,3.1653,-3.3425,0,"(214, 96, 77)",56,74
5675,5675,0.393939393939394,1.545454545454546,3.1653,-3.3425,0,"(214, 96, 77)",56,75
5676,5676,0.393939393939394,1.6060606060606064,3.1653,-3.3425,0,"(214, 96, 77)",56,76
5677,5677,0.393939393939394,1.666666666666667,3.1653,-3.3425,0,"(214, 96, 77)",56,77
5678,5678,0.393939393939394,1.7272727272727275,3.1653,-3.3425,0,"(214, 96, 77)",56,78
5679,5679,0.393939393939394,1.787878787878788,3.1653,-3.3425,0,"(214, 96, 77)",56,79
5680,5680,0.393939393939394,1.8484848484848488,3.1653,-3.3425,0,"(214, 96, 77)",56,80
5681,5681,0.393939393939394,1.9090909090909087,3.1653,-3.3425,0,"(214, 96, 77)",56,81
5682,5682,0.393939393939394,1.9696969696969695,3.1653,-3.3425,0,"(214, 96, 77)",56,82
5683,5683,0.393939393939394,2.0303030303030303,3.1653,-3.3425,0,"(214, 96, 77)",56,83
5684,5684,0.393939393939394,2.090909090909091,3.1653,-3.3425,0,"(214, 96, 77)",56,84
5685,5685,0.393939393939394,2.1515151515151514,3.1653,-3.3425,0,"(214, 96, 77)",56,85
5686,5686,0.393939393939394,2.212121212121212,3.1653,-3.3425,0,"(214, 96, 77)",56,86
5687,5687,0.393939393939394,2.2727272727272725,3.1653,-3.3425,0,"(214, 96, 77)",56,87
5688,5688,0.393939393939394,2.333333333333334,3.1653,-3.3425,0,"(214, 96, 77)",56,88
5689,5689,0.393939393939394,2.3939393939393945,3.1653,-3.3425,0,"(214, 96, 77)",56,89
5690,5690,0.393939393939394,2.454545454545455,3.1653,-3.3425,0,"(214, 96, 77)",56,90
5691,5691,0.393939393939394,2.515151515151516,3.1653,-3.3425,0,"(214, 96, 77)",56,91
5692,5692,0.393939393939394,2.575757575757576,3.1653,-3.3425,0,"(214, 96, 77)",56,92
5693,5693,0.393939393939394,2.6363636363636367,3.1653,-3.3425,0,"(214, 96, 77)",56,93
5694,5694,0.393939393939394,2.696969696969697,3.1653,-3.3425,0,"(214, 96, 77)",56,94
5695,5695,0.393939393939394,2.757575757575758,3.1653,-3.3425,0,"(214, 96, 77)",56,95
5696,5696,0.393939393939394,2.8181818181818183,3.1653,-3.3425,0,"(214, 96, 77)",56,96
5697,5697,0.393939393939394,2.878787878787879,3.1653,-3.3425,0,"(214, 96, 77)",56,97
5698,5698,0.393939393939394,2.9393939393939394,3.1653,-3.3425,0,"(214, 96, 77)",56,98
5699,5699,0.393939393939394,3.0,3.1653,-3.3425,0,"(214, 96, 77)",56,99
5700,5700,0.4545454545454546,-3.0,3.1653,3.3425,2,"(209, 229, 240)",57,0
5701,5701,0.4545454545454546,-2.9393939393939394,3.1653,3.3425,2,"(209, 229, 240)",57,1
5702,5702,0.4545454545454546,-2.878787878787879,3.1653,3.3425,2,"(209, 229, 240)",57,2
5703,5703,0.4545454545454546,-2.8181818181818183,3.1653,3.3425,2,"(209, 229, 240)",57,3
5704,5704,0.4545454545454546,-2.757575757575758,3.1653,3.3425,2,"(209, 229, 240)",57,4
5705,5705,0.4545454545454546,-2.696969696969697,3.1653,3.3425,2,"(209, 229, 240)",57,5
5706,5706,0.4545454545454546,-2.636363636363636,3.1653,3.3425,2,"(209, 229, 240)",57,6
5707,5707,0.4545454545454546,-2.575757575757576,3.1653,3.3425,2,"(209, 229, 240)",57,7
5708,5708,0.4545454545454546,-2.515151515151515,3.1653,3.3425,2,"(209, 229, 240)",57,8
5709,5709,0.4545454545454546,-2.4545454545454546,3.1653,3.3425,2,"(209, 229, 240)",57,9
5710,5710,0.4545454545454546,-2.393939393939394,3.1653,3.3425,2,"(209, 229, 240)",57,10
5711,5711,0.4545454545454546,-2.333333333333333,3.1653,3.3425,2,"(209, 229, 240)",57,11
5712,5712,0.4545454545454546,-2.2727272727272725,3.1653,3.3425,2,"(209, 229, 240)",57,12
5713,5713,0.4545454545454546,-2.212121212121212,3.1653,3.3425,2,"(209, 229, 240)",57,13
5714,5714,0.4545454545454546,-2.1515151515151514,3.1653,3.3425,2,"(209, 229, 240)",57,14
5715,5715,0.4545454545454546,-2.090909090909091,3.1653,3.3425,2,"(209, 229, 240)",57,15
5716,5716,0.4545454545454546,-2.0303030303030303,3.1653,3.3425,2,"(209, 229, 240)",57,16
5717,5717,0.4545454545454546,-1.9696969696969695,3.1653,3.3425,2,"(209, 229, 240)",57,17
5718,5718,0.4545454545454546,-1.9090909090909087,3.1653,3.3425,2,"(209, 229, 240)",57,18
5719,5719,0.4545454545454546,-1.8484848484848484,3.1653,3.3425,2,"(209, 229, 240)",57,19
5720,5720,0.4545454545454546,-1.7878787878787878,3.1653,3.3425,2,"(209, 229, 240)",57,20
5721,5721,0.4545454545454546,-1.7272727272727273,3.1653,3.3425,2,"(209, 229, 240)",57,21
5722,5722,0.4545454545454546,-1.6666666666666663,3.1653,3.3425,2,"(209, 229, 240)",57,22
5723,5723,0.4545454545454546,-1.606060606060606,3.1653,3.3425,2,"(209, 229, 240)",57,23
5724,5724,0.4545454545454546,-1.5454545454545454,3.1653,3.3425,2,"(209, 229, 240)",57,24
5725,5725,0.4545454545454546,-1.4848484848484849,3.1653,3.3425,2,"(209, 229, 240)",57,25
5726,5726,0.4545454545454546,-1.4242424242424243,3.1653,3.3425,2,"(209, 229, 240)",57,26
5727,5727,0.4545454545454546,-1.3636363636363635,3.1653,-3.3425,0,"(214, 96, 77)",57,27
5728,5728,0.4545454545454546,-1.303030303030303,-3.2367,3.3422,1,"(253, 219, 199)",57,28
5729,5729,0.4545454545454546,-1.2424242424242424,-3.2367,-3.3422,3,"(67, 147, 195)",57,29
5730,5730,0.4545454545454546,-1.1818181818181817,3.1653,-3.3425,0,"(214, 96, 77)",57,30
5731,5731,0.4545454545454546,-1.121212121212121,3.1653,-3.3425,0,"(214, 96, 77)",57,31
5732,5732,0.4545454545454546,-1.0606060606060606,3.1653,-3.3425,0,"(214, 96, 77)",57,32
5733,5733,0.4545454545454546,-1.0,3.1653,-3.3425,0,"(214, 96, 77)",57,33
5734,5734,0.4545454545454546,-0.9393939393939394,3.1653,-3.3425,0,"(214, 96, 77)",57,34
5735,5735,0.4545454545454546,-0.8787878787878789,3.1653,-3.3425,0,"(214, 96, 77)",57,35
5736,5736,0.4545454545454546,-0.8181818181818183,3.1653,-3.3425,0,"(214, 96, 77)",57,36
5737,5737,0.4545454545454546,-0.7575757575757573,3.1653,-3.3425,0,"(214, 96, 77)",57,37
5738,5738,0.4545454545454546,-0.6969696969696968,3.1653,-3.3425,0,"(214, 96, 77)",57,38
5739,5739,0.4545454545454546,-0.6363636363636362,3.1653,-3.3425,0,"(214, 96, 77)",57,39
5740,5740,0.4545454545454546,-0.5757575757575757,-3.2367,-3.3422,3,"(67, 147, 195)",57,40
5741,5741,0.4545454545454546,-0.5151515151515151,-3.2367,-3.3422,3,"(67, 147, 195)",57,41
5742,5742,0.4545454545454546,-0.4545454545454546,-3.2367,-3.3422,3,"(67, 147, 195)",57,42
5743,5743,0.4545454545454546,-0.393939393939394,-3.2367,-3.3422,3,"(67, 147, 195)",57,43
5744,5744,0.4545454545454546,-0.333333333333333,-3.2367,-3.3422,3,"(67, 147, 195)",57,44
5745,5745,0.4545454545454546,-0.2727272727272725,-3.2367,-3.3422,3,"(67, 147, 195)",57,45
5746,5746,0.4545454545454546,-0.2121212121212119,-3.2367,-3.3422,3,"(67, 147, 195)",57,46
5747,5747,0.4545454545454546,-0.1515151515151513,-3.2367,-3.3422,3,"(67, 147, 195)",57,47
5748,5748,0.4545454545454546,-0.0909090909090908,-3.2367,-3.3422,3,"(67, 147, 195)",57,48
5749,5749,0.4545454545454546,-0.0303030303030302,-3.2367,-3.3422,3,"(67, 147, 195)",57,49
5750,5750,0.4545454545454546,0.0303030303030302,-3.2367,3.3422,1,"(253, 219, 199)",57,50
5751,5751,0.4545454545454546,0.0909090909090908,-3.2367,3.3422,1,"(253, 219, 199)",57,51
5752,5752,0.4545454545454546,0.1515151515151513,-3.2367,3.3422,1,"(253, 219, 199)",57,52
5753,5753,0.4545454545454546,0.2121212121212123,-3.2367,3.3422,1,"(253, 219, 199)",57,53
5754,5754,0.4545454545454546,0.2727272727272729,-3.2367,3.3422,1,"(253, 219, 199)",57,54
5755,5755,0.4545454545454546,0.3333333333333335,-3.2367,3.3422,1,"(253, 219, 199)",57,55
5756,5756,0.4545454545454546,0.393939393939394,-3.2367,3.3422,1,"(253, 219, 199)",57,56
5757,5757,0.4545454545454546,0.4545454545454546,-3.2367,3.3422,1,"(253, 219, 199)",57,57
5758,5758,0.4545454545454546,0.5151515151515151,-3.2367,3.3422,1,"(253, 219, 199)",57,58
5759,5759,0.4545454545454546,0.5757575757575757,-3.2367,3.3422,1,"(253, 219, 199)",57,59
5760,5760,0.4545454545454546,0.6363636363636367,3.1653,3.3425,2,"(209, 229, 240)",57,60
5761,5761,0.4545454545454546,0.6969696969696972,3.1653,3.3425,2,"(209, 229, 240)",57,61
5762,5762,0.4545454545454546,0.7575757575757578,3.1653,3.3425,2,"(209, 229, 240)",57,62
5763,5763,0.4545454545454546,0.8181818181818183,3.1653,3.3425,2,"(209, 229, 240)",57,63
5764,5764,0.4545454545454546,0.8787878787878789,3.1653,3.3425,2,"(209, 229, 240)",57,64
5765,5765,0.4545454545454546,0.9393939393939394,3.1653,3.3425,2,"(209, 229, 240)",57,65
5766,5766,0.4545454545454546,1.0,3.1653,3.3425,2,"(209, 229, 240)",57,66
5767,5767,0.4545454545454546,1.0606060606060606,3.1653,3.3425,2,"(209, 229, 240)",57,67
5768,5768,0.4545454545454546,1.121212121212121,3.1653,3.3425,2,"(209, 229, 240)",57,68
5769,5769,0.4545454545454546,1.1818181818181817,3.1653,3.3425,2,"(209, 229, 240)",57,69
5770,5770,0.4545454545454546,1.2424242424242422,-3.2367,3.3422,1,"(253, 219, 199)",57,70
5771,5771,0.4545454545454546,1.3030303030303028,-3.2367,-3.3422,3,"(67, 147, 195)",57,71
5772,5772,0.4545454545454546,1.363636363636363,3.1653,3.3425,2,"(209, 229, 240)",57,72
5773,5773,0.4545454545454546,1.4242424242424248,3.1653,-3.3425,0,"(214, 96, 77)",57,73
5774,5774,0.4545454545454546,1.4848484848484853,3.1653,-3.3425,0,"(214, 96, 77)",57,74
5775,5775,0.4545454545454546,1.545454545454546,3.1653,-3.3425,0,"(214, 96, 77)",57,75
5776,5776,0.4545454545454546,1.6060606060606064,3.1653,-3.3425,0,"(214, 96, 77)",57,76
5777,5777,0.4545454545454546,1.666666666666667,3.1653,-3.3425,0,"(214, 96, 77)",57,77
5778,5778,0.4545454545454546,1.7272727272727275,3.1653,-3.3425,0,"(214, 96, 77)",57,78
5779,5779,0.4545454545454546,1.787878787878788,3.1653,-3.3425,0,"(214, 96, 77)",57,79
5780,5780,0.4545454545454546,1.8484848484848488,3.1653,-3.3425,0,"(214, 96, 77)",57,80
5781,5781,0.4545454545454546,1.9090909090909087,3.1653,-3.3425,0,"(214, 96, 77)",57,81
5782,5782,0.4545454545454546,1.9696969696969695,3.1653,-3.3425,0,"(214, 96, 77)",57,82
5783,5783,0.4545454545454546,2.0303030303030303,3.1653,-3.3425,0,"(214, 96, 77)",57,83
5784,5784,0.4545454545454546,2.090909090909091,3.1653,-3.3425,0,"(214, 96, 77)",57,84
5785,5785,0.4545454545454546,2.1515151515151514,3.1653,-3.3425,0,"(214, 96, 77)",57,85
5786,5786,0.4545454545454546,2.212121212121212,3.1653,-3.3425,0,"(214, 96, 77)",57,86
5787,5787,0.4545454545454546,2.2727272727272725,3.1653,-3.3425,0,"(214, 96, 77)",57,87
5788,5788,0.4545454545454546,2.333333333333334,3.1653,-3.3425,0,"(214, 96, 77)",57,88
5789,5789,0.4545454545454546,2.3939393939393945,3.1653,-3.3425,0,"(214, 96, 77)",57,89
5790,5790,0.4545454545454546,2.454545454545455,3.1653,-3.3425,0,"(214, 96, 77)",57,90
5791,5791,0.4545454545454546,2.515151515151516,3.1653,-3.3425,0,"(214, 96, 77)",57,91
5792,5792,0.4545454545454546,2.575757575757576,3.1653,-3.3425,0,"(214, 96, 77)",57,92
5793,5793,0.4545454545454546,2.6363636363636367,3.1653,-3.3425,0,"(214, 96, 77)",57,93
5794,5794,0.4545454545454546,2.696969696969697,3.1653,-3.3425,0,"(214, 96, 77)",57,94
5795,5795,0.4545454545454546,2.757575757575758,3.1653,-3.3425,0,"(214, 96, 77)",57,95
5796,5796,0.4545454545454546,2.8181818181818183,3.1653,-3.3425,0,"(214, 96, 77)",57,96
5797,5797,0.4545454545454546,2.878787878787879,3.1653,-3.3425,0,"(214, 96, 77)",57,97
5798,5798,0.4545454545454546,2.9393939393939394,3.1653,-3.3425,0,"(214, 96, 77)",57,98
5799,5799,0.4545454545454546,3.0,3.1653,-3.3425,0,"(214, 96, 77)",57,99
5800,5800,0.5151515151515151,-3.0,3.1653,3.3425,2,"(209, 229, 240)",58,0
5801,5801,0.5151515151515151,-2.9393939393939394,3.1653,3.3425,2,"(209, 229, 240)",58,1
5802,5802,0.5151515151515151,-2.878787878787879,3.1653,3.3425,2,"(209, 229, 240)",58,2
5803,5803,0.5151515151515151,-2.8181818181818183,3.1653,3.3425,2,"(209, 229, 240)",58,3
5804,5804,0.5151515151515151,-2.757575757575758,3.1653,3.3425,2,"(209, 229, 240)",58,4
5805,5805,0.5151515151515151,-2.696969696969697,3.1653,3.3425,2,"(209, 229, 240)",58,5
5806,5806,0.5151515151515151,-2.636363636363636,3.1653,3.3425,2,"(209, 229, 240)",58,6
5807,5807,0.5151515151515151,-2.575757575757576,3.1653,3.3425,2,"(209, 229, 240)",58,7
5808,5808,0.5151515151515151,-2.515151515151515,3.1653,3.3425,2,"(209, 229, 240)",58,8
5809,5809,0.5151515151515151,-2.4545454545454546,3.1653,3.3425,2,"(209, 229, 240)",58,9
5810,5810,0.5151515151515151,-2.393939393939394,3.1653,3.3425,2,"(209, 229, 240)",58,10
5811,5811,0.5151515151515151,-2.333333333333333,3.1653,3.3425,2,"(209, 229, 240)",58,11
5812,5812,0.5151515151515151,-2.2727272727272725,3.1653,3.3425,2,"(209, 229, 240)",58,12
5813,5813,0.5151515151515151,-2.212121212121212,3.1653,3.3425,2,"(209, 229, 240)",58,13
5814,5814,0.5151515151515151,-2.1515151515151514,3.1653,3.3425,2,"(209, 229, 240)",58,14
5815,5815,0.5151515151515151,-2.090909090909091,3.1653,3.3425,2,"(209, 229, 240)",58,15
5816,5816,0.5151515151515151,-2.0303030303030303,3.1653,3.3425,2,"(209, 229, 240)",58,16
5817,5817,0.5151515151515151,-1.9696969696969695,3.1653,3.3425,2,"(209, 229, 240)",58,17
5818,5818,0.5151515151515151,-1.9090909090909087,3.1653,3.3425,2,"(209, 229, 240)",58,18
5819,5819,0.5151515151515151,-1.8484848484848484,3.1653,3.3425,2,"(209, 229, 240)",58,19
5820,5820,0.5151515151515151,-1.7878787878787878,3.1653,3.3425,2,"(209, 229, 240)",58,20
5821,5821,0.5151515151515151,-1.7272727272727273,3.1653,3.3425,2,"(209, 229, 240)",58,21
5822,5822,0.5151515151515151,-1.6666666666666663,3.1653,3.3425,2,"(209, 229, 240)",58,22
5823,5823,0.5151515151515151,-1.606060606060606,3.1653,3.3425,2,"(209, 229, 240)",58,23
5824,5824,0.5151515151515151,-1.5454545454545454,3.1653,3.3425,2,"(209, 229, 240)",58,24
5825,5825,0.5151515151515151,-1.4848484848484849,3.1653,3.3425,2,"(209, 229, 240)",58,25
5826,5826,0.5151515151515151,-1.4242424242424243,-3.2367,-3.3422,3,"(67, 147, 195)",58,26
5827,5827,0.5151515151515151,-1.3636363636363635,-3.2367,-3.3422,3,"(67, 147, 195)",58,27
5828,5828,0.5151515151515151,-1.303030303030303,-3.2367,-3.3422,3,"(67, 147, 195)",58,28
5829,5829,0.5151515151515151,-1.2424242424242424,3.1653,-3.3425,0,"(214, 96, 77)",58,29
5830,5830,0.5151515151515151,-1.1818181818181817,3.1653,-3.3425,0,"(214, 96, 77)",58,30
5831,5831,0.5151515151515151,-1.121212121212121,3.1653,-3.3425,0,"(214, 96, 77)",58,31
5832,5832,0.5151515151515151,-1.0606060606060606,3.1653,-3.3425,0,"(214, 96, 77)",58,32
5833,5833,0.5151515151515151,-1.0,3.1653,-3.3425,0,"(214, 96, 77)",58,33
5834,5834,0.5151515151515151,-0.9393939393939394,3.1653,-3.3425,0,"(214, 96, 77)",58,34
5835,5835,0.5151515151515151,-0.8787878787878789,3.1653,-3.3425,0,"(214, 96, 77)",58,35
5836,5836,0.5151515151515151,-0.8181818181818183,3.1653,-3.3425,0,"(214, 96, 77)",58,36
5837,5837,0.5151515151515151,-0.7575757575757573,3.1653,-3.3425,0,"(214, 96, 77)",58,37
5838,5838,0.5151515151515151,-0.6969696969696968,3.1653,-3.3425,0,"(214, 96, 77)",58,38
5839,5839,0.5151515151515151,-0.6363636363636362,-3.2367,3.3422,1,"(253, 219, 199)",58,39
5840,5840,0.5151515151515151,-0.5757575757575757,-3.2367,-3.3422,3,"(67, 147, 195)",58,40
5841,5841,0.5151515151515151,-0.5151515151515151,-3.2367,-3.3422,3,"(67, 147, 195)",58,41
5842,5842,0.5151515151515151,-0.4545454545454546,-3.2367,-3.3422,3,"(67, 147, 195)",58,42
5843,5843,0.5151515151515151,-0.393939393939394,-3.2367,-3.3422,3,"(67, 147, 195)",58,43
5844,5844,0.5151515151515151,-0.333333333333333,-3.2367,-3.3422,3,"(67, 147, 195)",58,44
5845,5845,0.5151515151515151,-0.2727272727272725,-3.2367,-3.3422,3,"(67, 147, 195)",58,45
5846,5846,0.5151515151515151,-0.2121212121212119,-3.2367,-3.3422,3,"(67, 147, 195)",58,46
5847,5847,0.5151515151515151,-0.1515151515151513,-3.2367,-3.3422,3,"(67, 147, 195)",58,47
5848,5848,0.5151515151515151,-0.0909090909090908,-3.2367,-3.3422,3,"(67, 147, 195)",58,48
5849,5849,0.5151515151515151,-0.0303030303030302,3.1653,-3.3425,0,"(214, 96, 77)",58,49
5850,5850,0.5151515151515151,0.0303030303030302,3.1653,3.3425,2,"(209, 229, 240)",58,50
5851,5851,0.5151515151515151,0.0909090909090908,-3.2367,3.3422,1,"(253, 219, 199)",58,51
5852,5852,0.5151515151515151,0.1515151515151513,-3.2367,3.3422,1,"(253, 219, 199)",58,52
5853,5853,0.5151515151515151,0.2121212121212123,-3.2367,3.3422,1,"(253, 219, 199)",58,53
5854,5854,0.5151515151515151,0.2727272727272729,-3.2367,3.3422,1,"(253, 219, 199)",58,54
5855,5855,0.5151515151515151,0.3333333333333335,-3.2367,3.3422,1,"(253, 219, 199)",58,55
5856,5856,0.5151515151515151,0.393939393939394,-3.2367,3.3422,1,"(253, 219, 199)",58,56
5857,5857,0.5151515151515151,0.4545454545454546,-3.2367,3.3422,1,"(253, 219, 199)",58,57
5858,5858,0.5151515151515151,0.5151515151515151,-3.2367,3.3422,1,"(253, 219, 199)",58,58
5859,5859,0.5151515151515151,0.5757575757575757,-3.2367,3.3422,1,"(253, 219, 199)",58,59
5860,5860,0.5151515151515151,0.6363636363636367,-3.2367,-3.3422,3,"(67, 147, 195)",58,60
5861,5861,0.5151515151515151,0.6969696969696972,3.1653,3.3425,2,"(209, 229, 240)",58,61
5862,5862,0.5151515151515151,0.7575757575757578,3.1653,3.3425,2,"(209, 229, 240)",58,62
5863,5863,0.5151515151515151,0.8181818181818183,3.1653,3.3425,2,"(209, 229, 240)",58,63
5864,5864,0.5151515151515151,0.8787878787878789,3.1653,3.3425,2,"(209, 229, 240)",58,64
5865,5865,0.5151515151515151,0.9393939393939394,3.1653,3.3425,2,"(209, 229, 240)",58,65
5866,5866,0.5151515151515151,1.0,3.1653,3.3425,2,"(209, 229, 240)",58,66
5867,5867,0.5151515151515151,1.0606060606060606,3.1653,3.3425,2,"(209, 229, 240)",58,67
5868,5868,0.5151515151515151,1.121212121212121,3.1653,3.3425,2,"(209, 229, 240)",58,68
5869,5869,0.5151515151515151,1.1818181818181817,3.1653,3.3425,2,"(209, 229, 240)",58,69
5870,5870,0.5151515151515151,1.2424242424242422,3.1653,3.3425,2,"(209, 229, 240)",58,70
5871,5871,0.5151515151515151,1.3030303030303028,-3.2367,3.3422,1,"(253, 219, 199)",58,71
5872,5872,0.5151515151515151,1.363636363636363,-3.2367,3.3422,1,"(253, 219, 199)",58,72
5873,5873,0.5151515151515151,1.4242424242424248,-3.2367,3.3422,1,"(253, 219, 199)",58,73
5874,5874,0.5151515151515151,1.4848484848484853,3.1653,-3.3425,0,"(214, 96, 77)",58,74
5875,5875,0.5151515151515151,1.545454545454546,3.1653,-3.3425,0,"(214, 96, 77)",58,75
5876,5876,0.5151515151515151,1.6060606060606064,3.1653,-3.3425,0,"(214, 96, 77)",58,76
5877,5877,0.5151515151515151,1.666666666666667,3.1653,-3.3425,0,"(214, 96, 77)",58,77
5878,5878,0.5151515151515151,1.7272727272727275,3.1653,-3.3425,0,"(214, 96, 77)",58,78
5879,5879,0.5151515151515151,1.787878787878788,3.1653,-3.3425,0,"(214, 96, 77)",58,79
5880,5880,0.5151515151515151,1.8484848484848488,3.1653,-3.3425,0,"(214, 96, 77)",58,80
5881,5881,0.5151515151515151,1.9090909090909087,3.1653,-3.3425,0,"(214, 96, 77)",58,81
5882,5882,0.5151515151515151,1.9696969696969695,3.1653,-3.3425,0,"(214, 96, 77)",58,82
5883,5883,0.5151515151515151,2.0303030303030303,3.1653,-3.3425,0,"(214, 96, 77)",58,83
5884,5884,0.5151515151515151,2.090909090909091,3.1653,-3.3425,0,"(214, 96, 77)",58,84
5885,5885,0.5151515151515151,2.1515151515151514,3.1653,-3.3425,0,"(214, 96, 77)",58,85
5886,5886,0.5151515151515151,2.212121212121212,3.1653,-3.3425,0,"(214, 96, 77)",58,86
5887,5887,0.5151515151515151,2.2727272727272725,3.1653,-3.3425,0,"(214, 96, 77)",58,87
5888,5888,0.5151515151515151,2.333333333333334,3.1653,-3.3425,0,"(214, 96, 77)",58,88
5889,5889,0.5151515151515151,2.3939393939393945,3.1653,-3.3425,0,"(214, 96, 77)",58,89
5890,5890,0.5151515151515151,2.454545454545455,3.1653,-3.3425,0,"(214, 96, 77)",58,90
5891,5891,0.5151515151515151,2.515151515151516,3.1653,-3.3425,0,"(214, 96, 77)",58,91
5892,5892,0.5151515151515151,2.575757575757576,3.1653,-3.3425,0,"(214, 96, 77)",58,92
5893,5893,0.5151515151515151,2.6363636363636367,3.1653,-3.3425,0,"(214, 96, 77)",58,93
5894,5894,0.5151515151515151,2.696969696969697,3.1653,-3.3425,0,"(214, 96, 77)",58,94
5895,5895,0.5151515151515151,2.757575757575758,3.1653,-3.3425,0,"(214, 96, 77)",58,95
5896,5896,0.5151515151515151,2.8181818181818183,3.1653,-3.3425,0,"(214, 96, 77)",58,96
5897,5897,0.5151515151515151,2.878787878787879,3.1653,-3.3425,0,"(214, 96, 77)",58,97
5898,5898,0.5151515151515151,2.9393939393939394,3.1653,-3.3425,0,"(214, 96, 77)",58,98
5899,5899,0.5151515151515151,3.0,3.1653,-3.3425,0,"(214, 96, 77)",58,99
5900,5900,0.5757575757575757,-3.0,-3.2367,3.3422,1,"(253, 219, 199)",59,0
5901,5901,0.5757575757575757,-2.9393939393939394,3.1653,3.3425,2,"(209, 229, 240)",59,1
5902,5902,0.5757575757575757,-2.878787878787879,3.1653,3.3425,2,"(209, 229, 240)",59,2
5903,5903,0.5757575757575757,-2.8181818181818183,3.1653,3.3425,2,"(209, 229, 240)",59,3
5904,5904,0.5757575757575757,-2.757575757575758,3.1653,3.3425,2,"(209, 229, 240)",59,4
5905,5905,0.5757575757575757,-2.696969696969697,3.1653,3.3425,2,"(209, 229, 240)",59,5
5906,5906,0.5757575757575757,-2.636363636363636,3.1653,3.3425,2,"(209, 229, 240)",59,6
5907,5907,0.5757575757575757,-2.575757575757576,3.1653,3.3425,2,"(209, 229, 240)",59,7
5908,5908,0.5757575757575757,-2.515151515151515,3.1653,3.3425,2,"(209, 229, 240)",59,8
5909,5909,0.5757575757575757,-2.4545454545454546,3.1653,3.3425,2,"(209, 229, 240)",59,9
5910,5910,0.5757575757575757,-2.393939393939394,3.1653,3.3425,2,"(209, 229, 240)",59,10
5911,5911,0.5757575757575757,-2.333333333333333,3.1653,3.3425,2,"(209, 229, 240)",59,11
5912,5912,0.5757575757575757,-2.2727272727272725,3.1653,3.3425,2,"(209, 229, 240)",59,12
5913,5913,0.5757575757575757,-2.212121212121212,3.1653,3.3425,2,"(209, 229, 240)",59,13
5914,5914,0.5757575757575757,-2.1515151515151514,3.1653,3.3425,2,"(209, 229, 240)",59,14
5915,5915,0.5757575757575757,-2.090909090909091,3.1653,3.3425,2,"(209, 229, 240)",59,15
5916,5916,0.5757575757575757,-2.0303030303030303,3.1653,3.3425,2,"(209, 229, 240)",59,16
5917,5917,0.5757575757575757,-1.9696969696969695,3.1653,3.3425,2,"(209, 229, 240)",59,17
5918,5918,0.5757575757575757,-1.9090909090909087,3.1653,3.3425,2,"(209, 229, 240)",59,18
5919,5919,0.5757575757575757,-1.8484848484848484,3.1653,3.3425,2,"(209, 229, 240)",59,19
5920,5920,0.5757575757575757,-1.7878787878787878,3.1653,3.3425,2,"(209, 229, 240)",59,20
5921,5921,0.5757575757575757,-1.7272727272727273,3.1653,3.3425,2,"(209, 229, 240)",59,21
5922,5922,0.5757575757575757,-1.6666666666666663,3.1653,3.3425,2,"(209, 229, 240)",59,22
5923,5923,0.5757575757575757,-1.606060606060606,3.1653,3.3425,2,"(209, 229, 240)",59,23
5924,5924,0.5757575757575757,-1.5454545454545454,-3.2367,-3.3422,3,"(67, 147, 195)",59,24
5925,5925,0.5757575757575757,-1.4848484848484849,-3.2367,3.3422,1,"(253, 219, 199)",59,25
5926,5926,0.5757575757575757,-1.4242424242424243,-3.2367,-3.3422,3,"(67, 147, 195)",59,26
5927,5927,0.5757575757575757,-1.3636363636363635,3.1653,3.3425,2,"(209, 229, 240)",59,27
5928,5928,0.5757575757575757,-1.303030303030303,3.1653,-3.3425,0,"(214, 96, 77)",59,28
5929,5929,0.5757575757575757,-1.2424242424242424,3.1653,-3.3425,0,"(214, 96, 77)",59,29
5930,5930,0.5757575757575757,-1.1818181818181817,3.1653,-3.3425,0,"(214, 96, 77)",59,30
5931,5931,0.5757575757575757,-1.121212121212121,3.1653,-3.3425,0,"(214, 96, 77)",59,31
5932,5932,0.5757575757575757,-1.0606060606060606,3.1653,-3.3425,0,"(214, 96, 77)",59,32
5933,5933,0.5757575757575757,-1.0,3.1653,-3.3425,0,"(214, 96, 77)",59,33
5934,5934,0.5757575757575757,-0.9393939393939394,3.1653,-3.3425,0,"(214, 96, 77)",59,34
5935,5935,0.5757575757575757,-0.8787878787878789,3.1653,-3.3425,0,"(214, 96, 77)",59,35
5936,5936,0.5757575757575757,-0.8181818181818183,3.1653,-3.3425,0,"(214, 96, 77)",59,36
5937,5937,0.5757575757575757,-0.7575757575757573,3.1653,-3.3425,0,"(214, 96, 77)",59,37
5938,5938,0.5757575757575757,-0.6969696969696968,-3.2367,-3.3422,3,"(67, 147, 195)",59,38
5939,5939,0.5757575757575757,-0.6363636363636362,-3.2367,-3.3422,3,"(67, 147, 195)",59,39
5940,5940,0.5757575757575757,-0.5757575757575757,-3.2367,-3.3422,3,"(67, 147, 195)",59,40
5941,5941,0.5757575757575757,-0.5151515151515151,-3.2367,-3.3422,3,"(67, 147, 195)",59,41
5942,5942,0.5757575757575757,-0.4545454545454546,-3.2367,-3.3422,3,"(67, 147, 195)",59,42
5943,5943,0.5757575757575757,-0.393939393939394,-3.2367,-3.3422,3,"(67, 147, 195)",59,43
5944,5944,0.5757575757575757,-0.333333333333333,-3.2367,-3.3422,3,"(67, 147, 195)",59,44
5945,5945,0.5757575757575757,-0.2727272727272725,-3.2367,-3.3422,3,"(67, 147, 195)",59,45
5946,5946,0.5757575757575757,-0.2121212121212119,-3.2367,-3.3422,3,"(67, 147, 195)",59,46
5947,5947,0.5757575757575757,-0.1515151515151513,-3.2367,-3.3422,3,"(67, 147, 195)",59,47
5948,5948,0.5757575757575757,-0.0909090909090908,-3.2367,-3.3422,3,"(67, 147, 195)",59,48
5949,5949,0.5757575757575757,-0.0303030303030302,-3.2367,-3.3422,3,"(67, 147, 195)",59,49
5950,5950,0.5757575757575757,0.0303030303030302,-3.2367,3.3422,1,"(253, 219, 199)",59,50
5951,5951,0.5757575757575757,0.0909090909090908,-3.2367,3.3422,1,"(253, 219, 199)",59,51
5952,5952,0.5757575757575757,0.1515151515151513,-3.2367,3.3422,1,"(253, 219, 199)",59,52
5953,5953,0.5757575757575757,0.2121212121212123,-3.2367,3.3422,1,"(253, 219, 199)",59,53
5954,5954,0.5757575757575757,0.2727272727272729,-3.2367,3.3422,1,"(253, 219, 199)",59,54
5955,5955,0.5757575757575757,0.3333333333333335,-3.2367,3.3422,1,"(253, 219, 199)",59,55
5956,5956,0.5757575757575757,0.393939393939394,-3.2367,3.3422,1,"(253, 219, 199)",59,56
5957,5957,0.5757575757575757,0.4545454545454546,-3.2367,3.3422,1,"(253, 219, 199)",59,57
5958,5958,0.5757575757575757,0.5151515151515151,-3.2367,3.3422,1,"(253, 219, 199)",59,58
5959,5959,0.5757575757575757,0.5757575757575757,-3.2367,3.3422,1,"(253, 219, 199)",59,59
5960,5960,0.5757575757575757,0.6363636363636367,-3.2367,3.3422,1,"(253, 219, 199)",59,60
5961,5961,0.5757575757575757,0.6969696969696972,-3.2367,3.3422,1,"(253, 219, 199)",59,61
5962,5962,0.5757575757575757,0.7575757575757578,3.1653,3.3425,2,"(209, 229, 240)",59,62
5963,5963,0.5757575757575757,0.8181818181818183,3.1653,3.3425,2,"(209, 229, 240)",59,63
5964,5964,0.5757575757575757,0.8787878787878789,3.1653,3.3425,2,"(209, 229, 240)",59,64
5965,5965,0.5757575757575757,0.9393939393939394,3.1653,3.3425,2,"(209, 229, 240)",59,65
5966,5966,0.5757575757575757,1.0,3.1653,3.3425,2,"(209, 229, 240)",59,66
5967,5967,0.5757575757575757,1.0606060606060606,3.1653,3.3425,2,"(209, 229, 240)",59,67
5968,5968,0.5757575757575757,1.121212121212121,3.1653,3.3425,2,"(209, 229, 240)",59,68
5969,5969,0.5757575757575757,1.1818181818181817,3.1653,3.3425,2,"(209, 229, 240)",59,69
5970,5970,0.5757575757575757,1.2424242424242422,3.1653,3.3425,2,"(209, 229, 240)",59,70
5971,5971,0.5757575757575757,1.3030303030303028,3.1653,3.3425,2,"(209, 229, 240)",59,71
5972,5972,0.5757575757575757,1.363636363636363,3.1653,-3.3425,0,"(214, 96, 77)",59,72
5973,5973,0.5757575757575757,1.4242424242424248,-3.2367,3.3422,1,"(253, 219, 199)",59,73
5974,5974,0.5757575757575757,1.4848484848484853,-3.2367,-3.3422,3,"(67, 147, 195)",59,74
5975,5975,0.5757575757575757,1.545454545454546,-3.2367,3.3422,1,"(253, 219, 199)",59,75
5976,5976,0.5757575757575757,1.6060606060606064,3.1653,-3.3425,0,"(214, 96, 77)",59,76
5977,5977,0.5757575757575757,1.666666666666667,3.1653,-3.3425,0,"(214, 96, 77)",59,77
5978,5978,0.5757575757575757,1.7272727272727275,3.1653,-3.3425,0,"(214, 96, 77)",59,78
5979,5979,0.5757575757575757,1.787878787878788,3.1653,-3.3425,0,"(214, 96, 77)",59,79
5980,5980,0.5757575757575757,1.8484848484848488,3.1653,-3.3425,0,"(214, 96, 77)",59,80
5981,5981,0.5757575757575757,1.9090909090909087,3.1653,-3.3425,0,"(214, 96, 77)",59,81
5982,5982,0.5757575757575757,1.9696969696969695,3.1653,-3.3425,0,"(214, 96, 77)",59,82
5983,5983,0.5757575757575757,2.0303030303030303,3.1653,-3.3425,0,"(214, 96, 77)",59,83
5984,5984,0.5757575757575757,2.090909090909091,3.1653,-3.3425,0,"(214, 96, 77)",59,84
5985,5985,0.5757575757575757,2.1515151515151514,3.1653,-3.3425,0,"(214, 96, 77)",59,85
5986,5986,0.5757575757575757,2.212121212121212,3.1653,-3.3425,0,"(214, 96, 77)",59,86
5987,5987,0.5757575757575757,2.2727272727272725,3.1653,-3.3425,0,"(214, 96, 77)",59,87
5988,5988,0.5757575757575757,2.333333333333334,3.1653,-3.3425,0,"(214, 96, 77)",59,88
5989,5989,0.5757575757575757,2.3939393939393945,3.1653,-3.3425,0,"(214, 96, 77)",59,89
5990,5990,0.5757575757575757,2.454545454545455,3.1653,-3.3425,0,"(214, 96, 77)",59,90
5991,5991,0.5757575757575757,2.515151515151516,3.1653,-3.3425,0,"(214, 96, 77)",59,91
5992,5992,0.5757575757575757,2.575757575757576,3.1653,-3.3425,0,"(214, 96, 77)",59,92
5993,5993,0.5757575757575757,2.6363636363636367,3.1653,-3.3425,0,"(214, 96, 77)",59,93
5994,5994,0.5757575757575757,2.696969696969697,3.1653,-3.3425,0,"(214, 96, 77)",59,94
5995,5995,0.5757575757575757,2.757575757575758,3.1653,-3.3425,0,"(214, 96, 77)",59,95
5996,5996,0.5757575757575757,2.8181818181818183,3.1653,-3.3425,0,"(214, 96, 77)",59,96
5997,5997,0.5757575757575757,2.878787878787879,3.1653,-3.3425,0,"(214, 96, 77)",59,97
5998,5998,0.5757575757575757,2.9393939393939394,3.1653,-3.3425,0,"(214, 96, 77)",59,98
5999,5999,0.5757575757575757,3.0,-3.2367,-3.3422,3,"(67, 147, 195)",59,99
6000,6000,0.6363636363636367,-3.0,3.1653,-3.3425,0,"(214, 96, 77)",60,0
6001,6001,0.6363636363636367,-2.9393939393939394,3.1653,3.3425,2,"(209, 229, 240)",60,1
6002,6002,0.6363636363636367,-2.878787878787879,3.1653,3.3425,2,"(209, 229, 240)",60,2
6003,6003,0.6363636363636367,-2.8181818181818183,3.1653,3.3425,2,"(209, 229, 240)",60,3
6004,6004,0.6363636363636367,-2.757575757575758,3.1653,3.3425,2,"(209, 229, 240)",60,4
6005,6005,0.6363636363636367,-2.696969696969697,3.1653,3.3425,2,"(209, 229, 240)",60,5
6006,6006,0.6363636363636367,-2.636363636363636,3.1653,3.3425,2,"(209, 229, 240)",60,6
6007,6007,0.6363636363636367,-2.575757575757576,3.1653,3.3425,2,"(209, 229, 240)",60,7
6008,6008,0.6363636363636367,-2.515151515151515,3.1653,3.3425,2,"(209, 229, 240)",60,8
6009,6009,0.6363636363636367,-2.4545454545454546,3.1653,3.3425,2,"(209, 229, 240)",60,9
6010,6010,0.6363636363636367,-2.393939393939394,3.1653,3.3425,2,"(209, 229, 240)",60,10
6011,6011,0.6363636363636367,-2.333333333333333,3.1653,3.3425,2,"(209, 229, 240)",60,11
6012,6012,0.6363636363636367,-2.2727272727272725,3.1653,3.3425,2,"(209, 229, 240)",60,12
6013,6013,0.6363636363636367,-2.212121212121212,3.1653,3.3425,2,"(209, 229, 240)",60,13
6014,6014,0.6363636363636367,-2.1515151515151514,3.1653,3.3425,2,"(209, 229, 240)",60,14
6015,6015,0.6363636363636367,-2.090909090909091,3.1653,3.3425,2,"(209, 229, 240)",60,15
6016,6016,0.6363636363636367,-2.0303030303030303,3.1653,3.3425,2,"(209, 229, 240)",60,16
6017,6017,0.6363636363636367,-1.9696969696969695,3.1653,3.3425,2,"(209, 229, 240)",60,17
6018,6018,0.6363636363636367,-1.9090909090909087,3.1653,3.3425,2,"(209, 229, 240)",60,18
6019,6019,0.6363636363636367,-1.8484848484848484,3.1653,3.3425,2,"(209, 229, 240)",60,19
6020,6020,0.6363636363636367,-1.7878787878787878,3.1653,3.3425,2,"(209, 229, 240)",60,20
6021,6021,0.6363636363636367,-1.7272727272727273,3.1653,3.3425,2,"(209, 229, 240)",60,21
6022,6022,0.6363636363636367,-1.6666666666666663,3.1653,-3.3425,0,"(214, 96, 77)",60,22
6023,6023,0.6363636363636367,-1.606060606060606,3.1653,3.3425,2,"(209, 229, 240)",60,23
6024,6024,0.6363636363636367,-1.5454545454545454,-3.2367,-3.3422,3,"(67, 147, 195)",60,24
6025,6025,0.6363636363636367,-1.4848484848484849,3.1653,3.3425,2,"(209, 229, 240)",60,25
6026,6026,0.6363636363636367,-1.4242424242424243,3.1653,-3.3425,0,"(214, 96, 77)",60,26
6027,6027,0.6363636363636367,-1.3636363636363635,3.1653,-3.3425,0,"(214, 96, 77)",60,27
6028,6028,0.6363636363636367,-1.303030303030303,3.1653,-3.3425,0,"(214, 96, 77)",60,28
6029,6029,0.6363636363636367,-1.2424242424242424,3.1653,-3.3425,0,"(214, 96, 77)",60,29
6030,6030,0.6363636363636367,-1.1818181818181817,3.1653,-3.3425,0,"(214, 96, 77)",60,30
6031,6031,0.6363636363636367,-1.121212121212121,3.1653,-3.3425,0,"(214, 96, 77)",60,31
6032,6032,0.6363636363636367,-1.0606060606060606,3.1653,-3.3425,0,"(214, 96, 77)",60,32
6033,6033,0.6363636363636367,-1.0,3.1653,-3.3425,0,"(214, 96, 77)",60,33
6034,6034,0.6363636363636367,-0.9393939393939394,3.1653,-3.3425,0,"(214, 96, 77)",60,34
6035,6035,0.6363636363636367,-0.8787878787878789,3.1653,-3.3425,0,"(214, 96, 77)",60,35
6036,6036,0.6363636363636367,-0.8181818181818183,3.1653,-3.3425,0,"(214, 96, 77)",60,36
6037,6037,0.6363636363636367,-0.7575757575757573,3.1653,-3.3425,0,"(214, 96, 77)",60,37
6038,6038,0.6363636363636367,-0.6969696969696968,3.1653,3.3425,2,"(209, 229, 240)",60,38
6039,6039,0.6363636363636367,-0.6363636363636362,-3.2367,3.3422,1,"(253, 219, 199)",60,39
6040,6040,0.6363636363636367,-0.5757575757575757,-3.2367,-3.3422,3,"(67, 147, 195)",60,40
6041,6041,0.6363636363636367,-0.5151515151515151,-3.2367,-3.3422,3,"(67, 147, 195)",60,41
6042,6042,0.6363636363636367,-0.4545454545454546,-3.2367,-3.3422,3,"(67, 147, 195)",60,42
6043,6043,0.6363636363636367,-0.393939393939394,-3.2367,-3.3422,3,"(67, 147, 195)",60,43
6044,6044,0.6363636363636367,-0.333333333333333,-3.2367,-3.3422,3,"(67, 147, 195)",60,44
6045,6045,0.6363636363636367,-0.2727272727272725,-3.2367,-3.3422,3,"(67, 147, 195)",60,45
6046,6046,0.6363636363636367,-0.2121212121212119,-3.2367,-3.3422,3,"(67, 147, 195)",60,46
6047,6047,0.6363636363636367,-0.1515151515151513,-3.2367,-3.3422,3,"(67, 147, 195)",60,47
6048,6048,0.6363636363636367,-0.0909090909090908,-3.2367,-3.3422,3,"(67, 147, 195)",60,48
6049,6049,0.6363636363636367,-0.0303030303030302,3.1653,-3.3425,0,"(214, 96, 77)",60,49
6050,6050,0.6363636363636367,0.0303030303030302,3.1653,3.3425,2,"(209, 229, 240)",60,50
6051,6051,0.6363636363636367,0.0909090909090908,-3.2367,3.3422,1,"(253, 219, 199)",60,51
6052,6052,0.6363636363636367,0.1515151515151513,-3.2367,3.3422,1,"(253, 219, 199)",60,52
6053,6053,0.6363636363636367,0.2121212121212123,-3.2367,3.3422,1,"(253, 219, 199)",60,53
6054,6054,0.6363636363636367,0.2727272727272729,-3.2367,3.3422,1,"(253, 219, 199)",60,54
6055,6055,0.6363636363636367,0.3333333333333335,-3.2367,3.3422,1,"(253, 219, 199)",60,55
6056,6056,0.6363636363636367,0.393939393939394,-3.2367,3.3422,1,"(253, 219, 199)",60,56
6057,6057,0.6363636363636367,0.4545454545454546,-3.2367,3.3422,1,"(253, 219, 199)",60,57
6058,6058,0.6363636363636367,0.5151515151515151,-3.2367,3.3422,1,"(253, 219, 199)",60,58
6059,6059,0.6363636363636367,0.5757575757575757,-3.2367,3.3422,1,"(253, 219, 199)",60,59
6060,6060,0.6363636363636367,0.6363636363636367,-3.2367,-3.3422,3,"(67, 147, 195)",60,60
6061,6061,0.6363636363636367,0.6969696969696972,3.1653,-3.3425,0,"(214, 96, 77)",60,61
6062,6062,0.6363636363636367,0.7575757575757578,3.1653,3.3425,2,"(209, 229, 240)",60,62
6063,6063,0.6363636363636367,0.8181818181818183,3.1653,3.3425,2,"(209, 229, 240)",60,63
6064,6064,0.6363636363636367,0.8787878787878789,3.1653,3.3425,2,"(209, 229, 240)",60,64
6065,6065,0.6363636363636367,0.9393939393939394,3.1653,3.3425,2,"(209, 229, 240)",60,65
6066,6066,0.6363636363636367,1.0,3.1653,3.3425,2,"(209, 229, 240)",60,66
6067,6067,0.6363636363636367,1.0606060606060606,3.1653,3.3425,2,"(209, 229, 240)",60,67
6068,6068,0.6363636363636367,1.121212121212121,3.1653,3.3425,2,"(209, 229, 240)",60,68
6069,6069,0.6363636363636367,1.1818181818181817,3.1653,3.3425,2,"(209, 229, 240)",60,69
6070,6070,0.6363636363636367,1.2424242424242422,3.1653,3.3425,2,"(209, 229, 240)",60,70
6071,6071,0.6363636363636367,1.3030303030303028,3.1653,3.3425,2,"(209, 229, 240)",60,71
6072,6072,0.6363636363636367,1.363636363636363,3.1653,3.3425,2,"(209, 229, 240)",60,72
6073,6073,0.6363636363636367,1.4242424242424248,3.1653,3.3425,2,"(209, 229, 240)",60,73
6074,6074,0.6363636363636367,1.4848484848484853,3.1653,-3.3425,0,"(214, 96, 77)",60,74
6075,6075,0.6363636363636367,1.545454545454546,-3.2367,3.3422,1,"(253, 219, 199)",60,75
6076,6076,0.6363636363636367,1.6060606060606064,3.1653,-3.3425,0,"(214, 96, 77)",60,76
6077,6077,0.6363636363636367,1.666666666666667,3.1653,3.3425,2,"(209, 229, 240)",60,77
6078,6078,0.6363636363636367,1.7272727272727275,3.1653,-3.3425,0,"(214, 96, 77)",60,78
6079,6079,0.6363636363636367,1.787878787878788,3.1653,-3.3425,0,"(214, 96, 77)",60,79
6080,6080,0.6363636363636367,1.8484848484848488,3.1653,-3.3425,0,"(214, 96, 77)",60,80
6081,6081,0.6363636363636367,1.9090909090909087,3.1653,-3.3425,0,"(214, 96, 77)",60,81
6082,6082,0.6363636363636367,1.9696969696969695,3.1653,-3.3425,0,"(214, 96, 77)",60,82
6083,6083,0.6363636363636367,2.0303030303030303,3.1653,-3.3425,0,"(214, 96, 77)",60,83
6084,6084,0.6363636363636367,2.090909090909091,3.1653,-3.3425,0,"(214, 96, 77)",60,84
6085,6085,0.6363636363636367,2.1515151515151514,3.1653,-3.3425,0,"(214, 96, 77)",60,85
6086,6086,0.6363636363636367,2.212121212121212,3.1653,-3.3425,0,"(214, 96, 77)",60,86
6087,6087,0.6363636363636367,2.2727272727272725,3.1653,-3.3425,0,"(214, 96, 77)",60,87
6088,6088,0.6363636363636367,2.333333333333334,3.1653,-3.3425,0,"(214, 96, 77)",60,88
6089,6089,0.6363636363636367,2.3939393939393945,3.1653,-3.3425,0,"(214, 96, 77)",60,89
6090,6090,0.6363636363636367,2.454545454545455,3.1653,-3.3425,0,"(214, 96, 77)",60,90
6091,6091,0.6363636363636367,2.515151515151516,3.1653,-3.3425,0,"(214, 96, 77)",60,91
6092,6092,0.6363636363636367,2.575757575757576,3.1653,-3.3425,0,"(214, 96, 77)",60,92
6093,6093,0.6363636363636367,2.6363636363636367,3.1653,-3.3425,0,"(214, 96, 77)",60,93
6094,6094,0.6363636363636367,2.696969696969697,3.1653,-3.3425,0,"(214, 96, 77)",60,94
6095,6095,0.6363636363636367,2.757575757575758,3.1653,-3.3425,0,"(214, 96, 77)",60,95
6096,6096,0.6363636363636367,2.8181818181818183,3.1653,-3.3425,0,"(214, 96, 77)",60,96
6097,6097,0.6363636363636367,2.878787878787879,3.1653,-3.3425,0,"(214, 96, 77)",60,97
6098,6098,0.6363636363636367,2.9393939393939394,3.1653,-3.3425,0,"(214, 96, 77)",60,98
6099,6099,0.6363636363636367,3.0,3.1653,3.3425,2,"(209, 229, 240)",60,99
6100,6100,0.6969696969696972,-3.0,3.1653,-3.3425,0,"(214, 96, 77)",61,0
6101,6101,0.6969696969696972,-2.9393939393939394,3.1653,3.3425,2,"(209, 229, 240)",61,1
6102,6102,0.6969696969696972,-2.878787878787879,3.1653,3.3425,2,"(209, 229, 240)",61,2
6103,6103,0.6969696969696972,-2.8181818181818183,3.1653,3.3425,2,"(209, 229, 240)",61,3
6104,6104,0.6969696969696972,-2.757575757575758,3.1653,3.3425,2,"(209, 229, 240)",61,4
6105,6105,0.6969696969696972,-2.696969696969697,3.1653,3.3425,2,"(209, 229, 240)",61,5
6106,6106,0.6969696969696972,-2.636363636363636,3.1653,3.3425,2,"(209, 229, 240)",61,6
6107,6107,0.6969696969696972,-2.575757575757576,3.1653,3.3425,2,"(209, 229, 240)",61,7
6108,6108,0.6969696969696972,-2.515151515151515,3.1653,3.3425,2,"(209, 229, 240)",61,8
6109,6109,0.6969696969696972,-2.4545454545454546,3.1653,3.3425,2,"(209, 229, 240)",61,9
6110,6110,0.6969696969696972,-2.393939393939394,3.1653,3.3425,2,"(209, 229, 240)",61,10
6111,6111,0.6969696969696972,-2.333333333333333,3.1653,3.3425,2,"(209, 229, 240)",61,11
6112,6112,0.6969696969696972,-2.2727272727272725,3.1653,3.3425,2,"(209, 229, 240)",61,12
6113,6113,0.6969696969696972,-2.212121212121212,3.1653,3.3425,2,"(209, 229, 240)",61,13
6114,6114,0.6969696969696972,-2.1515151515151514,3.1653,3.3425,2,"(209, 229, 240)",61,14
6115,6115,0.6969696969696972,-2.090909090909091,3.1653,3.3425,2,"(209, 229, 240)",61,15
6116,6116,0.6969696969696972,-2.0303030303030303,3.1653,3.3425,2,"(209, 229, 240)",61,16
6117,6117,0.6969696969696972,-1.9696969696969695,3.1653,3.3425,2,"(209, 229, 240)",61,17
6118,6118,0.6969696969696972,-1.9090909090909087,3.1653,3.3425,2,"(209, 229, 240)",61,18
6119,6119,0.6969696969696972,-1.8484848484848484,3.1653,3.3425,2,"(209, 229, 240)",61,19
6120,6120,0.6969696969696972,-1.7878787878787878,3.1653,3.3425,2,"(209, 229, 240)",61,20
6121,6121,0.6969696969696972,-1.7272727272727273,-3.2367,3.3422,1,"(253, 219, 199)",61,21
6122,6122,0.6969696969696972,-1.6666666666666663,3.1653,-3.3425,0,"(214, 96, 77)",61,22
6123,6123,0.6969696969696972,-1.606060606060606,3.1653,-3.3425,0,"(214, 96, 77)",61,23
6124,6124,0.6969696969696972,-1.5454545454545454,3.1653,3.3425,2,"(209, 229, 240)",61,24
6125,6125,0.6969696969696972,-1.4848484848484849,3.1653,-3.3425,0,"(214, 96, 77)",61,25
6126,6126,0.6969696969696972,-1.4242424242424243,3.1653,-3.3425,0,"(214, 96, 77)",61,26
6127,6127,0.6969696969696972,-1.3636363636363635,3.1653,-3.3425,0,"(214, 96, 77)",61,27
6128,6128,0.6969696969696972,-1.303030303030303,3.1653,-3.3425,0,"(214, 96, 77)",61,28
6129,6129,0.6969696969696972,-1.2424242424242424,3.1653,-3.3425,0,"(214, 96, 77)",61,29
6130,6130,0.6969696969696972,-1.1818181818181817,3.1653,-3.3425,0,"(214, 96, 77)",61,30
6131,6131,0.6969696969696972,-1.121212121212121,3.1653,-3.3425,0,"(214, 96, 77)",61,31
6132,6132,0.6969696969696972,-1.0606060606060606,3.1653,-3.3425,0,"(214, 96, 77)",61,32
6133,6133,0.6969696969696972,-1.0,3.1653,-3.3425,0,"(214, 96, 77)",61,33
6134,6134,0.6969696969696972,-0.9393939393939394,3.1653,-3.3425,0,"(214, 96, 77)",61,34
6135,6135,0.6969696969696972,-0.8787878787878789,3.1653,-3.3425,0,"(214, 96, 77)",61,35
6136,6136,0.6969696969696972,-0.8181818181818183,3.1653,-3.3425,0,"(214, 96, 77)",61,36
6137,6137,0.6969696969696972,-0.7575757575757573,-3.2367,3.3422,1,"(253, 219, 199)",61,37
6138,6138,0.6969696969696972,-0.6969696969696968,3.1653,3.3425,2,"(209, 229, 240)",61,38
6139,6139,0.6969696969696972,-0.6363636363636362,-3.2367,-3.3422,3,"(67, 147, 195)",61,39
6140,6140,0.6969696969696972,-0.5757575757575757,-3.2367,-3.3422,3,"(67, 147, 195)",61,40
6141,6141,0.6969696969696972,-0.5151515151515151,-3.2367,-3.3422,3,"(67, 147, 195)",61,41
6142,6142,0.6969696969696972,-0.4545454545454546,-3.2367,-3.3422,3,"(67, 147, 195)",61,42
6143,6143,0.6969696969696972,-0.393939393939394,-3.2367,-3.3422,3,"(67, 147, 195)",61,43
6144,6144,0.6969696969696972,-0.333333333333333,-3.2367,-3.3422,3,"(67, 147, 195)",61,44
6145,6145,0.6969696969696972,-0.2727272727272725,-3.2367,-3.3422,3,"(67, 147, 195)",61,45
6146,6146,0.6969696969696972,-0.2121212121212119,-3.2367,-3.3422,3,"(67, 147, 195)",61,46
6147,6147,0.6969696969696972,-0.1515151515151513,-3.2367,-3.3422,3,"(67, 147, 195)",61,47
6148,6148,0.6969696969696972,-0.0909090909090908,-3.2367,-3.3422,3,"(67, 147, 195)",61,48
6149,6149,0.6969696969696972,-0.0303030303030302,-3.2367,3.3422,1,"(253, 219, 199)",61,49
6150,6150,0.6969696969696972,0.0303030303030302,-3.2367,-3.3422,3,"(67, 147, 195)",61,50
6151,6151,0.6969696969696972,0.0909090909090908,-3.2367,3.3422,1,"(253, 219, 199)",61,51
6152,6152,0.6969696969696972,0.1515151515151513,-3.2367,3.3422,1,"(253, 219, 199)",61,52
6153,6153,0.6969696969696972,0.2121212121212123,-3.2367,3.3422,1,"(253, 219, 199)",61,53
6154,6154,0.6969696969696972,0.2727272727272729,-3.2367,3.3422,1,"(253, 219, 199)",61,54
6155,6155,0.6969696969696972,0.3333333333333335,-3.2367,3.3422,1,"(253, 219, 199)",61,55
6156,6156,0.6969696969696972,0.393939393939394,-3.2367,3.3422,1,"(253, 219, 199)",61,56
6157,6157,0.6969696969696972,0.4545454545454546,-3.2367,3.3422,1,"(253, 219, 199)",61,57
6158,6158,0.6969696969696972,0.5151515151515151,-3.2367,3.3422,1,"(253, 219, 199)",61,58
6159,6159,0.6969696969696972,0.5757575757575757,-3.2367,3.3422,1,"(253, 219, 199)",61,59
6160,6160,0.6969696969696972,0.6363636363636367,-3.2367,3.3422,1,"(253, 219, 199)",61,60
6161,6161,0.6969696969696972,0.6969696969696972,3.1653,-3.3425,0,"(214, 96, 77)",61,61
6162,6162,0.6969696969696972,0.7575757575757578,-3.2367,-3.3422,3,"(67, 147, 195)",61,62
6163,6163,0.6969696969696972,0.8181818181818183,3.1653,3.3425,2,"(209, 229, 240)",61,63
6164,6164,0.6969696969696972,0.8787878787878789,3.1653,3.3425,2,"(209, 229, 240)",61,64
6165,6165,0.6969696969696972,0.9393939393939394,3.1653,3.3425,2,"(209, 229, 240)",61,65
6166,6166,0.6969696969696972,1.0,3.1653,3.3425,2,"(209, 229, 240)",61,66
6167,6167,0.6969696969696972,1.0606060606060606,3.1653,3.3425,2,"(209, 229, 240)",61,67
6168,6168,0.6969696969696972,1.121212121212121,3.1653,3.3425,2,"(209, 229, 240)",61,68
6169,6169,0.6969696969696972,1.1818181818181817,3.1653,3.3425,2,"(209, 229, 240)",61,69
6170,6170,0.6969696969696972,1.2424242424242422,3.1653,3.3425,2,"(209, 229, 240)",61,70
6171,6171,0.6969696969696972,1.3030303030303028,3.1653,3.3425,2,"(209, 229, 240)",61,71
6172,6172,0.6969696969696972,1.363636363636363,3.1653,3.3425,2,"(209, 229, 240)",61,72
6173,6173,0.6969696969696972,1.4242424242424248,3.1653,3.3425,2,"(209, 229, 240)",61,73
6174,6174,0.6969696969696972,1.4848484848484853,3.1653,3.3425,2,"(209, 229, 240)",61,74
6175,6175,0.6969696969696972,1.545454545454546,3.1653,-3.3425,0,"(214, 96, 77)",61,75
6176,6176,0.6969696969696972,1.6060606060606064,3.1653,3.3425,2,"(209, 229, 240)",61,76
6177,6177,0.6969696969696972,1.666666666666667,3.1653,3.3425,2,"(209, 229, 240)",61,77
6178,6178,0.6969696969696972,1.7272727272727275,-3.2367,-3.3422,3,"(67, 147, 195)",61,78
6179,6179,0.6969696969696972,1.787878787878788,3.1653,-3.3425,0,"(214, 96, 77)",61,79
6180,6180,0.6969696969696972,1.8484848484848488,3.1653,-3.3425,0,"(214, 96, 77)",61,80
6181,6181,0.6969696969696972,1.9090909090909087,3.1653,-3.3425,0,"(214, 96, 77)",61,81
6182,6182,0.6969696969696972,1.9696969696969695,3.1653,-3.3425,0,"(214, 96, 77)",61,82
6183,6183,0.6969696969696972,2.0303030303030303,3.1653,-3.3425,0,"(214, 96, 77)",61,83
6184,6184,0.6969696969696972,2.090909090909091,3.1653,-3.3425,0,"(214, 96, 77)",61,84
6185,6185,0.6969696969696972,2.1515151515151514,3.1653,-3.3425,0,"(214, 96, 77)",61,85
6186,6186,0.6969696969696972,2.212121212121212,3.1653,-3.3425,0,"(214, 96, 77)",61,86
6187,6187,0.6969696969696972,2.2727272727272725,3.1653,-3.3425,0,"(214, 96, 77)",61,87
6188,6188,0.6969696969696972,2.333333333333334,3.1653,-3.3425,0,"(214, 96, 77)",61,88
6189,6189,0.6969696969696972,2.3939393939393945,3.1653,-3.3425,0,"(214, 96, 77)",61,89
6190,6190,0.6969696969696972,2.454545454545455,3.1653,-3.3425,0,"(214, 96, 77)",61,90
6191,6191,0.6969696969696972,2.515151515151516,3.1653,-3.3425,0,"(214, 96, 77)",61,91
6192,6192,0.6969696969696972,2.575757575757576,3.1653,-3.3425,0,"(214, 96, 77)",61,92
6193,6193,0.6969696969696972,2.6363636363636367,3.1653,-3.3425,0,"(214, 96, 77)",61,93
6194,6194,0.6969696969696972,2.696969696969697,3.1653,-3.3425,0,"(214, 96, 77)",61,94
6195,6195,0.6969696969696972,2.757575757575758,3.1653,-3.3425,0,"(214, 96, 77)",61,95
6196,6196,0.6969696969696972,2.8181818181818183,3.1653,-3.3425,0,"(214, 96, 77)",61,96
6197,6197,0.6969696969696972,2.878787878787879,3.1653,-3.3425,0,"(214, 96, 77)",61,97
6198,6198,0.6969696969696972,2.9393939393939394,3.1653,-3.3425,0,"(214, 96, 77)",61,98
6199,6199,0.6969696969696972,3.0,3.1653,3.3425,2,"(209, 229, 240)",61,99
6200,6200,0.7575757575757578,-3.0,3.1653,3.3425,2,"(209, 229, 240)",62,0
6201,6201,0.7575757575757578,-2.9393939393939394,3.1653,3.3425,2,"(209, 229, 240)",62,1
6202,6202,0.7575757575757578,-2.878787878787879,3.1653,3.3425,2,"(209, 229, 240)",62,2
6203,6203,0.7575757575757578,-2.8181818181818183,3.1653,3.3425,2,"(209, 229, 240)",62,3
6204,6204,0.7575757575757578,-2.757575757575758,3.1653,3.3425,2,"(209, 229, 240)",62,4
6205,6205,0.7575757575757578,-2.696969696969697,3.1653,3.3425,2,"(209, 229, 240)",62,5
6206,6206,0.7575757575757578,-2.636363636363636,3.1653,3.3425,2,"(209, 229, 240)",62,6
6207,6207,0.7575757575757578,-2.575757575757576,3.1653,3.3425,2,"(209, 229, 240)",62,7
6208,6208,0.7575757575757578,-2.515151515151515,3.1653,3.3425,2,"(209, 229, 240)",62,8
6209,6209,0.7575757575757578,-2.4545454545454546,3.1653,3.3425,2,"(209, 229, 240)",62,9
6210,6210,0.7575757575757578,-2.393939393939394,3.1653,3.3425,2,"(209, 229, 240)",62,10
6211,6211,0.7575757575757578,-2.333333333333333,3.1653,3.3425,2,"(209, 229, 240)",62,11
6212,6212,0.7575757575757578,-2.2727272727272725,3.1653,3.3425,2,"(209, 229, 240)",62,12
6213,6213,0.7575757575757578,-2.212121212121212,3.1653,3.3425,2,"(209, 229, 240)",62,13
6214,6214,0.7575757575757578,-2.1515151515151514,3.1653,3.3425,2,"(209, 229, 240)",62,14
6215,6215,0.7575757575757578,-2.090909090909091,3.1653,3.3425,2,"(209, 229, 240)",62,15
6216,6216,0.7575757575757578,-2.0303030303030303,3.1653,3.3425,2,"(209, 229, 240)",62,16
6217,6217,0.7575757575757578,-1.9696969696969695,-3.2367,3.3422,1,"(253, 219, 199)",62,17
6218,6218,0.7575757575757578,-1.9090909090909087,3.1653,3.3425,2,"(209, 229, 240)",62,18
6219,6219,0.7575757575757578,-1.8484848484848484,-3.2367,3.3422,1,"(253, 219, 199)",62,19
6220,6220,0.7575757575757578,-1.7878787878787878,3.1653,3.3425,2,"(209, 229, 240)",62,20
6221,6221,0.7575757575757578,-1.7272727272727273,-3.2367,-3.3422,3,"(67, 147, 195)",62,21
6222,6222,0.7575757575757578,-1.6666666666666663,-3.2367,-3.3422,3,"(67, 147, 195)",62,22
6223,6223,0.7575757575757578,-1.606060606060606,-3.2367,3.3422,1,"(253, 219, 199)",62,23
6224,6224,0.7575757575757578,-1.5454545454545454,3.1653,-3.3425,0,"(214, 96, 77)",62,24
6225,6225,0.7575757575757578,-1.4848484848484849,3.1653,-3.3425,0,"(214, 96, 77)",62,25
6226,6226,0.7575757575757578,-1.4242424242424243,3.1653,-3.3425,0,"(214, 96, 77)",62,26
6227,6227,0.7575757575757578,-1.3636363636363635,3.1653,-3.3425,0,"(214, 96, 77)",62,27
6228,6228,0.7575757575757578,-1.303030303030303,3.1653,-3.3425,0,"(214, 96, 77)",62,28
6229,6229,0.7575757575757578,-1.2424242424242424,3.1653,-3.3425,0,"(214, 96, 77)",62,29
6230,6230,0.7575757575757578,-1.1818181818181817,3.1653,-3.3425,0,"(214, 96, 77)",62,30
6231,6231,0.7575757575757578,-1.121212121212121,3.1653,-3.3425,0,"(214, 96, 77)",62,31
6232,6232,0.7575757575757578,-1.0606060606060606,3.1653,-3.3425,0,"(214, 96, 77)",62,32
6233,6233,0.7575757575757578,-1.0,3.1653,-3.3425,0,"(214, 96, 77)",62,33
6234,6234,0.7575757575757578,-0.9393939393939394,3.1653,-3.3425,0,"(214, 96, 77)",62,34
6235,6235,0.7575757575757578,-0.8787878787878789,3.1653,-3.3425,0,"(214, 96, 77)",62,35
6236,6236,0.7575757575757578,-0.8181818181818183,3.1653,-3.3425,0,"(214, 96, 77)",62,36
6237,6237,0.7575757575757578,-0.7575757575757573,3.1653,3.3425,2,"(209, 229, 240)",62,37
6238,6238,0.7575757575757578,-0.6969696969696968,-3.2367,3.3422,1,"(253, 219, 199)",62,38
6239,6239,0.7575757575757578,-0.6363636363636362,-3.2367,-3.3422,3,"(67, 147, 195)",62,39
6240,6240,0.7575757575757578,-0.5757575757575757,-3.2367,-3.3422,3,"(67, 147, 195)",62,40
6241,6241,0.7575757575757578,-0.5151515151515151,-3.2367,-3.3422,3,"(67, 147, 195)",62,41
6242,6242,0.7575757575757578,-0.4545454545454546,-3.2367,-3.3422,3,"(67, 147, 195)",62,42
6243,6243,0.7575757575757578,-0.393939393939394,-3.2367,-3.3422,3,"(67, 147, 195)",62,43
6244,6244,0.7575757575757578,-0.333333333333333,-3.2367,-3.3422,3,"(67, 147, 195)",62,44
6245,6245,0.7575757575757578,-0.2727272727272725,-3.2367,-3.3422,3,"(67, 147, 195)",62,45
6246,6246,0.7575757575757578,-0.2121212121212119,-3.2367,-3.3422,3,"(67, 147, 195)",62,46
6247,6247,0.7575757575757578,-0.1515151515151513,-3.2367,-3.3422,3,"(67, 147, 195)",62,47
6248,6248,0.7575757575757578,-0.0909090909090908,-3.2367,-3.3422,3,"(67, 147, 195)",62,48
6249,6249,0.7575757575757578,-0.0303030303030302,3.1653,-3.3425,0,"(214, 96, 77)",62,49
6250,6250,0.7575757575757578,0.0303030303030302,3.1653,3.3425,2,"(209, 229, 240)",62,50
6251,6251,0.7575757575757578,0.0909090909090908,-3.2367,3.3422,1,"(253, 219, 199)",62,51
6252,6252,0.7575757575757578,0.1515151515151513,-3.2367,3.3422,1,"(253, 219, 199)",62,52
6253,6253,0.7575757575757578,0.2121212121212123,-3.2367,3.3422,1,"(253, 219, 199)",62,53
6254,6254,0.7575757575757578,0.2727272727272729,-3.2367,3.3422,1,"(253, 219, 199)",62,54
6255,6255,0.7575757575757578,0.3333333333333335,-3.2367,3.3422,1,"(253, 219, 199)",62,55
6256,6256,0.7575757575757578,0.393939393939394,-3.2367,3.3422,1,"(253, 219, 199)",62,56
6257,6257,0.7575757575757578,0.4545454545454546,-3.2367,3.3422,1,"(253, 219, 199)",62,57
6258,6258,0.7575757575757578,0.5151515151515151,-3.2367,3.3422,1,"(253, 219, 199)",62,58
6259,6259,0.7575757575757578,0.5757575757575757,-3.2367,3.3422,1,"(253, 219, 199)",62,59
6260,6260,0.7575757575757578,0.6363636363636367,-3.2367,3.3422,1,"(253, 219, 199)",62,60
6261,6261,0.7575757575757578,0.6969696969696972,-3.2367,-3.3422,3,"(67, 147, 195)",62,61
6262,6262,0.7575757575757578,0.7575757575757578,3.1653,-3.3425,0,"(214, 96, 77)",62,62
6263,6263,0.7575757575757578,0.8181818181818183,3.1653,3.3425,2,"(209, 229, 240)",62,63
6264,6264,0.7575757575757578,0.8787878787878789,3.1653,3.3425,2,"(209, 229, 240)",62,64
6265,6265,0.7575757575757578,0.9393939393939394,3.1653,3.3425,2,"(209, 229, 240)",62,65
6266,6266,0.7575757575757578,1.0,3.1653,3.3425,2,"(209, 229, 240)",62,66
6267,6267,0.7575757575757578,1.0606060606060606,3.1653,3.3425,2,"(209, 229, 240)",62,67
6268,6268,0.7575757575757578,1.121212121212121,3.1653,3.3425,2,"(209, 229, 240)",62,68
6269,6269,0.7575757575757578,1.1818181818181817,3.1653,3.3425,2,"(209, 229, 240)",62,69
6270,6270,0.7575757575757578,1.2424242424242422,3.1653,3.3425,2,"(209, 229, 240)",62,70
6271,6271,0.7575757575757578,1.3030303030303028,3.1653,3.3425,2,"(209, 229, 240)",62,71
6272,6272,0.7575757575757578,1.363636363636363,3.1653,3.3425,2,"(209, 229, 240)",62,72
6273,6273,0.7575757575757578,1.4242424242424248,3.1653,3.3425,2,"(209, 229, 240)",62,73
6274,6274,0.7575757575757578,1.4848484848484853,3.1653,3.3425,2,"(209, 229, 240)",62,74
6275,6275,0.7575757575757578,1.545454545454546,3.1653,3.3425,2,"(209, 229, 240)",62,75
6276,6276,0.7575757575757578,1.6060606060606064,-3.2367,-3.3422,3,"(67, 147, 195)",62,76
6277,6277,0.7575757575757578,1.666666666666667,-3.2367,3.3422,1,"(253, 219, 199)",62,77
6278,6278,0.7575757575757578,1.7272727272727275,-3.2367,3.3422,1,"(253, 219, 199)",62,78
6279,6279,0.7575757575757578,1.787878787878788,3.1653,-3.3425,0,"(214, 96, 77)",62,79
6280,6280,0.7575757575757578,1.8484848484848488,-3.2367,-3.3422,3,"(67, 147, 195)",62,80
6281,6281,0.7575757575757578,1.9090909090909087,3.1653,-3.3425,0,"(214, 96, 77)",62,81
6282,6282,0.7575757575757578,1.9696969696969695,-3.2367,-3.3422,3,"(67, 147, 195)",62,82
6283,6283,0.7575757575757578,2.0303030303030303,3.1653,-3.3425,0,"(214, 96, 77)",62,83
6284,6284,0.7575757575757578,2.090909090909091,3.1653,-3.3425,0,"(214, 96, 77)",62,84
6285,6285,0.7575757575757578,2.1515151515151514,3.1653,-3.3425,0,"(214, 96, 77)",62,85
6286,6286,0.7575757575757578,2.212121212121212,3.1653,-3.3425,0,"(214, 96, 77)",62,86
6287,6287,0.7575757575757578,2.2727272727272725,3.1653,-3.3425,0,"(214, 96, 77)",62,87
6288,6288,0.7575757575757578,2.333333333333334,3.1653,-3.3425,0,"(214, 96, 77)",62,88
6289,6289,0.7575757575757578,2.3939393939393945,3.1653,-3.3425,0,"(214, 96, 77)",62,89
6290,6290,0.7575757575757578,2.454545454545455,3.1653,-3.3425,0,"(214, 96, 77)",62,90
6291,6291,0.7575757575757578,2.515151515151516,3.1653,-3.3425,0,"(214, 96, 77)",62,91
6292,6292,0.7575757575757578,2.575757575757576,3.1653,-3.3425,0,"(214, 96, 77)",62,92
6293,6293,0.7575757575757578,2.6363636363636367,3.1653,-3.3425,0,"(214, 96, 77)",62,93
6294,6294,0.7575757575757578,2.696969696969697,3.1653,-3.3425,0,"(214, 96, 77)",62,94
6295,6295,0.7575757575757578,2.757575757575758,3.1653,-3.3425,0,"(214, 96, 77)",62,95
6296,6296,0.7575757575757578,2.8181818181818183,3.1653,-3.3425,0,"(214, 96, 77)",62,96
6297,6297,0.7575757575757578,2.878787878787879,3.1653,-3.3425,0,"(214, 96, 77)",62,97
6298,6298,0.7575757575757578,2.9393939393939394,3.1653,-3.3425,0,"(214, 96, 77)",62,98
6299,6299,0.7575757575757578,3.0,3.1653,-3.3425,0,"(214, 96, 77)",62,99
6300,6300,0.8181818181818183,-3.0,-3.2367,3.3422,1,"(253, 219, 199)",63,0
6301,6301,0.8181818181818183,-2.9393939393939394,-3.2367,3.3422,1,"(253, 219, 199)",63,1
6302,6302,0.8181818181818183,-2.878787878787879,-3.2367,3.3422,1,"(253, 219, 199)",63,2
6303,6303,0.8181818181818183,-2.8181818181818183,-3.2367,3.3422,1,"(253, 219, 199)",63,3
6304,6304,0.8181818181818183,-2.757575757575758,-3.2367,-3.3422,3,"(67, 147, 195)",63,4
6305,6305,0.8181818181818183,-2.696969696969697,3.1653,-3.3425,0,"(214, 96, 77)",63,5
6306,6306,0.8181818181818183,-2.636363636363636,3.1653,3.3425,2,"(209, 229, 240)",63,6
6307,6307,0.8181818181818183,-2.575757575757576,3.1653,3.3425,2,"(209, 229, 240)",63,7
6308,6308,0.8181818181818183,-2.515151515151515,3.1653,3.3425,2,"(209, 229, 240)",63,8
6309,6309,0.8181818181818183,-2.4545454545454546,3.1653,3.3425,2,"(209, 229, 240)",63,9
6310,6310,0.8181818181818183,-2.393939393939394,3.1653,3.3425,2,"(209, 229, 240)",63,10
6311,6311,0.8181818181818183,-2.333333333333333,3.1653,3.3425,2,"(209, 229, 240)",63,11
6312,6312,0.8181818181818183,-2.2727272727272725,3.1653,3.3425,2,"(209, 229, 240)",63,12
6313,6313,0.8181818181818183,-2.212121212121212,-3.2367,3.3422,1,"(253, 219, 199)",63,13
6314,6314,0.8181818181818183,-2.1515151515151514,3.1653,3.3425,2,"(209, 229, 240)",63,14
6315,6315,0.8181818181818183,-2.090909090909091,3.1653,3.3425,2,"(209, 229, 240)",63,15
6316,6316,0.8181818181818183,-2.0303030303030303,-3.2367,3.3422,1,"(253, 219, 199)",63,16
6317,6317,0.8181818181818183,-1.9696969696969695,-3.2367,-3.3422,3,"(67, 147, 195)",63,17
6318,6318,0.8181818181818183,-1.9090909090909087,-3.2367,3.3422,1,"(253, 219, 199)",63,18
6319,6319,0.8181818181818183,-1.8484848484848484,-3.2367,-3.3422,3,"(67, 147, 195)",63,19
6320,6320,0.8181818181818183,-1.7878787878787878,-3.2367,-3.3422,3,"(67, 147, 195)",63,20
6321,6321,0.8181818181818183,-1.7272727272727273,3.1653,-3.3425,0,"(214, 96, 77)",63,21
6322,6322,0.8181818181818183,-1.6666666666666663,3.1653,-3.3425,0,"(214, 96, 77)",63,22
6323,6323,0.8181818181818183,-1.606060606060606,3.1653,-3.3425,0,"(214, 96, 77)",63,23
6324,6324,0.8181818181818183,-1.5454545454545454,3.1653,-3.3425,0,"(214, 96, 77)",63,24
6325,6325,0.8181818181818183,-1.4848484848484849,3.1653,-3.3425,0,"(214, 96, 77)",63,25
6326,6326,0.8181818181818183,-1.4242424242424243,3.1653,-3.3425,0,"(214, 96, 77)",63,26
6327,6327,0.8181818181818183,-1.3636363636363635,3.1653,-3.3425,0,"(214, 96, 77)",63,27
6328,6328,0.8181818181818183,-1.303030303030303,3.1653,-3.3425,0,"(214, 96, 77)",63,28
6329,6329,0.8181818181818183,-1.2424242424242424,3.1653,-3.3425,0,"(214, 96, 77)",63,29
6330,6330,0.8181818181818183,-1.1818181818181817,3.1653,-3.3425,0,"(214, 96, 77)",63,30
6331,6331,0.8181818181818183,-1.121212121212121,3.1653,-3.3425,0,"(214, 96, 77)",63,31
6332,6332,0.8181818181818183,-1.0606060606060606,3.1653,-3.3425,0,"(214, 96, 77)",63,32
6333,6333,0.8181818181818183,-1.0,3.1653,-3.3425,0,"(214, 96, 77)",63,33
6334,6334,0.8181818181818183,-0.9393939393939394,3.1653,-3.3425,0,"(214, 96, 77)",63,34
6335,6335,0.8181818181818183,-0.8787878787878789,3.1653,-3.3425,0,"(214, 96, 77)",63,35
6336,6336,0.8181818181818183,-0.8181818181818183,3.1653,-3.3425,0,"(214, 96, 77)",63,36
6337,6337,0.8181818181818183,-0.7575757575757573,-3.2367,-3.3422,3,"(67, 147, 195)",63,37
6338,6338,0.8181818181818183,-0.6969696969696968,-3.2367,-3.3422,3,"(67, 147, 195)",63,38
6339,6339,0.8181818181818183,-0.6363636363636362,-3.2367,-3.3422,3,"(67, 147, 195)",63,39
6340,6340,0.8181818181818183,-0.5757575757575757,-3.2367,-3.3422,3,"(67, 147, 195)",63,40
6341,6341,0.8181818181818183,-0.5151515151515151,-3.2367,-3.3422,3,"(67, 147, 195)",63,41
6342,6342,0.8181818181818183,-0.4545454545454546,-3.2367,-3.3422,3,"(67, 147, 195)",63,42
6343,6343,0.8181818181818183,-0.393939393939394,-3.2367,-3.3422,3,"(67, 147, 195)",63,43
6344,6344,0.8181818181818183,-0.333333333333333,-3.2367,-3.3422,3,"(67, 147, 195)",63,44
6345,6345,0.8181818181818183,-0.2727272727272725,-3.2367,-3.3422,3,"(67, 147, 195)",63,45
6346,6346,0.8181818181818183,-0.2121212121212119,-3.2367,-3.3422,3,"(67, 147, 195)",63,46
6347,6347,0.8181818181818183,-0.1515151515151513,-3.2367,-3.3422,3,"(67, 147, 195)",63,47
6348,6348,0.8181818181818183,-0.0909090909090908,-3.2367,-3.3422,3,"(67, 147, 195)",63,48
6349,6349,0.8181818181818183,-0.0303030303030302,-3.2367,-3.3422,3,"(67, 147, 195)",63,49
6350,6350,0.8181818181818183,0.0303030303030302,-3.2367,3.3422,1,"(253, 219, 199)",63,50
6351,6351,0.8181818181818183,0.0909090909090908,-3.2367,3.3422,1,"(253, 219, 199)",63,51
6352,6352,0.8181818181818183,0.1515151515151513,-3.2367,3.3422,1,"(253, 219, 199)",63,52
6353,6353,0.8181818181818183,0.2121212121212123,-3.2367,3.3422,1,"(253, 219, 199)",63,53
6354,6354,0.8181818181818183,0.2727272727272729,-3.2367,3.3422,1,"(253, 219, 199)",63,54
6355,6355,0.8181818181818183,0.3333333333333335,-3.2367,3.3422,1,"(253, 219, 199)",63,55
6356,6356,0.8181818181818183,0.393939393939394,-3.2367,3.3422,1,"(253, 219, 199)",63,56
6357,6357,0.8181818181818183,0.4545454545454546,-3.2367,3.3422,1,"(253, 219, 199)",63,57
6358,6358,0.8181818181818183,0.5151515151515151,-3.2367,3.3422,1,"(253, 219, 199)",63,58
6359,6359,0.8181818181818183,0.5757575757575757,-3.2367,3.3422,1,"(253, 219, 199)",63,59
6360,6360,0.8181818181818183,0.6363636363636367,-3.2367,3.3422,1,"(253, 219, 199)",63,60
6361,6361,0.8181818181818183,0.6969696969696972,-3.2367,3.3422,1,"(253, 219, 199)",63,61
6362,6362,0.8181818181818183,0.7575757575757578,-3.2367,3.3422,1,"(253, 219, 199)",63,62
6363,6363,0.8181818181818183,0.8181818181818183,3.1653,3.3425,2,"(209, 229, 240)",63,63
6364,6364,0.8181818181818183,0.8787878787878789,3.1653,3.3425,2,"(209, 229, 240)",63,64
6365,6365,0.8181818181818183,0.9393939393939394,3.1653,3.3425,2,"(209, 229, 240)",63,65
6366,6366,0.8181818181818183,1.0,3.1653,3.3425,2,"(209, 229, 240)",63,66
6367,6367,0.8181818181818183,1.0606060606060606,3.1653,3.3425,2,"(209, 229, 240)",63,67
6368,6368,0.8181818181818183,1.121212121212121,3.1653,3.3425,2,"(209, 229, 240)",63,68
6369,6369,0.8181818181818183,1.1818181818181817,3.1653,3.3425,2,"(209, 229, 240)",63,69
6370,6370,0.8181818181818183,1.2424242424242422,3.1653,3.3425,2,"(209, 229, 240)",63,70
6371,6371,0.8181818181818183,1.3030303030303028,3.1653,3.3425,2,"(209, 229, 240)",63,71
6372,6372,0.8181818181818183,1.363636363636363,3.1653,3.3425,2,"(209, 229, 240)",63,72
6373,6373,0.8181818181818183,1.4242424242424248,3.1653,3.3425,2,"(209, 229, 240)",63,73
6374,6374,0.8181818181818183,1.4848484848484853,3.1653,3.3425,2,"(209, 229, 240)",63,74
6375,6375,0.8181818181818183,1.545454545454546,3.1653,3.3425,2,"(209, 229, 240)",63,75
6376,6376,0.8181818181818183,1.6060606060606064,3.1653,3.3425,2,"(209, 229, 240)",63,76
6377,6377,0.8181818181818183,1.666666666666667,3.1653,3.3425,2,"(209, 229, 240)",63,77
6378,6378,0.8181818181818183,1.7272727272727275,3.1653,3.3425,2,"(209, 229, 240)",63,78
6379,6379,0.8181818181818183,1.787878787878788,-3.2367,3.3422,1,"(253, 219, 199)",63,79
6380,6380,0.8181818181818183,1.8484848484848488,-3.2367,3.3422,1,"(253, 219, 199)",63,80
6381,6381,0.8181818181818183,1.9090909090909087,-3.2367,-3.3422,3,"(67, 147, 195)",63,81
6382,6382,0.8181818181818183,1.9696969696969695,-3.2367,3.3422,1,"(253, 219, 199)",63,82
6383,6383,0.8181818181818183,2.0303030303030303,-3.2367,-3.3422,3,"(67, 147, 195)",63,83
6384,6384,0.8181818181818183,2.090909090909091,3.1653,-3.3425,0,"(214, 96, 77)",63,84
6385,6385,0.8181818181818183,2.1515151515151514,3.1653,-3.3425,0,"(214, 96, 77)",63,85
6386,6386,0.8181818181818183,2.212121212121212,-3.2367,-3.3422,3,"(67, 147, 195)",63,86
6387,6387,0.8181818181818183,2.2727272727272725,3.1653,-3.3425,0,"(214, 96, 77)",63,87
6388,6388,0.8181818181818183,2.333333333333334,3.1653,-3.3425,0,"(214, 96, 77)",63,88
6389,6389,0.8181818181818183,2.3939393939393945,3.1653,-3.3425,0,"(214, 96, 77)",63,89
6390,6390,0.8181818181818183,2.454545454545455,3.1653,-3.3425,0,"(214, 96, 77)",63,90
6391,6391,0.8181818181818183,2.515151515151516,3.1653,-3.3425,0,"(214, 96, 77)",63,91
6392,6392,0.8181818181818183,2.575757575757576,3.1653,-3.3425,0,"(214, 96, 77)",63,92
6393,6393,0.8181818181818183,2.6363636363636367,3.1653,-3.3425,0,"(214, 96, 77)",63,93
6394,6394,0.8181818181818183,2.696969696969697,3.1653,3.3425,2,"(209, 229, 240)",63,94
6395,6395,0.8181818181818183,2.757575757575758,-3.2367,3.3422,1,"(253, 219, 199)",63,95
6396,6396,0.8181818181818183,2.8181818181818183,-3.2367,-3.3422,3,"(67, 147, 195)",63,96
6397,6397,0.8181818181818183,2.878787878787879,-3.2367,-3.3422,3,"(67, 147, 195)",63,97
6398,6398,0.8181818181818183,2.9393939393939394,-3.2367,-3.3422,3,"(67, 147, 195)",63,98
6399,6399,0.8181818181818183,3.0,-3.2367,-3.3422,3,"(67, 147, 195)",63,99
6400,6400,0.8787878787878789,-3.0,-3.2367,3.3422,1,"(253, 219, 199)",64,0
6401,6401,0.8787878787878789,-2.9393939393939394,-3.2367,3.3422,1,"(253, 219, 199)",64,1
6402,6402,0.8787878787878789,-2.878787878787879,-3.2367,3.3422,1,"(253, 219, 199)",64,2
6403,6403,0.8787878787878789,-2.8181818181818183,-3.2367,3.3422,1,"(253, 219, 199)",64,3
6404,6404,0.8787878787878789,-2.757575757575758,-3.2367,3.3422,1,"(253, 219, 199)",64,4
6405,6405,0.8787878787878789,-2.696969696969697,3.1653,-3.3425,0,"(214, 96, 77)",64,5
6406,6406,0.8787878787878789,-2.636363636363636,3.1653,3.3425,2,"(209, 229, 240)",64,6
6407,6407,0.8787878787878789,-2.575757575757576,3.1653,3.3425,2,"(209, 229, 240)",64,7
6408,6408,0.8787878787878789,-2.515151515151515,-3.2367,3.3422,1,"(253, 219, 199)",64,8
6409,6409,0.8787878787878789,-2.4545454545454546,-3.2367,-3.3422,3,"(67, 147, 195)",64,9
6410,6410,0.8787878787878789,-2.393939393939394,3.1653,-3.3425,0,"(214, 96, 77)",64,10
6411,6411,0.8787878787878789,-2.333333333333333,3.1653,3.3425,2,"(209, 229, 240)",64,11
6412,6412,0.8787878787878789,-2.2727272727272725,-3.2367,3.3422,1,"(253, 219, 199)",64,12
6413,6413,0.8787878787878789,-2.212121212121212,-3.2367,3.3422,1,"(253, 219, 199)",64,13
6414,6414,0.8787878787878789,-2.1515151515151514,3.1653,-3.3425,0,"(214, 96, 77)",64,14
6415,6415,0.8787878787878789,-2.090909090909091,-3.2367,3.3422,1,"(253, 219, 199)",64,15
6416,6416,0.8787878787878789,-2.0303030303030303,3.1653,-3.3425,0,"(214, 96, 77)",64,16
6417,6417,0.8787878787878789,-1.9696969696969695,3.1653,3.3425,2,"(209, 229, 240)",64,17
6418,6418,0.8787878787878789,-1.9090909090909087,3.1653,-3.3425,0,"(214, 96, 77)",64,18
6419,6419,0.8787878787878789,-1.8484848484848484,3.1653,-3.3425,0,"(214, 96, 77)",64,19
6420,6420,0.8787878787878789,-1.7878787878787878,-3.2367,-3.3422,3,"(67, 147, 195)",64,20
6421,6421,0.8787878787878789,-1.7272727272727273,3.1653,-3.3425,0,"(214, 96, 77)",64,21
6422,6422,0.8787878787878789,-1.6666666666666663,3.1653,-3.3425,0,"(214, 96, 77)",64,22
6423,6423,0.8787878787878789,-1.606060606060606,3.1653,-3.3425,0,"(214, 96, 77)",64,23
6424,6424,0.8787878787878789,-1.5454545454545454,3.1653,-3.3425,0,"(214, 96, 77)",64,24
6425,6425,0.8787878787878789,-1.4848484848484849,3.1653,-3.3425,0,"(214, 96, 77)",64,25
6426,6426,0.8787878787878789,-1.4242424242424243,3.1653,-3.3425,0,"(214, 96, 77)",64,26
6427,6427,0.8787878787878789,-1.3636363636363635,3.1653,-3.3425,0,"(214, 96, 77)",64,27
6428,6428,0.8787878787878789,-1.303030303030303,3.1653,-3.3425,0,"(214, 96, 77)",64,28
6429,6429,0.8787878787878789,-1.2424242424242424,3.1653,-3.3425,0,"(214, 96, 77)",64,29
6430,6430,0.8787878787878789,-1.1818181818181817,3.1653,-3.3425,0,"(214, 96, 77)",64,30
6431,6431,0.8787878787878789,-1.121212121212121,3.1653,-3.3425,0,"(214, 96, 77)",64,31
6432,6432,0.8787878787878789,-1.0606060606060606,3.1653,-3.3425,0,"(214, 96, 77)",64,32
6433,6433,0.8787878787878789,-1.0,3.1653,-3.3425,0,"(214, 96, 77)",64,33
6434,6434,0.8787878787878789,-0.9393939393939394,3.1653,-3.3425,0,"(214, 96, 77)",64,34
6435,6435,0.8787878787878789,-0.8787878787878789,3.1653,-3.3425,0,"(214, 96, 77)",64,35
6436,6436,0.8787878787878789,-0.8181818181818183,-3.2367,-3.3422,3,"(67, 147, 195)",64,36
6437,6437,0.8787878787878789,-0.7575757575757573,-3.2367,3.3422,1,"(253, 219, 199)",64,37
6438,6438,0.8787878787878789,-0.6969696969696968,-3.2367,-3.3422,3,"(67, 147, 195)",64,38
6439,6439,0.8787878787878789,-0.6363636363636362,-3.2367,-3.3422,3,"(67, 147, 195)",64,39
6440,6440,0.8787878787878789,-0.5757575757575757,-3.2367,-3.3422,3,"(67, 147, 195)",64,40
6441,6441,0.8787878787878789,-0.5151515151515151,-3.2367,-3.3422,3,"(67, 147, 195)",64,41
6442,6442,0.8787878787878789,-0.4545454545454546,-3.2367,-3.3422,3,"(67, 147, 195)",64,42
6443,6443,0.8787878787878789,-0.393939393939394,-3.2367,-3.3422,3,"(67, 147, 195)",64,43
6444,6444,0.8787878787878789,-0.333333333333333,-3.2367,-3.3422,3,"(67, 147, 195)",64,44
6445,6445,0.8787878787878789,-0.2727272727272725,-3.2367,-3.3422,3,"(67, 147, 195)",64,45
6446,6446,0.8787878787878789,-0.2121212121212119,-3.2367,-3.3422,3,"(67, 147, 195)",64,46
6447,6447,0.8787878787878789,-0.1515151515151513,-3.2367,-3.3422,3,"(67, 147, 195)",64,47
6448,6448,0.8787878787878789,-0.0909090909090908,-3.2367,-3.3422,3,"(67, 147, 195)",64,48
6449,6449,0.8787878787878789,-0.0303030303030302,3.1653,-3.3425,0,"(214, 96, 77)",64,49
6450,6450,0.8787878787878789,0.0303030303030302,3.1653,3.3425,2,"(209, 229, 240)",64,50
6451,6451,0.8787878787878789,0.0909090909090908,-3.2367,3.3422,1,"(253, 219, 199)",64,51
6452,6452,0.8787878787878789,0.1515151515151513,-3.2367,3.3422,1,"(253, 219, 199)",64,52
6453,6453,0.8787878787878789,0.2121212121212123,-3.2367,3.3422,1,"(253, 219, 199)",64,53
6454,6454,0.8787878787878789,0.2727272727272729,-3.2367,3.3422,1,"(253, 219, 199)",64,54
6455,6455,0.8787878787878789,0.3333333333333335,-3.2367,3.3422,1,"(253, 219, 199)",64,55
6456,6456,0.8787878787878789,0.393939393939394,-3.2367,3.3422,1,"(253, 219, 199)",64,56
6457,6457,0.8787878787878789,0.4545454545454546,-3.2367,3.3422,1,"(253, 219, 199)",64,57
6458,6458,0.8787878787878789,0.5151515151515151,-3.2367,3.3422,1,"(253, 219, 199)",64,58
6459,6459,0.8787878787878789,0.5757575757575757,-3.2367,3.3422,1,"(253, 219, 199)",64,59
6460,6460,0.8787878787878789,0.6363636363636367,-3.2367,3.3422,1,"(253, 219, 199)",64,60
6461,6461,0.8787878787878789,0.6969696969696972,-3.2367,3.3422,1,"(253, 219, 199)",64,61
6462,6462,0.8787878787878789,0.7575757575757578,-3.2367,-3.3422,3,"(67, 147, 195)",64,62
6463,6463,0.8787878787878789,0.8181818181818183,-3.2367,3.3422,1,"(253, 219, 199)",64,63
6464,6464,0.8787878787878789,0.8787878787878789,3.1653,3.3425,2,"(209, 229, 240)",64,64
6465,6465,0.8787878787878789,0.9393939393939394,3.1653,3.3425,2,"(209, 229, 240)",64,65
6466,6466,0.8787878787878789,1.0,3.1653,3.3425,2,"(209, 229, 240)",64,66
6467,6467,0.8787878787878789,1.0606060606060606,3.1653,3.3425,2,"(209, 229, 240)",64,67
6468,6468,0.8787878787878789,1.121212121212121,3.1653,3.3425,2,"(209, 229, 240)",64,68
6469,6469,0.8787878787878789,1.1818181818181817,3.1653,3.3425,2,"(209, 229, 240)",64,69
6470,6470,0.8787878787878789,1.2424242424242422,3.1653,3.3425,2,"(209, 229, 240)",64,70
6471,6471,0.8787878787878789,1.3030303030303028,3.1653,3.3425,2,"(209, 229, 240)",64,71
6472,6472,0.8787878787878789,1.363636363636363,3.1653,3.3425,2,"(209, 229, 240)",64,72
6473,6473,0.8787878787878789,1.4242424242424248,3.1653,3.3425,2,"(209, 229, 240)",64,73
6474,6474,0.8787878787878789,1.4848484848484853,3.1653,3.3425,2,"(209, 229, 240)",64,74
6475,6475,0.8787878787878789,1.545454545454546,3.1653,3.3425,2,"(209, 229, 240)",64,75
6476,6476,0.8787878787878789,1.6060606060606064,3.1653,3.3425,2,"(209, 229, 240)",64,76
6477,6477,0.8787878787878789,1.666666666666667,3.1653,3.3425,2,"(209, 229, 240)",64,77
6478,6478,0.8787878787878789,1.7272727272727275,3.1653,3.3425,2,"(209, 229, 240)",64,78
6479,6479,0.8787878787878789,1.787878787878788,-3.2367,3.3422,1,"(253, 219, 199)",64,79
6480,6480,0.8787878787878789,1.8484848484848488,3.1653,3.3425,2,"(209, 229, 240)",64,80
6481,6481,0.8787878787878789,1.9090909090909087,3.1653,3.3425,2,"(209, 229, 240)",64,81
6482,6482,0.8787878787878789,1.9696969696969695,3.1653,-3.3425,0,"(214, 96, 77)",64,82
6483,6483,0.8787878787878789,2.0303030303030303,3.1653,3.3425,2,"(209, 229, 240)",64,83
6484,6484,0.8787878787878789,2.090909090909091,-3.2367,-3.3422,3,"(67, 147, 195)",64,84
6485,6485,0.8787878787878789,2.1515151515151514,3.1653,3.3425,2,"(209, 229, 240)",64,85
6486,6486,0.8787878787878789,2.212121212121212,-3.2367,-3.3422,3,"(67, 147, 195)",64,86
6487,6487,0.8787878787878789,2.2727272727272725,-3.2367,-3.3422,3,"(67, 147, 195)",64,87
6488,6488,0.8787878787878789,2.333333333333334,3.1653,-3.3425,0,"(214, 96, 77)",64,88
6489,6489,0.8787878787878789,2.3939393939393945,3.1653,3.3425,2,"(209, 229, 240)",64,89
6490,6490,0.8787878787878789,2.454545454545455,-3.2367,3.3422,1,"(253, 219, 199)",64,90
6491,6491,0.8787878787878789,2.515151515151516,-3.2367,-3.3422,3,"(67, 147, 195)",64,91
6492,6492,0.8787878787878789,2.575757575757576,3.1653,-3.3425,0,"(214, 96, 77)",64,92
6493,6493,0.8787878787878789,2.6363636363636367,3.1653,-3.3425,0,"(214, 96, 77)",64,93
6494,6494,0.8787878787878789,2.696969696969697,3.1653,3.3425,2,"(209, 229, 240)",64,94
6495,6495,0.8787878787878789,2.757575757575758,-3.2367,-3.3422,3,"(67, 147, 195)",64,95
6496,6496,0.8787878787878789,2.8181818181818183,-3.2367,-3.3422,3,"(67, 147, 195)",64,96
6497,6497,0.8787878787878789,2.878787878787879,-3.2367,-3.3422,3,"(67, 147, 195)",64,97
6498,6498,0.8787878787878789,2.9393939393939394,-3.2367,-3.3422,3,"(67, 147, 195)",64,98
6499,6499,0.8787878787878789,3.0,-3.2367,-3.3422,3,"(67, 147, 195)",64,99
6500,6500,0.9393939393939394,-3.0,-3.2367,-3.3422,3,"(67, 147, 195)",65,0
6501,6501,0.9393939393939394,-2.9393939393939394,-3.2367,-3.3422,3,"(67, 147, 195)",65,1
6502,6502,0.9393939393939394,-2.878787878787879,-3.2367,-3.3422,3,"(67, 147, 195)",65,2
6503,6503,0.9393939393939394,-2.8181818181818183,-3.2367,3.3422,1,"(253, 219, 199)",65,3
6504,6504,0.9393939393939394,-2.757575757575758,3.1653,3.3425,2,"(209, 229, 240)",65,4
6505,6505,0.9393939393939394,-2.696969696969697,-3.2367,3.3422,1,"(253, 219, 199)",65,5
6506,6506,0.9393939393939394,-2.636363636363636,-3.2367,3.3422,1,"(253, 219, 199)",65,6
6507,6507,0.9393939393939394,-2.575757575757576,-3.2367,3.3422,1,"(253, 219, 199)",65,7
6508,6508,0.9393939393939394,-2.515151515151515,-3.2367,3.3422,1,"(253, 219, 199)",65,8
6509,6509,0.9393939393939394,-2.4545454545454546,-3.2367,3.3422,1,"(253, 219, 199)",65,9
6510,6510,0.9393939393939394,-2.393939393939394,-3.2367,3.3422,1,"(253, 219, 199)",65,10
6511,6511,0.9393939393939394,-2.333333333333333,-3.2367,3.3422,1,"(253, 219, 199)",65,11
6512,6512,0.9393939393939394,-2.2727272727272725,-3.2367,3.3422,1,"(253, 219, 199)",65,12
6513,6513,0.9393939393939394,-2.212121212121212,3.1653,-3.3425,0,"(214, 96, 77)",65,13
6514,6514,0.9393939393939394,-2.1515151515151514,3.1653,-3.3425,0,"(214, 96, 77)",65,14
6515,6515,0.9393939393939394,-2.090909090909091,-3.2367,-3.3422,3,"(67, 147, 195)",65,15
6516,6516,0.9393939393939394,-2.0303030303030303,-3.2367,-3.3422,3,"(67, 147, 195)",65,16
6517,6517,0.9393939393939394,-1.9696969696969695,-3.2367,-3.3422,3,"(67, 147, 195)",65,17
6518,6518,0.9393939393939394,-1.9090909090909087,3.1653,-3.3425,0,"(214, 96, 77)",65,18
6519,6519,0.9393939393939394,-1.8484848484848484,3.1653,-3.3425,0,"(214, 96, 77)",65,19
6520,6520,0.9393939393939394,-1.7878787878787878,3.1653,-3.3425,0,"(214, 96, 77)",65,20
6521,6521,0.9393939393939394,-1.7272727272727273,3.1653,-3.3425,0,"(214, 96, 77)",65,21
6522,6522,0.9393939393939394,-1.6666666666666663,3.1653,-3.3425,0,"(214, 96, 77)",65,22
6523,6523,0.9393939393939394,-1.606060606060606,3.1653,-3.3425,0,"(214, 96, 77)",65,23
6524,6524,0.9393939393939394,-1.5454545454545454,3.1653,-3.3425,0,"(214, 96, 77)",65,24
6525,6525,0.9393939393939394,-1.4848484848484849,3.1653,-3.3425,0,"(214, 96, 77)",65,25
6526,6526,0.9393939393939394,-1.4242424242424243,3.1653,-3.3425,0,"(214, 96, 77)",65,26
6527,6527,0.9393939393939394,-1.3636363636363635,3.1653,-3.3425,0,"(214, 96, 77)",65,27
6528,6528,0.9393939393939394,-1.303030303030303,3.1653,-3.3425,0,"(214, 96, 77)",65,28
6529,6529,0.9393939393939394,-1.2424242424242424,3.1653,-3.3425,0,"(214, 96, 77)",65,29
6530,6530,0.9393939393939394,-1.1818181818181817,3.1653,-3.3425,0,"(214, 96, 77)",65,30
6531,6531,0.9393939393939394,-1.121212121212121,3.1653,-3.3425,0,"(214, 96, 77)",65,31
6532,6532,0.9393939393939394,-1.0606060606060606,3.1653,-3.3425,0,"(214, 96, 77)",65,32
6533,6533,0.9393939393939394,-1.0,3.1653,-3.3425,0,"(214, 96, 77)",65,33
6534,6534,0.9393939393939394,-0.9393939393939394,3.1653,-3.3425,0,"(214, 96, 77)",65,34
6535,6535,0.9393939393939394,-0.8787878787878789,3.1653,-3.3425,0,"(214, 96, 77)",65,35
6536,6536,0.9393939393939394,-0.8181818181818183,3.1653,-3.3425,0,"(214, 96, 77)",65,36
6537,6537,0.9393939393939394,-0.7575757575757573,3.1653,-3.3425,0,"(214, 96, 77)",65,37
6538,6538,0.9393939393939394,-0.6969696969696968,-3.2367,-3.3422,3,"(67, 147, 195)",65,38
6539,6539,0.9393939393939394,-0.6363636363636362,-3.2367,-3.3422,3,"(67, 147, 195)",65,39
6540,6540,0.9393939393939394,-0.5757575757575757,-3.2367,-3.3422,3,"(67, 147, 195)",65,40
6541,6541,0.9393939393939394,-0.5151515151515151,-3.2367,-3.3422,3,"(67, 147, 195)",65,41
6542,6542,0.9393939393939394,-0.4545454545454546,-3.2367,-3.3422,3,"(67, 147, 195)",65,42
6543,6543,0.9393939393939394,-0.393939393939394,-3.2367,-3.3422,3,"(67, 147, 195)",65,43
6544,6544,0.9393939393939394,-0.333333333333333,-3.2367,-3.3422,3,"(67, 147, 195)",65,44
6545,6545,0.9393939393939394,-0.2727272727272725,-3.2367,-3.3422,3,"(67, 147, 195)",65,45
6546,6546,0.9393939393939394,-0.2121212121212119,-3.2367,-3.3422,3,"(67, 147, 195)",65,46
6547,6547,0.9393939393939394,-0.1515151515151513,-3.2367,-3.3422,3,"(67, 147, 195)",65,47
6548,6548,0.9393939393939394,-0.0909090909090908,-3.2367,-3.3422,3,"(67, 147, 195)",65,48
6549,6549,0.9393939393939394,-0.0303030303030302,-3.2367,-3.3422,3,"(67, 147, 195)",65,49
6550,6550,0.9393939393939394,0.0303030303030302,-3.2367,3.3422,1,"(253, 219, 199)",65,50
6551,6551,0.9393939393939394,0.0909090909090908,-3.2367,3.3422,1,"(253, 219, 199)",65,51
6552,6552,0.9393939393939394,0.1515151515151513,-3.2367,3.3422,1,"(253, 219, 199)",65,52
6553,6553,0.9393939393939394,0.2121212121212123,-3.2367,3.3422,1,"(253, 219, 199)",65,53
6554,6554,0.9393939393939394,0.2727272727272729,-3.2367,3.3422,1,"(253, 219, 199)",65,54
6555,6555,0.9393939393939394,0.3333333333333335,-3.2367,3.3422,1,"(253, 219, 199)",65,55
6556,6556,0.9393939393939394,0.393939393939394,-3.2367,3.3422,1,"(253, 219, 199)",65,56
6557,6557,0.9393939393939394,0.4545454545454546,-3.2367,3.3422,1,"(253, 219, 199)",65,57
6558,6558,0.9393939393939394,0.5151515151515151,-3.2367,3.3422,1,"(253, 219, 199)",65,58
6559,6559,0.9393939393939394,0.5757575757575757,-3.2367,3.3422,1,"(253, 219, 199)",65,59
6560,6560,0.9393939393939394,0.6363636363636367,-3.2367,3.3422,1,"(253, 219, 199)",65,60
6561,6561,0.9393939393939394,0.6969696969696972,-3.2367,3.3422,1,"(253, 219, 199)",65,61
6562,6562,0.9393939393939394,0.7575757575757578,3.1653,3.3425,2,"(209, 229, 240)",65,62
6563,6563,0.9393939393939394,0.8181818181818183,3.1653,3.3425,2,"(209, 229, 240)",65,63
6564,6564,0.9393939393939394,0.8787878787878789,3.1653,3.3425,2,"(209, 229, 240)",65,64
6565,6565,0.9393939393939394,0.9393939393939394,3.1653,3.3425,2,"(209, 229, 240)",65,65
6566,6566,0.9393939393939394,1.0,3.1653,3.3425,2,"(209, 229, 240)",65,66
6567,6567,0.9393939393939394,1.0606060606060606,3.1653,3.3425,2,"(209, 229, 240)",65,67
6568,6568,0.9393939393939394,1.121212121212121,3.1653,3.3425,2,"(209, 229, 240)",65,68
6569,6569,0.9393939393939394,1.1818181818181817,3.1653,3.3425,2,"(209, 229, 240)",65,69
6570,6570,0.9393939393939394,1.2424242424242422,3.1653,3.3425,2,"(209, 229, 240)",65,70
6571,6571,0.9393939393939394,1.3030303030303028,3.1653,3.3425,2,"(209, 229, 240)",65,71
6572,6572,0.9393939393939394,1.363636363636363,3.1653,3.3425,2,"(209, 229, 240)",65,72
6573,6573,0.9393939393939394,1.4242424242424248,3.1653,3.3425,2,"(209, 229, 240)",65,73
6574,6574,0.9393939393939394,1.4848484848484853,3.1653,3.3425,2,"(209, 229, 240)",65,74
6575,6575,0.9393939393939394,1.545454545454546,3.1653,3.3425,2,"(209, 229, 240)",65,75
6576,6576,0.9393939393939394,1.6060606060606064,3.1653,3.3425,2,"(209, 229, 240)",65,76
6577,6577,0.9393939393939394,1.666666666666667,3.1653,3.3425,2,"(209, 229, 240)",65,77
6578,6578,0.9393939393939394,1.7272727272727275,3.1653,3.3425,2,"(209, 229, 240)",65,78
6579,6579,0.9393939393939394,1.787878787878788,3.1653,3.3425,2,"(209, 229, 240)",65,79
6580,6580,0.9393939393939394,1.8484848484848488,3.1653,3.3425,2,"(209, 229, 240)",65,80
6581,6581,0.9393939393939394,1.9090909090909087,3.1653,3.3425,2,"(209, 229, 240)",65,81
6582,6582,0.9393939393939394,1.9696969696969695,-3.2367,3.3422,1,"(253, 219, 199)",65,82
6583,6583,0.9393939393939394,2.0303030303030303,-3.2367,3.3422,1,"(253, 219, 199)",65,83
6584,6584,0.9393939393939394,2.090909090909091,-3.2367,3.3422,1,"(253, 219, 199)",65,84
6585,6585,0.9393939393939394,2.1515151515151514,3.1653,3.3425,2,"(209, 229, 240)",65,85
6586,6586,0.9393939393939394,2.212121212121212,3.1653,3.3425,2,"(209, 229, 240)",65,86
6587,6587,0.9393939393939394,2.2727272727272725,-3.2367,-3.3422,3,"(67, 147, 195)",65,87
6588,6588,0.9393939393939394,2.333333333333334,-3.2367,-3.3422,3,"(67, 147, 195)",65,88
6589,6589,0.9393939393939394,2.3939393939393945,-3.2367,-3.3422,3,"(67, 147, 195)",65,89
6590,6590,0.9393939393939394,2.454545454545455,-3.2367,-3.3422,3,"(67, 147, 195)",65,90
6591,6591,0.9393939393939394,2.515151515151516,-3.2367,-3.3422,3,"(67, 147, 195)",65,91
6592,6592,0.9393939393939394,2.575757575757576,-3.2367,-3.3422,3,"(67, 147, 195)",65,92
6593,6593,0.9393939393939394,2.6363636363636367,-3.2367,-3.3422,3,"(67, 147, 195)",65,93
6594,6594,0.9393939393939394,2.696969696969697,-3.2367,-3.3422,3,"(67, 147, 195)",65,94
6595,6595,0.9393939393939394,2.757575757575758,3.1653,-3.3425,0,"(214, 96, 77)",65,95
6596,6596,0.9393939393939394,2.8181818181818183,-3.2367,-3.3422,3,"(67, 147, 195)",65,96
6597,6597,0.9393939393939394,2.878787878787879,-3.2367,3.3422,1,"(253, 219, 199)",65,97
6598,6598,0.9393939393939394,2.9393939393939394,-3.2367,3.3422,1,"(253, 219, 199)",65,98
6599,6599,0.9393939393939394,3.0,-3.2367,3.3422,1,"(253, 219, 199)",65,99
6600,6600,1.0,-3.0,-3.2367,-3.3422,3,"(67, 147, 195)",66,0
6601,6601,1.0,-2.9393939393939394,-3.2367,-3.3422,3,"(67, 147, 195)",66,1
6602,6602,1.0,-2.878787878787879,-3.2367,-3.3422,3,"(67, 147, 195)",66,2
6603,6603,1.0,-2.8181818181818183,-3.2367,-3.3422,3,"(67, 147, 195)",66,3
6604,6604,1.0,-2.757575757575758,-3.2367,-3.3422,3,"(67, 147, 195)",66,4
6605,6605,1.0,-2.696969696969697,3.1653,-3.3425,0,"(214, 96, 77)",66,5
6606,6606,1.0,-2.636363636363636,-3.2367,-3.3422,3,"(67, 147, 195)",66,6
6607,6607,1.0,-2.575757575757576,-3.2367,-3.3422,3,"(67, 147, 195)",66,7
6608,6608,1.0,-2.515151515151515,-3.2367,-3.3422,3,"(67, 147, 195)",66,8
6609,6609,1.0,-2.4545454545454546,3.1653,-3.3425,0,"(214, 96, 77)",66,9
6610,6610,1.0,-2.393939393939394,-3.2367,-3.3422,3,"(67, 147, 195)",66,10
6611,6611,1.0,-2.333333333333333,-3.2367,-3.3422,3,"(67, 147, 195)",66,11
6612,6612,1.0,-2.2727272727272725,-3.2367,-3.3422,3,"(67, 147, 195)",66,12
6613,6613,1.0,-2.212121212121212,-3.2367,-3.3422,3,"(67, 147, 195)",66,13
6614,6614,1.0,-2.1515151515151514,-3.2367,3.3422,1,"(253, 219, 199)",66,14
6615,6615,1.0,-2.090909090909091,3.1653,-3.3425,0,"(214, 96, 77)",66,15
6616,6616,1.0,-2.0303030303030303,3.1653,-3.3425,0,"(214, 96, 77)",66,16
6617,6617,1.0,-1.9696969696969695,3.1653,-3.3425,0,"(214, 96, 77)",66,17
6618,6618,1.0,-1.9090909090909087,3.1653,-3.3425,0,"(214, 96, 77)",66,18
6619,6619,1.0,-1.8484848484848484,3.1653,-3.3425,0,"(214, 96, 77)",66,19
6620,6620,1.0,-1.7878787878787878,3.1653,-3.3425,0,"(214, 96, 77)",66,20
6621,6621,1.0,-1.7272727272727273,3.1653,-3.3425,0,"(214, 96, 77)",66,21
6622,6622,1.0,-1.6666666666666663,3.1653,-3.3425,0,"(214, 96, 77)",66,22
6623,6623,1.0,-1.606060606060606,3.1653,-3.3425,0,"(214, 96, 77)",66,23
6624,6624,1.0,-1.5454545454545454,3.1653,-3.3425,0,"(214, 96, 77)",66,24
6625,6625,1.0,-1.4848484848484849,3.1653,-3.3425,0,"(214, 96, 77)",66,25
6626,6626,1.0,-1.4242424242424243,3.1653,-3.3425,0,"(214, 96, 77)",66,26
6627,6627,1.0,-1.3636363636363635,3.1653,-3.3425,0,"(214, 96, 77)",66,27
6628,6628,1.0,-1.303030303030303,3.1653,-3.3425,0,"(214, 96, 77)",66,28
6629,6629,1.0,-1.2424242424242424,3.1653,-3.3425,0,"(214, 96, 77)",66,29
6630,6630,1.0,-1.1818181818181817,3.1653,-3.3425,0,"(214, 96, 77)",66,30
6631,6631,1.0,-1.121212121212121,3.1653,-3.3425,0,"(214, 96, 77)",66,31
6632,6632,1.0,-1.0606060606060606,3.1653,-3.3425,0,"(214, 96, 77)",66,32
6633,6633,1.0,-1.0,3.1653,-3.3425,0,"(214, 96, 77)",66,33
6634,6634,1.0,-0.9393939393939394,3.1653,-3.3425,0,"(214, 96, 77)",66,34
6635,6635,1.0,-0.8787878787878789,3.1653,3.3425,2,"(209, 229, 240)",66,35
6636,6636,1.0,-0.8181818181818183,-3.2367,-3.3422,3,"(67, 147, 195)",66,36
6637,6637,1.0,-0.7575757575757573,3.1653,-3.3425,0,"(214, 96, 77)",66,37
6638,6638,1.0,-0.6969696969696968,-3.2367,-3.3422,3,"(67, 147, 195)",66,38
6639,6639,1.0,-0.6363636363636362,-3.2367,-3.3422,3,"(67, 147, 195)",66,39
6640,6640,1.0,-0.5757575757575757,-3.2367,-3.3422,3,"(67, 147, 195)",66,40
6641,6641,1.0,-0.5151515151515151,-3.2367,-3.3422,3,"(67, 147, 195)",66,41
6642,6642,1.0,-0.4545454545454546,-3.2367,-3.3422,3,"(67, 147, 195)",66,42
6643,6643,1.0,-0.393939393939394,-3.2367,-3.3422,3,"(67, 147, 195)",66,43
6644,6644,1.0,-0.333333333333333,-3.2367,-3.3422,3,"(67, 147, 195)",66,44
6645,6645,1.0,-0.2727272727272725,-3.2367,-3.3422,3,"(67, 147, 195)",66,45
6646,6646,1.0,-0.2121212121212119,-3.2367,-3.3422,3,"(67, 147, 195)",66,46
6647,6647,1.0,-0.1515151515151513,-3.2367,-3.3422,3,"(67, 147, 195)",66,47
6648,6648,1.0,-0.0909090909090908,-3.2367,-3.3422,3,"(67, 147, 195)",66,48
6649,6649,1.0,-0.0303030303030302,3.1653,-3.3425,0,"(214, 96, 77)",66,49
6650,6650,1.0,0.0303030303030302,3.1653,3.3425,2,"(209, 229, 240)",66,50
6651,6651,1.0,0.0909090909090908,-3.2367,3.3422,1,"(253, 219, 199)",66,51
6652,6652,1.0,0.1515151515151513,-3.2367,3.3422,1,"(253, 219, 199)",66,52
6653,6653,1.0,0.2121212121212123,-3.2367,3.3422,1,"(253, 219, 199)",66,53
6654,6654,1.0,0.2727272727272729,-3.2367,3.3422,1,"(253, 219, 199)",66,54
6655,6655,1.0,0.3333333333333335,-3.2367,3.3422,1,"(253, 219, 199)",66,55
6656,6656,1.0,0.393939393939394,-3.2367,3.3422,1,"(253, 219, 199)",66,56
6657,6657,1.0,0.4545454545454546,-3.2367,3.3422,1,"(253, 219, 199)",66,57
6658,6658,1.0,0.5151515151515151,-3.2367,3.3422,1,"(253, 219, 199)",66,58
6659,6659,1.0,0.5757575757575757,-3.2367,3.3422,1,"(253, 219, 199)",66,59
6660,6660,1.0,0.6363636363636367,-3.2367,3.3422,1,"(253, 219, 199)",66,60
6661,6661,1.0,0.6969696969696972,-3.2367,3.3422,1,"(253, 219, 199)",66,61
6662,6662,1.0,0.7575757575757578,3.1653,3.3425,2,"(209, 229, 240)",66,62
6663,6663,1.0,0.8181818181818183,-3.2367,3.3422,1,"(253, 219, 199)",66,63
6664,6664,1.0,0.8787878787878789,3.1653,-3.3425,0,"(214, 96, 77)",66,64
6665,6665,1.0,0.9393939393939394,3.1653,3.3425,2,"(209, 229, 240)",66,65
6666,6666,1.0,1.0,3.1653,3.3425,2,"(209, 229, 240)",66,66
6667,6667,1.0,1.0606060606060606,3.1653,3.3425,2,"(209, 229, 240)",66,67
6668,6668,1.0,1.121212121212121,3.1653,3.3425,2,"(209, 229, 240)",66,68
6669,6669,1.0,1.1818181818181817,3.1653,3.3425,2,"(209, 229, 240)",66,69
6670,6670,1.0,1.2424242424242422,3.1653,3.3425,2,"(209, 229, 240)",66,70
6671,6671,1.0,1.3030303030303028,3.1653,3.3425,2,"(209, 229, 240)",66,71
6672,6672,1.0,1.363636363636363,3.1653,3.3425,2,"(209, 229, 240)",66,72
6673,6673,1.0,1.4242424242424248,3.1653,3.3425,2,"(209, 229, 240)",66,73
6674,6674,1.0,1.4848484848484853,3.1653,3.3425,2,"(209, 229, 240)",66,74
6675,6675,1.0,1.545454545454546,3.1653,3.3425,2,"(209, 229, 240)",66,75
6676,6676,1.0,1.6060606060606064,3.1653,3.3425,2,"(209, 229, 240)",66,76
6677,6677,1.0,1.666666666666667,3.1653,3.3425,2,"(209, 229, 240)",66,77
6678,6678,1.0,1.7272727272727275,3.1653,3.3425,2,"(209, 229, 240)",66,78
6679,6679,1.0,1.787878787878788,3.1653,3.3425,2,"(209, 229, 240)",66,79
6680,6680,1.0,1.8484848484848488,3.1653,3.3425,2,"(209, 229, 240)",66,80
6681,6681,1.0,1.9090909090909087,3.1653,3.3425,2,"(209, 229, 240)",66,81
6682,6682,1.0,1.9696969696969695,3.1653,3.3425,2,"(209, 229, 240)",66,82
6683,6683,1.0,2.0303030303030303,3.1653,3.3425,2,"(209, 229, 240)",66,83
6684,6684,1.0,2.090909090909091,3.1653,3.3425,2,"(209, 229, 240)",66,84
6685,6685,1.0,2.1515151515151514,-3.2367,-3.3422,3,"(67, 147, 195)",66,85
6686,6686,1.0,2.212121212121212,-3.2367,3.3422,1,"(253, 219, 199)",66,86
6687,6687,1.0,2.2727272727272725,-3.2367,3.3422,1,"(253, 219, 199)",66,87
6688,6688,1.0,2.333333333333334,-3.2367,3.3422,1,"(253, 219, 199)",66,88
6689,6689,1.0,2.3939393939393945,-3.2367,3.3422,1,"(253, 219, 199)",66,89
6690,6690,1.0,2.454545454545455,3.1653,3.3425,2,"(209, 229, 240)",66,90
6691,6691,1.0,2.515151515151516,-3.2367,3.3422,1,"(253, 219, 199)",66,91
6692,6692,1.0,2.575757575757576,-3.2367,3.3422,1,"(253, 219, 199)",66,92
6693,6693,1.0,2.6363636363636367,-3.2367,3.3422,1,"(253, 219, 199)",66,93
6694,6694,1.0,2.696969696969697,3.1653,3.3425,2,"(209, 229, 240)",66,94
6695,6695,1.0,2.757575757575758,-3.2367,3.3422,1,"(253, 219, 199)",66,95
6696,6696,1.0,2.8181818181818183,-3.2367,3.3422,1,"(253, 219, 199)",66,96
6697,6697,1.0,2.878787878787879,-3.2367,3.3422,1,"(253, 219, 199)",66,97
6698,6698,1.0,2.9393939393939394,-3.2367,3.3422,1,"(253, 219, 199)",66,98
6699,6699,1.0,3.0,-3.2367,3.3422,1,"(253, 219, 199)",66,99
6700,6700,1.0606060606060606,-3.0,3.1653,3.3425,2,"(209, 229, 240)",67,0
6701,6701,1.0606060606060606,-2.9393939393939394,-3.2367,-3.3422,3,"(67, 147, 195)",67,1
6702,6702,1.0606060606060606,-2.878787878787879,-3.2367,-3.3422,3,"(67, 147, 195)",67,2
6703,6703,1.0606060606060606,-2.8181818181818183,-3.2367,-3.3422,3,"(67, 147, 195)",67,3
6704,6704,1.0606060606060606,-2.757575757575758,-3.2367,3.3422,1,"(253, 219, 199)",67,4
6705,6705,1.0606060606060606,-2.696969696969697,3.1653,3.3425,2,"(209, 229, 240)",67,5
6706,6706,1.0606060606060606,-2.636363636363636,3.1653,-3.3425,0,"(214, 96, 77)",67,6
6707,6707,1.0606060606060606,-2.575757575757576,-3.2367,-3.3422,3,"(67, 147, 195)",67,7
6708,6708,1.0606060606060606,-2.515151515151515,-3.2367,-3.3422,3,"(67, 147, 195)",67,8
6709,6709,1.0606060606060606,-2.4545454545454546,-3.2367,-3.3422,3,"(67, 147, 195)",67,9
6710,6710,1.0606060606060606,-2.393939393939394,3.1653,3.3425,2,"(209, 229, 240)",67,10
6711,6711,1.0606060606060606,-2.333333333333333,3.1653,-3.3425,0,"(214, 96, 77)",67,11
6712,6712,1.0606060606060606,-2.2727272727272725,3.1653,-3.3425,0,"(214, 96, 77)",67,12
6713,6713,1.0606060606060606,-2.212121212121212,-3.2367,-3.3422,3,"(67, 147, 195)",67,13
6714,6714,1.0606060606060606,-2.1515151515151514,3.1653,-3.3425,0,"(214, 96, 77)",67,14
6715,6715,1.0606060606060606,-2.090909090909091,3.1653,-3.3425,0,"(214, 96, 77)",67,15
6716,6716,1.0606060606060606,-2.0303030303030303,3.1653,-3.3425,0,"(214, 96, 77)",67,16
6717,6717,1.0606060606060606,-1.9696969696969695,3.1653,-3.3425,0,"(214, 96, 77)",67,17
6718,6718,1.0606060606060606,-1.9090909090909087,3.1653,-3.3425,0,"(214, 96, 77)",67,18
6719,6719,1.0606060606060606,-1.8484848484848484,3.1653,-3.3425,0,"(214, 96, 77)",67,19
6720,6720,1.0606060606060606,-1.7878787878787878,3.1653,-3.3425,0,"(214, 96, 77)",67,20
6721,6721,1.0606060606060606,-1.7272727272727273,3.1653,-3.3425,0,"(214, 96, 77)",67,21
6722,6722,1.0606060606060606,-1.6666666666666663,3.1653,-3.3425,0,"(214, 96, 77)",67,22
6723,6723,1.0606060606060606,-1.606060606060606,3.1653,-3.3425,0,"(214, 96, 77)",67,23
6724,6724,1.0606060606060606,-1.5454545454545454,3.1653,-3.3425,0,"(214, 96, 77)",67,24
6725,6725,1.0606060606060606,-1.4848484848484849,3.1653,-3.3425,0,"(214, 96, 77)",67,25
6726,6726,1.0606060606060606,-1.4242424242424243,3.1653,-3.3425,0,"(214, 96, 77)",67,26
6727,6727,1.0606060606060606,-1.3636363636363635,3.1653,-3.3425,0,"(214, 96, 77)",67,27
6728,6728,1.0606060606060606,-1.303030303030303,3.1653,-3.3425,0,"(214, 96, 77)",67,28
6729,6729,1.0606060606060606,-1.2424242424242424,3.1653,-3.3425,0,"(214, 96, 77)",67,29
6730,6730,1.0606060606060606,-1.1818181818181817,3.1653,-3.3425,0,"(214, 96, 77)",67,30
6731,6731,1.0606060606060606,-1.121212121212121,3.1653,-3.3425,0,"(214, 96, 77)",67,31
6732,6732,1.0606060606060606,-1.0606060606060606,3.1653,-3.3425,0,"(214, 96, 77)",67,32
6733,6733,1.0606060606060606,-1.0,3.1653,-3.3425,0,"(214, 96, 77)",67,33
6734,6734,1.0606060606060606,-0.9393939393939394,3.1653,-3.3425,0,"(214, 96, 77)",67,34
6735,6735,1.0606060606060606,-0.8787878787878789,3.1653,-3.3425,0,"(214, 96, 77)",67,35
6736,6736,1.0606060606060606,-0.8181818181818183,-3.2367,3.3422,1,"(253, 219, 199)",67,36
6737,6737,1.0606060606060606,-0.7575757575757573,-3.2367,-3.3422,3,"(67, 147, 195)",67,37
6738,6738,1.0606060606060606,-0.6969696969696968,-3.2367,-3.3422,3,"(67, 147, 195)",67,38
6739,6739,1.0606060606060606,-0.6363636363636362,-3.2367,-3.3422,3,"(67, 147, 195)",67,39
6740,6740,1.0606060606060606,-0.5757575757575757,-3.2367,-3.3422,3,"(67, 147, 195)",67,40
6741,6741,1.0606060606060606,-0.5151515151515151,-3.2367,-3.3422,3,"(67, 147, 195)",67,41
6742,6742,1.0606060606060606,-0.4545454545454546,-3.2367,-3.3422,3,"(67, 147, 195)",67,42
6743,6743,1.0606060606060606,-0.393939393939394,-3.2367,-3.3422,3,"(67, 147, 195)",67,43
6744,6744,1.0606060606060606,-0.333333333333333,-3.2367,-3.3422,3,"(67, 147, 195)",67,44
6745,6745,1.0606060606060606,-0.2727272727272725,-3.2367,-3.3422,3,"(67, 147, 195)",67,45
6746,6746,1.0606060606060606,-0.2121212121212119,-3.2367,-3.3422,3,"(67, 147, 195)",67,46
6747,6747,1.0606060606060606,-0.1515151515151513,-3.2367,-3.3422,3,"(67, 147, 195)",67,47
6748,6748,1.0606060606060606,-0.0909090909090908,-3.2367,-3.3422,3,"(67, 147, 195)",67,48
6749,6749,1.0606060606060606,-0.0303030303030302,3.1653,-3.3425,0,"(214, 96, 77)",67,49
6750,6750,1.0606060606060606,0.0303030303030302,3.1653,3.3425,2,"(209, 229, 240)",67,50
6751,6751,1.0606060606060606,0.0909090909090908,-3.2367,3.3422,1,"(253, 219, 199)",67,51
6752,6752,1.0606060606060606,0.1515151515151513,-3.2367,3.3422,1,"(253, 219, 199)",67,52
6753,6753,1.0606060606060606,0.2121212121212123,-3.2367,3.3422,1,"(253, 219, 199)",67,53
6754,6754,1.0606060606060606,0.2727272727272729,-3.2367,3.3422,1,"(253, 219, 199)",67,54
6755,6755,1.0606060606060606,0.3333333333333335,-3.2367,3.3422,1,"(253, 219, 199)",67,55
6756,6756,1.0606060606060606,0.393939393939394,-3.2367,3.3422,1,"(253, 219, 199)",67,56
6757,6757,1.0606060606060606,0.4545454545454546,-3.2367,3.3422,1,"(253, 219, 199)",67,57
6758,6758,1.0606060606060606,0.5151515151515151,-3.2367,3.3422,1,"(253, 219, 199)",67,58
6759,6759,1.0606060606060606,0.5757575757575757,-3.2367,3.3422,1,"(253, 219, 199)",67,59
6760,6760,1.0606060606060606,0.6363636363636367,-3.2367,3.3422,1,"(253, 219, 199)",67,60
6761,6761,1.0606060606060606,0.6969696969696972,-3.2367,3.3422,1,"(253, 219, 199)",67,61
6762,6762,1.0606060606060606,0.7575757575757578,-3.2367,3.3422,1,"(253, 219, 199)",67,62
6763,6763,1.0606060606060606,0.8181818181818183,-3.2367,-3.3422,3,"(67, 147, 195)",67,63
6764,6764,1.0606060606060606,0.8787878787878789,3.1653,3.3425,2,"(209, 229, 240)",67,64
6765,6765,1.0606060606060606,0.9393939393939394,3.1653,3.3425,2,"(209, 229, 240)",67,65
6766,6766,1.0606060606060606,1.0,3.1653,3.3425,2,"(209, 229, 240)",67,66
6767,6767,1.0606060606060606,1.0606060606060606,3.1653,3.3425,2,"(209, 229, 240)",67,67
6768,6768,1.0606060606060606,1.121212121212121,3.1653,3.3425,2,"(209, 229, 240)",67,68
6769,6769,1.0606060606060606,1.1818181818181817,3.1653,3.3425,2,"(209, 229, 240)",67,69
6770,6770,1.0606060606060606,1.2424242424242422,3.1653,3.3425,2,"(209, 229, 240)",67,70
6771,6771,1.0606060606060606,1.3030303030303028,3.1653,3.3425,2,"(209, 229, 240)",67,71
6772,6772,1.0606060606060606,1.363636363636363,3.1653,3.3425,2,"(209, 229, 240)",67,72
6773,6773,1.0606060606060606,1.4242424242424248,3.1653,3.3425,2,"(209, 229, 240)",67,73
6774,6774,1.0606060606060606,1.4848484848484853,3.1653,3.3425,2,"(209, 229, 240)",67,74
6775,6775,1.0606060606060606,1.545454545454546,3.1653,3.3425,2,"(209, 229, 240)",67,75
6776,6776,1.0606060606060606,1.6060606060606064,3.1653,3.3425,2,"(209, 229, 240)",67,76
6777,6777,1.0606060606060606,1.666666666666667,3.1653,3.3425,2,"(209, 229, 240)",67,77
6778,6778,1.0606060606060606,1.7272727272727275,3.1653,3.3425,2,"(209, 229, 240)",67,78
6779,6779,1.0606060606060606,1.787878787878788,3.1653,3.3425,2,"(209, 229, 240)",67,79
6780,6780,1.0606060606060606,1.8484848484848488,3.1653,3.3425,2,"(209, 229, 240)",67,80
6781,6781,1.0606060606060606,1.9090909090909087,3.1653,3.3425,2,"(209, 229, 240)",67,81
6782,6782,1.0606060606060606,1.9696969696969695,3.1653,3.3425,2,"(209, 229, 240)",67,82
6783,6783,1.0606060606060606,2.0303030303030303,3.1653,3.3425,2,"(209, 229, 240)",67,83
6784,6784,1.0606060606060606,2.090909090909091,3.1653,3.3425,2,"(209, 229, 240)",67,84
6785,6785,1.0606060606060606,2.1515151515151514,3.1653,3.3425,2,"(209, 229, 240)",67,85
6786,6786,1.0606060606060606,2.212121212121212,-3.2367,3.3422,1,"(253, 219, 199)",67,86
6787,6787,1.0606060606060606,2.2727272727272725,3.1653,3.3425,2,"(209, 229, 240)",67,87
6788,6788,1.0606060606060606,2.333333333333334,3.1653,3.3425,2,"(209, 229, 240)",67,88
6789,6789,1.0606060606060606,2.3939393939393945,3.1653,-3.3425,0,"(214, 96, 77)",67,89
6790,6790,1.0606060606060606,2.454545454545455,-3.2367,3.3422,1,"(253, 219, 199)",67,90
6791,6791,1.0606060606060606,2.515151515151516,-3.2367,3.3422,1,"(253, 219, 199)",67,91
6792,6792,1.0606060606060606,2.575757575757576,-3.2367,3.3422,1,"(253, 219, 199)",67,92
6793,6793,1.0606060606060606,2.6363636363636367,3.1653,3.3425,2,"(209, 229, 240)",67,93
6794,6794,1.0606060606060606,2.696969696969697,3.1653,-3.3425,0,"(214, 96, 77)",67,94
6795,6795,1.0606060606060606,2.757575757575758,-3.2367,-3.3422,3,"(67, 147, 195)",67,95
6796,6796,1.0606060606060606,2.8181818181818183,-3.2367,3.3422,1,"(253, 219, 199)",67,96
6797,6797,1.0606060606060606,2.878787878787879,-3.2367,3.3422,1,"(253, 219, 199)",67,97
6798,6798,1.0606060606060606,2.9393939393939394,-3.2367,3.3422,1,"(253, 219, 199)",67,98
6799,6799,1.0606060606060606,3.0,3.1653,-3.3425,0,"(214, 96, 77)",67,99
6800,6800,1.121212121212121,-3.0,3.1653,-3.3425,0,"(214, 96, 77)",68,0
6801,6801,1.121212121212121,-2.9393939393939394,3.1653,3.3425,2,"(209, 229, 240)",68,1
6802,6802,1.121212121212121,-2.878787878787879,-3.2367,3.3422,1,"(253, 219, 199)",68,2
6803,6803,1.121212121212121,-2.8181818181818183,-3.2367,3.3422,1,"(253, 219, 199)",68,3
6804,6804,1.121212121212121,-2.757575757575758,3.1653,3.3425,2,"(209, 229, 240)",68,4
6805,6805,1.121212121212121,-2.696969696969697,3.1653,3.3425,2,"(209, 229, 240)",68,5
6806,6806,1.121212121212121,-2.636363636363636,3.1653,-3.3425,0,"(214, 96, 77)",68,6
6807,6807,1.121212121212121,-2.575757575757576,3.1653,-3.3425,0,"(214, 96, 77)",68,7
6808,6808,1.121212121212121,-2.515151515151515,3.1653,-3.3425,0,"(214, 96, 77)",68,8
6809,6809,1.121212121212121,-2.4545454545454546,3.1653,-3.3425,0,"(214, 96, 77)",68,9
6810,6810,1.121212121212121,-2.393939393939394,-3.2367,3.3422,1,"(253, 219, 199)",68,10
6811,6811,1.121212121212121,-2.333333333333333,3.1653,-3.3425,0,"(214, 96, 77)",68,11
6812,6812,1.121212121212121,-2.2727272727272725,3.1653,-3.3425,0,"(214, 96, 77)",68,12
6813,6813,1.121212121212121,-2.212121212121212,3.1653,-3.3425,0,"(214, 96, 77)",68,13
6814,6814,1.121212121212121,-2.1515151515151514,3.1653,-3.3425,0,"(214, 96, 77)",68,14
6815,6815,1.121212121212121,-2.090909090909091,3.1653,-3.3425,0,"(214, 96, 77)",68,15
6816,6816,1.121212121212121,-2.0303030303030303,3.1653,-3.3425,0,"(214, 96, 77)",68,16
6817,6817,1.121212121212121,-1.9696969696969695,3.1653,-3.3425,0,"(214, 96, 77)",68,17
6818,6818,1.121212121212121,-1.9090909090909087,3.1653,-3.3425,0,"(214, 96, 77)",68,18
6819,6819,1.121212121212121,-1.8484848484848484,3.1653,-3.3425,0,"(214, 96, 77)",68,19
6820,6820,1.121212121212121,-1.7878787878787878,3.1653,-3.3425,0,"(214, 96, 77)",68,20
6821,6821,1.121212121212121,-1.7272727272727273,3.1653,-3.3425,0,"(214, 96, 77)",68,21
6822,6822,1.121212121212121,-1.6666666666666663,3.1653,-3.3425,0,"(214, 96, 77)",68,22
6823,6823,1.121212121212121,-1.606060606060606,3.1653,-3.3425,0,"(214, 96, 77)",68,23
6824,6824,1.121212121212121,-1.5454545454545454,3.1653,-3.3425,0,"(214, 96, 77)",68,24
6825,6825,1.121212121212121,-1.4848484848484849,3.1653,-3.3425,0,"(214, 96, 77)",68,25
6826,6826,1.121212121212121,-1.4242424242424243,3.1653,-3.3425,0,"(214, 96, 77)",68,26
6827,6827,1.121212121212121,-1.3636363636363635,3.1653,-3.3425,0,"(214, 96, 77)",68,27
6828,6828,1.121212121212121,-1.303030303030303,3.1653,-3.3425,0,"(214, 96, 77)",68,28
6829,6829,1.121212121212121,-1.2424242424242424,3.1653,-3.3425,0,"(214, 96, 77)",68,29
6830,6830,1.121212121212121,-1.1818181818181817,3.1653,-3.3425,0,"(214, 96, 77)",68,30
6831,6831,1.121212121212121,-1.121212121212121,3.1653,-3.3425,0,"(214, 96, 77)",68,31
6832,6832,1.121212121212121,-1.0606060606060606,3.1653,-3.3425,0,"(214, 96, 77)",68,32
6833,6833,1.121212121212121,-1.0,3.1653,-3.3425,0,"(214, 96, 77)",68,33
6834,6834,1.121212121212121,-0.9393939393939394,3.1653,-3.3425,0,"(214, 96, 77)",68,34
6835,6835,1.121212121212121,-0.8787878787878789,-3.2367,3.3422,1,"(253, 219, 199)",68,35
6836,6836,1.121212121212121,-0.8181818181818183,3.1653,-3.3425,0,"(214, 96, 77)",68,36
6837,6837,1.121212121212121,-0.7575757575757573,-3.2367,-3.3422,3,"(67, 147, 195)",68,37
6838,6838,1.121212121212121,-0.6969696969696968,-3.2367,-3.3422,3,"(67, 147, 195)",68,38
6839,6839,1.121212121212121,-0.6363636363636362,-3.2367,-3.3422,3,"(67, 147, 195)",68,39
6840,6840,1.121212121212121,-0.5757575757575757,-3.2367,-3.3422,3,"(67, 147, 195)",68,40
6841,6841,1.121212121212121,-0.5151515151515151,-3.2367,-3.3422,3,"(67, 147, 195)",68,41
6842,6842,1.121212121212121,-0.4545454545454546,-3.2367,-3.3422,3,"(67, 147, 195)",68,42
6843,6843,1.121212121212121,-0.393939393939394,-3.2367,-3.3422,3,"(67, 147, 195)",68,43
6844,6844,1.121212121212121,-0.333333333333333,-3.2367,-3.3422,3,"(67, 147, 195)",68,44
6845,6845,1.121212121212121,-0.2727272727272725,-3.2367,-3.3422,3,"(67, 147, 195)",68,45
6846,6846,1.121212121212121,-0.2121212121212119,-3.2367,-3.3422,3,"(67, 147, 195)",68,46
6847,6847,1.121212121212121,-0.1515151515151513,-3.2367,-3.3422,3,"(67, 147, 195)",68,47
6848,6848,1.121212121212121,-0.0909090909090908,-3.2367,-3.3422,3,"(67, 147, 195)",68,48
6849,6849,1.121212121212121,-0.0303030303030302,3.1653,3.3425,2,"(209, 229, 240)",68,49
6850,6850,1.121212121212121,0.0303030303030302,3.1653,-3.3425,0,"(214, 96, 77)",68,50
6851,6851,1.121212121212121,0.0909090909090908,-3.2367,3.3422,1,"(253, 219, 199)",68,51
6852,6852,1.121212121212121,0.1515151515151513,-3.2367,3.3422,1,"(253, 219, 199)",68,52
6853,6853,1.121212121212121,0.2121212121212123,-3.2367,3.3422,1,"(253, 219, 199)",68,53
6854,6854,1.121212121212121,0.2727272727272729,-3.2367,3.3422,1,"(253, 219, 199)",68,54
6855,6855,1.121212121212121,0.3333333333333335,-3.2367,3.3422,1,"(253, 219, 199)",68,55
6856,6856,1.121212121212121,0.393939393939394,-3.2367,3.3422,1,"(253, 219, 199)",68,56
6857,6857,1.121212121212121,0.4545454545454546,-3.2367,3.3422,1,"(253, 219, 199)",68,57
6858,6858,1.121212121212121,0.5151515151515151,-3.2367,3.3422,1,"(253, 219, 199)",68,58
6859,6859,1.121212121212121,0.5757575757575757,-3.2367,3.3422,1,"(253, 219, 199)",68,59
6860,6860,1.121212121212121,0.6363636363636367,-3.2367,3.3422,1,"(253, 219, 199)",68,60
6861,6861,1.121212121212121,0.6969696969696972,-3.2367,3.3422,1,"(253, 219, 199)",68,61
6862,6862,1.121212121212121,0.7575757575757578,-3.2367,3.3422,1,"(253, 219, 199)",68,62
6863,6863,1.121212121212121,0.8181818181818183,3.1653,3.3425,2,"(209, 229, 240)",68,63
6864,6864,1.121212121212121,0.8787878787878789,-3.2367,-3.3422,3,"(67, 147, 195)",68,64
6865,6865,1.121212121212121,0.9393939393939394,3.1653,3.3425,2,"(209, 229, 240)",68,65
6866,6866,1.121212121212121,1.0,3.1653,3.3425,2,"(209, 229, 240)",68,66
6867,6867,1.121212121212121,1.0606060606060606,3.1653,3.3425,2,"(209, 229, 240)",68,67
6868,6868,1.121212121212121,1.121212121212121,3.1653,3.3425,2,"(209, 229, 240)",68,68
6869,6869,1.121212121212121,1.1818181818181817,3.1653,3.3425,2,"(209, 229, 240)",68,69
6870,6870,1.121212121212121,1.2424242424242422,3.1653,3.3425,2,"(209, 229, 240)",68,70
6871,6871,1.121212121212121,1.3030303030303028,3.1653,3.3425,2,"(209, 229, 240)",68,71
6872,6872,1.121212121212121,1.363636363636363,3.1653,3.3425,2,"(209, 229, 240)",68,72
6873,6873,1.121212121212121,1.4242424242424248,3.1653,3.3425,2,"(209, 229, 240)",68,73
6874,6874,1.121212121212121,1.4848484848484853,3.1653,3.3425,2,"(209, 229, 240)",68,74
6875,6875,1.121212121212121,1.545454545454546,3.1653,3.3425,2,"(209, 229, 240)",68,75
6876,6876,1.121212121212121,1.6060606060606064,3.1653,3.3425,2,"(209, 229, 240)",68,76
6877,6877,1.121212121212121,1.666666666666667,3.1653,3.3425,2,"(209, 229, 240)",68,77
6878,6878,1.121212121212121,1.7272727272727275,3.1653,3.3425,2,"(209, 229, 240)",68,78
6879,6879,1.121212121212121,1.787878787878788,3.1653,3.3425,2,"(209, 229, 240)",68,79
6880,6880,1.121212121212121,1.8484848484848488,3.1653,3.3425,2,"(209, 229, 240)",68,80
6881,6881,1.121212121212121,1.9090909090909087,3.1653,3.3425,2,"(209, 229, 240)",68,81
6882,6882,1.121212121212121,1.9696969696969695,3.1653,3.3425,2,"(209, 229, 240)",68,82
6883,6883,1.121212121212121,2.0303030303030303,3.1653,3.3425,2,"(209, 229, 240)",68,83
6884,6884,1.121212121212121,2.090909090909091,3.1653,3.3425,2,"(209, 229, 240)",68,84
6885,6885,1.121212121212121,2.1515151515151514,3.1653,3.3425,2,"(209, 229, 240)",68,85
6886,6886,1.121212121212121,2.212121212121212,3.1653,3.3425,2,"(209, 229, 240)",68,86
6887,6887,1.121212121212121,2.2727272727272725,3.1653,3.3425,2,"(209, 229, 240)",68,87
6888,6888,1.121212121212121,2.333333333333334,3.1653,3.3425,2,"(209, 229, 240)",68,88
6889,6889,1.121212121212121,2.3939393939393945,-3.2367,-3.3422,3,"(67, 147, 195)",68,89
6890,6890,1.121212121212121,2.454545454545455,3.1653,3.3425,2,"(209, 229, 240)",68,90
6891,6891,1.121212121212121,2.515151515151516,3.1653,3.3425,2,"(209, 229, 240)",68,91
6892,6892,1.121212121212121,2.575757575757576,3.1653,3.3425,2,"(209, 229, 240)",68,92
6893,6893,1.121212121212121,2.6363636363636367,3.1653,3.3425,2,"(209, 229, 240)",68,93
6894,6894,1.121212121212121,2.696969696969697,3.1653,-3.3425,0,"(214, 96, 77)",68,94
6895,6895,1.121212121212121,2.757575757575758,3.1653,-3.3425,0,"(214, 96, 77)",68,95
6896,6896,1.121212121212121,2.8181818181818183,-3.2367,-3.3422,3,"(67, 147, 195)",68,96
6897,6897,1.121212121212121,2.878787878787879,-3.2367,-3.3422,3,"(67, 147, 195)",68,97
6898,6898,1.121212121212121,2.9393939393939394,3.1653,-3.3425,0,"(214, 96, 77)",68,98
6899,6899,1.121212121212121,3.0,3.1653,3.3425,2,"(209, 229, 240)",68,99
6900,6900,1.1818181818181817,-3.0,3.1653,-3.3425,0,"(214, 96, 77)",69,0
6901,6901,1.1818181818181817,-2.9393939393939394,3.1653,-3.3425,0,"(214, 96, 77)",69,1
6902,6902,1.1818181818181817,-2.878787878787879,3.1653,-3.3425,0,"(214, 96, 77)",69,2
6903,6903,1.1818181818181817,-2.8181818181818183,3.1653,-3.3425,0,"(214, 96, 77)",69,3
6904,6904,1.1818181818181817,-2.757575757575758,3.1653,-3.3425,0,"(214, 96, 77)",69,4
6905,6905,1.1818181818181817,-2.696969696969697,3.1653,-3.3425,0,"(214, 96, 77)",69,5
6906,6906,1.1818181818181817,-2.636363636363636,3.1653,-3.3425,0,"(214, 96, 77)",69,6
6907,6907,1.1818181818181817,-2.575757575757576,3.1653,-3.3425,0,"(214, 96, 77)",69,7
6908,6908,1.1818181818181817,-2.515151515151515,3.1653,-3.3425,0,"(214, 96, 77)",69,8
6909,6909,1.1818181818181817,-2.4545454545454546,3.1653,-3.3425,0,"(214, 96, 77)",69,9
6910,6910,1.1818181818181817,-2.393939393939394,3.1653,-3.3425,0,"(214, 96, 77)",69,10
6911,6911,1.1818181818181817,-2.333333333333333,3.1653,-3.3425,0,"(214, 96, 77)",69,11
6912,6912,1.1818181818181817,-2.2727272727272725,3.1653,-3.3425,0,"(214, 96, 77)",69,12
6913,6913,1.1818181818181817,-2.212121212121212,3.1653,-3.3425,0,"(214, 96, 77)",69,13
6914,6914,1.1818181818181817,-2.1515151515151514,3.1653,-3.3425,0,"(214, 96, 77)",69,14
6915,6915,1.1818181818181817,-2.090909090909091,3.1653,-3.3425,0,"(214, 96, 77)",69,15
6916,6916,1.1818181818181817,-2.0303030303030303,3.1653,-3.3425,0,"(214, 96, 77)",69,16
6917,6917,1.1818181818181817,-1.9696969696969695,3.1653,-3.3425,0,"(214, 96, 77)",69,17
6918,6918,1.1818181818181817,-1.9090909090909087,3.1653,-3.3425,0,"(214, 96, 77)",69,18
6919,6919,1.1818181818181817,-1.8484848484848484,3.1653,-3.3425,0,"(214, 96, 77)",69,19
6920,6920,1.1818181818181817,-1.7878787878787878,3.1653,-3.3425,0,"(214, 96, 77)",69,20
6921,6921,1.1818181818181817,-1.7272727272727273,3.1653,-3.3425,0,"(214, 96, 77)",69,21
6922,6922,1.1818181818181817,-1.6666666666666663,3.1653,-3.3425,0,"(214, 96, 77)",69,22
6923,6923,1.1818181818181817,-1.606060606060606,3.1653,-3.3425,0,"(214, 96, 77)",69,23
6924,6924,1.1818181818181817,-1.5454545454545454,3.1653,-3.3425,0,"(214, 96, 77)",69,24
6925,6925,1.1818181818181817,-1.4848484848484849,3.1653,-3.3425,0,"(214, 96, 77)",69,25
6926,6926,1.1818181818181817,-1.4242424242424243,3.1653,-3.3425,0,"(214, 96, 77)",69,26
6927,6927,1.1818181818181817,-1.3636363636363635,3.1653,-3.3425,0,"(214, 96, 77)",69,27
6928,6928,1.1818181818181817,-1.303030303030303,3.1653,-3.3425,0,"(214, 96, 77)",69,28
6929,6929,1.1818181818181817,-1.2424242424242424,3.1653,-3.3425,0,"(214, 96, 77)",69,29
6930,6930,1.1818181818181817,-1.1818181818181817,3.1653,-3.3425,0,"(214, 96, 77)",69,30
6931,6931,1.1818181818181817,-1.121212121212121,3.1653,-3.3425,0,"(214, 96, 77)",69,31
6932,6932,1.1818181818181817,-1.0606060606060606,3.1653,-3.3425,0,"(214, 96, 77)",69,32
6933,6933,1.1818181818181817,-1.0,3.1653,-3.3425,0,"(214, 96, 77)",69,33
6934,6934,1.1818181818181817,-0.9393939393939394,-3.2367,3.3422,1,"(253, 219, 199)",69,34
6935,6935,1.1818181818181817,-0.8787878787878789,3.1653,3.3425,2,"(209, 229, 240)",69,35
6936,6936,1.1818181818181817,-0.8181818181818183,3.1653,3.3425,2,"(209, 229, 240)",69,36
6937,6937,1.1818181818181817,-0.7575757575757573,-3.2367,-3.3422,3,"(67, 147, 195)",69,37
6938,6938,1.1818181818181817,-0.6969696969696968,-3.2367,-3.3422,3,"(67, 147, 195)",69,38
6939,6939,1.1818181818181817,-0.6363636363636362,-3.2367,-3.3422,3,"(67, 147, 195)",69,39
6940,6940,1.1818181818181817,-0.5757575757575757,-3.2367,-3.3422,3,"(67, 147, 195)",69,40
6941,6941,1.1818181818181817,-0.5151515151515151,-3.2367,-3.3422,3,"(67, 147, 195)",69,41
6942,6942,1.1818181818181817,-0.4545454545454546,-3.2367,-3.3422,3,"(67, 147, 195)",69,42
6943,6943,1.1818181818181817,-0.393939393939394,-3.2367,-3.3422,3,"(67, 147, 195)",69,43
6944,6944,1.1818181818181817,-0.333333333333333,-3.2367,-3.3422,3,"(67, 147, 195)",69,44
6945,6945,1.1818181818181817,-0.2727272727272725,-3.2367,-3.3422,3,"(67, 147, 195)",69,45
6946,6946,1.1818181818181817,-0.2121212121212119,-3.2367,-3.3422,3,"(67, 147, 195)",69,46
6947,6947,1.1818181818181817,-0.1515151515151513,-3.2367,-3.3422,3,"(67, 147, 195)",69,47
6948,6948,1.1818181818181817,-0.0909090909090908,-3.2367,-3.3422,3,"(67, 147, 195)",69,48
6949,6949,1.1818181818181817,-0.0303030303030302,3.1653,-3.3425,0,"(214, 96, 77)",69,49
6950,6950,1.1818181818181817,0.0303030303030302,3.1653,3.3425,2,"(209, 229, 240)",69,50
6951,6951,1.1818181818181817,0.0909090909090908,-3.2367,3.3422,1,"(253, 219, 199)",69,51
6952,6952,1.1818181818181817,0.1515151515151513,-3.2367,3.3422,1,"(253, 219, 199)",69,52
6953,6953,1.1818181818181817,0.2121212121212123,-3.2367,3.3422,1,"(253, 219, 199)",69,53
6954,6954,1.1818181818181817,0.2727272727272729,-3.2367,3.3422,1,"(253, 219, 199)",69,54
6955,6955,1.1818181818181817,0.3333333333333335,-3.2367,3.3422,1,"(253, 219, 199)",69,55
6956,6956,1.1818181818181817,0.393939393939394,-3.2367,3.3422,1,"(253, 219, 199)",69,56
6957,6957,1.1818181818181817,0.4545454545454546,-3.2367,3.3422,1,"(253, 219, 199)",69,57
6958,6958,1.1818181818181817,0.5151515151515151,-3.2367,3.3422,1,"(253, 219, 199)",69,58
6959,6959,1.1818181818181817,0.5757575757575757,-3.2367,3.3422,1,"(253, 219, 199)",69,59
6960,6960,1.1818181818181817,0.6363636363636367,-3.2367,3.3422,1,"(253, 219, 199)",69,60
6961,6961,1.1818181818181817,0.6969696969696972,-3.2367,3.3422,1,"(253, 219, 199)",69,61
6962,6962,1.1818181818181817,0.7575757575757578,-3.2367,3.3422,1,"(253, 219, 199)",69,62
6963,6963,1.1818181818181817,0.8181818181818183,3.1653,-3.3425,0,"(214, 96, 77)",69,63
6964,6964,1.1818181818181817,0.8787878787878789,3.1653,-3.3425,0,"(214, 96, 77)",69,64
6965,6965,1.1818181818181817,0.9393939393939394,-3.2367,-3.3422,3,"(67, 147, 195)",69,65
6966,6966,1.1818181818181817,1.0,3.1653,3.3425,2,"(209, 229, 240)",69,66
6967,6967,1.1818181818181817,1.0606060606060606,3.1653,3.3425,2,"(209, 229, 240)",69,67
6968,6968,1.1818181818181817,1.121212121212121,3.1653,3.3425,2,"(209, 229, 240)",69,68
6969,6969,1.1818181818181817,1.1818181818181817,3.1653,3.3425,2,"(209, 229, 240)",69,69
6970,6970,1.1818181818181817,1.2424242424242422,3.1653,3.3425,2,"(209, 229, 240)",69,70
6971,6971,1.1818181818181817,1.3030303030303028,3.1653,3.3425,2,"(209, 229, 240)",69,71
6972,6972,1.1818181818181817,1.363636363636363,3.1653,3.3425,2,"(209, 229, 240)",69,72
6973,6973,1.1818181818181817,1.4242424242424248,3.1653,3.3425,2,"(209, 229, 240)",69,73
6974,6974,1.1818181818181817,1.4848484848484853,3.1653,3.3425,2,"(209, 229, 240)",69,74
6975,6975,1.1818181818181817,1.545454545454546,3.1653,3.3425,2,"(209, 229, 240)",69,75
6976,6976,1.1818181818181817,1.6060606060606064,3.1653,3.3425,2,"(209, 229, 240)",69,76
6977,6977,1.1818181818181817,1.666666666666667,3.1653,3.3425,2,"(209, 229, 240)",69,77
6978,6978,1.1818181818181817,1.7272727272727275,3.1653,3.3425,2,"(209, 229, 240)",69,78
6979,6979,1.1818181818181817,1.787878787878788,3.1653,3.3425,2,"(209, 229, 240)",69,79
6980,6980,1.1818181818181817,1.8484848484848488,3.1653,3.3425,2,"(209, 229, 240)",69,80
6981,6981,1.1818181818181817,1.9090909090909087,3.1653,3.3425,2,"(209, 229, 240)",69,81
6982,6982,1.1818181818181817,1.9696969696969695,3.1653,3.3425,2,"(209, 229, 240)",69,82
6983,6983,1.1818181818181817,2.0303030303030303,3.1653,3.3425,2,"(209, 229, 240)",69,83
6984,6984,1.1818181818181817,2.090909090909091,3.1653,3.3425,2,"(209, 229, 240)",69,84
6985,6985,1.1818181818181817,2.1515151515151514,3.1653,3.3425,2,"(209, 229, 240)",69,85
6986,6986,1.1818181818181817,2.212121212121212,3.1653,3.3425,2,"(209, 229, 240)",69,86
6987,6987,1.1818181818181817,2.2727272727272725,3.1653,3.3425,2,"(209, 229, 240)",69,87
6988,6988,1.1818181818181817,2.333333333333334,3.1653,3.3425,2,"(209, 229, 240)",69,88
6989,6989,1.1818181818181817,2.3939393939393945,3.1653,3.3425,2,"(209, 229, 240)",69,89
6990,6990,1.1818181818181817,2.454545454545455,3.1653,3.3425,2,"(209, 229, 240)",69,90
6991,6991,1.1818181818181817,2.515151515151516,3.1653,3.3425,2,"(209, 229, 240)",69,91
6992,6992,1.1818181818181817,2.575757575757576,3.1653,3.3425,2,"(209, 229, 240)",69,92
6993,6993,1.1818181818181817,2.6363636363636367,3.1653,3.3425,2,"(209, 229, 240)",69,93
6994,6994,1.1818181818181817,2.696969696969697,3.1653,3.3425,2,"(209, 229, 240)",69,94
6995,6995,1.1818181818181817,2.757575757575758,3.1653,3.3425,2,"(209, 229, 240)",69,95
6996,6996,1.1818181818181817,2.8181818181818183,3.1653,3.3425,2,"(209, 229, 240)",69,96
6997,6997,1.1818181818181817,2.878787878787879,3.1653,3.3425,2,"(209, 229, 240)",69,97
6998,6998,1.1818181818181817,2.9393939393939394,3.1653,3.3425,2,"(209, 229, 240)",69,98
6999,6999,1.1818181818181817,3.0,3.1653,3.3425,2,"(209, 229, 240)",69,99
7000,7000,1.2424242424242422,-3.0,3.1653,-3.3425,0,"(214, 96, 77)",70,0
7001,7001,1.2424242424242422,-2.9393939393939394,3.1653,-3.3425,0,"(214, 96, 77)",70,1
7002,7002,1.2424242424242422,-2.878787878787879,3.1653,-3.3425,0,"(214, 96, 77)",70,2
7003,7003,1.2424242424242422,-2.8181818181818183,3.1653,-3.3425,0,"(214, 96, 77)",70,3
7004,7004,1.2424242424242422,-2.757575757575758,3.1653,-3.3425,0,"(214, 96, 77)",70,4
7005,7005,1.2424242424242422,-2.696969696969697,3.1653,-3.3425,0,"(214, 96, 77)",70,5
7006,7006,1.2424242424242422,-2.636363636363636,3.1653,-3.3425,0,"(214, 96, 77)",70,6
7007,7007,1.2424242424242422,-2.575757575757576,3.1653,-3.3425,0,"(214, 96, 77)",70,7
7008,7008,1.2424242424242422,-2.515151515151515,3.1653,-3.3425,0,"(214, 96, 77)",70,8
7009,7009,1.2424242424242422,-2.4545454545454546,3.1653,-3.3425,0,"(214, 96, 77)",70,9
7010,7010,1.2424242424242422,-2.393939393939394,3.1653,-3.3425,0,"(214, 96, 77)",70,10
7011,7011,1.2424242424242422,-2.333333333333333,3.1653,-3.3425,0,"(214, 96, 77)",70,11
7012,7012,1.2424242424242422,-2.2727272727272725,3.1653,-3.3425,0,"(214, 96, 77)",70,12
7013,7013,1.2424242424242422,-2.212121212121212,3.1653,-3.3425,0,"(214, 96, 77)",70,13
7014,7014,1.2424242424242422,-2.1515151515151514,3.1653,-3.3425,0,"(214, 96, 77)",70,14
7015,7015,1.2424242424242422,-2.090909090909091,3.1653,-3.3425,0,"(214, 96, 77)",70,15
7016,7016,1.2424242424242422,-2.0303030303030303,3.1653,-3.3425,0,"(214, 96, 77)",70,16
7017,7017,1.2424242424242422,-1.9696969696969695,3.1653,-3.3425,0,"(214, 96, 77)",70,17
7018,7018,1.2424242424242422,-1.9090909090909087,3.1653,-3.3425,0,"(214, 96, 77)",70,18
7019,7019,1.2424242424242422,-1.8484848484848484,3.1653,-3.3425,0,"(214, 96, 77)",70,19
7020,7020,1.2424242424242422,-1.7878787878787878,3.1653,-3.3425,0,"(214, 96, 77)",70,20
7021,7021,1.2424242424242422,-1.7272727272727273,3.1653,-3.3425,0,"(214, 96, 77)",70,21
7022,7022,1.2424242424242422,-1.6666666666666663,3.1653,-3.3425,0,"(214, 96, 77)",70,22
7023,7023,1.2424242424242422,-1.606060606060606,3.1653,-3.3425,0,"(214, 96, 77)",70,23
7024,7024,1.2424242424242422,-1.5454545454545454,3.1653,-3.3425,0,"(214, 96, 77)",70,24
7025,7025,1.2424242424242422,-1.4848484848484849,3.1653,-3.3425,0,"(214, 96, 77)",70,25
7026,7026,1.2424242424242422,-1.4242424242424243,3.1653,-3.3425,0,"(214, 96, 77)",70,26
7027,7027,1.2424242424242422,-1.3636363636363635,3.1653,-3.3425,0,"(214, 96, 77)",70,27
7028,7028,1.2424242424242422,-1.303030303030303,3.1653,-3.3425,0,"(214, 96, 77)",70,28
7029,7029,1.2424242424242422,-1.2424242424242424,3.1653,-3.3425,0,"(214, 96, 77)",70,29
7030,7030,1.2424242424242422,-1.1818181818181817,3.1653,-3.3425,0,"(214, 96, 77)",70,30
7031,7031,1.2424242424242422,-1.121212121212121,3.1653,-3.3425,0,"(214, 96, 77)",70,31
7032,7032,1.2424242424242422,-1.0606060606060606,3.1653,-3.3425,0,"(214, 96, 77)",70,32
7033,7033,1.2424242424242422,-1.0,3.1653,-3.3425,0,"(214, 96, 77)",70,33
7034,7034,1.2424242424242422,-0.9393939393939394,-3.2367,3.3422,1,"(253, 219, 199)",70,34
7035,7035,1.2424242424242422,-0.8787878787878789,-3.2367,-3.3422,3,"(67, 147, 195)",70,35
7036,7036,1.2424242424242422,-0.8181818181818183,-3.2367,-3.3422,3,"(67, 147, 195)",70,36
7037,7037,1.2424242424242422,-0.7575757575757573,-3.2367,-3.3422,3,"(67, 147, 195)",70,37
7038,7038,1.2424242424242422,-0.6969696969696968,-3.2367,-3.3422,3,"(67, 147, 195)",70,38
7039,7039,1.2424242424242422,-0.6363636363636362,-3.2367,-3.3422,3,"(67, 147, 195)",70,39
7040,7040,1.2424242424242422,-0.5757575757575757,-3.2367,-3.3422,3,"(67, 147, 195)",70,40
7041,7041,1.2424242424242422,-0.5151515151515151,-3.2367,-3.3422,3,"(67, 147, 195)",70,41
7042,7042,1.2424242424242422,-0.4545454545454546,-3.2367,-3.3422,3,"(67, 147, 195)",70,42
7043,7043,1.2424242424242422,-0.393939393939394,-3.2367,-3.3422,3,"(67, 147, 195)",70,43
7044,7044,1.2424242424242422,-0.333333333333333,-3.2367,-3.3422,3,"(67, 147, 195)",70,44
7045,7045,1.2424242424242422,-0.2727272727272725,-3.2367,-3.3422,3,"(67, 147, 195)",70,45
7046,7046,1.2424242424242422,-0.2121212121212119,-3.2367,-3.3422,3,"(67, 147, 195)",70,46
7047,7047,1.2424242424242422,-0.1515151515151513,-3.2367,-3.3422,3,"(67, 147, 195)",70,47
7048,7048,1.2424242424242422,-0.0909090909090908,-3.2367,-3.3422,3,"(67, 147, 195)",70,48
7049,7049,1.2424242424242422,-0.0303030303030302,-3.2367,-3.3422,3,"(67, 147, 195)",70,49
7050,7050,1.2424242424242422,0.0303030303030302,-3.2367,3.3422,1,"(253, 219, 199)",70,50
7051,7051,1.2424242424242422,0.0909090909090908,-3.2367,3.3422,1,"(253, 219, 199)",70,51
7052,7052,1.2424242424242422,0.1515151515151513,-3.2367,3.3422,1,"(253, 219, 199)",70,52
7053,7053,1.2424242424242422,0.2121212121212123,-3.2367,3.3422,1,"(253, 219, 199)",70,53
7054,7054,1.2424242424242422,0.2727272727272729,-3.2367,3.3422,1,"(253, 219, 199)",70,54
7055,7055,1.2424242424242422,0.3333333333333335,-3.2367,3.3422,1,"(253, 219, 199)",70,55
7056,7056,1.2424242424242422,0.393939393939394,-3.2367,3.3422,1,"(253, 219, 199)",70,56
7057,7057,1.2424242424242422,0.4545454545454546,-3.2367,3.3422,1,"(253, 219, 199)",70,57
7058,7058,1.2424242424242422,0.5151515151515151,-3.2367,3.3422,1,"(253, 219, 199)",70,58
7059,7059,1.2424242424242422,0.5757575757575757,-3.2367,3.3422,1,"(253, 219, 199)",70,59
7060,7060,1.2424242424242422,0.6363636363636367,-3.2367,3.3422,1,"(253, 219, 199)",70,60
7061,7061,1.2424242424242422,0.6969696969696972,-3.2367,3.3422,1,"(253, 219, 199)",70,61
7062,7062,1.2424242424242422,0.7575757575757578,-3.2367,3.3422,1,"(253, 219, 199)",70,62
7063,7063,1.2424242424242422,0.8181818181818183,-3.2367,3.3422,1,"(253, 219, 199)",70,63
7064,7064,1.2424242424242422,0.8787878787878789,-3.2367,3.3422,1,"(253, 219, 199)",70,64
7065,7065,1.2424242424242422,0.9393939393939394,-3.2367,-3.3422,3,"(67, 147, 195)",70,65
7066,7066,1.2424242424242422,1.0,3.1653,3.3425,2,"(209, 229, 240)",70,66
7067,7067,1.2424242424242422,1.0606060606060606,3.1653,3.3425,2,"(209, 229, 240)",70,67
7068,7068,1.2424242424242422,1.121212121212121,3.1653,3.3425,2,"(209, 229, 240)",70,68
7069,7069,1.2424242424242422,1.1818181818181817,3.1653,3.3425,2,"(209, 229, 240)",70,69
7070,7070,1.2424242424242422,1.2424242424242422,3.1653,3.3425,2,"(209, 229, 240)",70,70
7071,7071,1.2424242424242422,1.3030303030303028,3.1653,3.3425,2,"(209, 229, 240)",70,71
7072,7072,1.2424242424242422,1.363636363636363,3.1653,3.3425,2,"(209, 229, 240)",70,72
7073,7073,1.2424242424242422,1.4242424242424248,3.1653,3.3425,2,"(209, 229, 240)",70,73
7074,7074,1.2424242424242422,1.4848484848484853,3.1653,3.3425,2,"(209, 229, 240)",70,74
7075,7075,1.2424242424242422,1.545454545454546,3.1653,3.3425,2,"(209, 229, 240)",70,75
7076,7076,1.2424242424242422,1.6060606060606064,3.1653,3.3425,2,"(209, 229, 240)",70,76
7077,7077,1.2424242424242422,1.666666666666667,3.1653,3.3425,2,"(209, 229, 240)",70,77
7078,7078,1.2424242424242422,1.7272727272727275,3.1653,3.3425,2,"(209, 229, 240)",70,78
7079,7079,1.2424242424242422,1.787878787878788,3.1653,3.3425,2,"(209, 229, 240)",70,79
7080,7080,1.2424242424242422,1.8484848484848488,3.1653,3.3425,2,"(209, 229, 240)",70,80
7081,7081,1.2424242424242422,1.9090909090909087,3.1653,3.3425,2,"(209, 229, 240)",70,81
7082,7082,1.2424242424242422,1.9696969696969695,3.1653,3.3425,2,"(209, 229, 240)",70,82
7083,7083,1.2424242424242422,2.0303030303030303,3.1653,3.3425,2,"(209, 229, 240)",70,83
7084,7084,1.2424242424242422,2.090909090909091,3.1653,3.3425,2,"(209, 229, 240)",70,84
7085,7085,1.2424242424242422,2.1515151515151514,3.1653,3.3425,2,"(209, 229, 240)",70,85
7086,7086,1.2424242424242422,2.212121212121212,3.1653,3.3425,2,"(209, 229, 240)",70,86
7087,7087,1.2424242424242422,2.2727272727272725,3.1653,3.3425,2,"(209, 229, 240)",70,87
7088,7088,1.2424242424242422,2.333333333333334,3.1653,3.3425,2,"(209, 229, 240)",70,88
7089,7089,1.2424242424242422,2.3939393939393945,3.1653,3.3425,2,"(209, 229, 240)",70,89
7090,7090,1.2424242424242422,2.454545454545455,3.1653,3.3425,2,"(209, 229, 240)",70,90
7091,7091,1.2424242424242422,2.515151515151516,3.1653,3.3425,2,"(209, 229, 240)",70,91
7092,7092,1.2424242424242422,2.575757575757576,3.1653,3.3425,2,"(209, 229, 240)",70,92
7093,7093,1.2424242424242422,2.6363636363636367,3.1653,3.3425,2,"(209, 229, 240)",70,93
7094,7094,1.2424242424242422,2.696969696969697,3.1653,3.3425,2,"(209, 229, 240)",70,94
7095,7095,1.2424242424242422,2.757575757575758,3.1653,3.3425,2,"(209, 229, 240)",70,95
7096,7096,1.2424242424242422,2.8181818181818183,3.1653,3.3425,2,"(209, 229, 240)",70,96
7097,7097,1.2424242424242422,2.878787878787879,3.1653,3.3425,2,"(209, 229, 240)",70,97
7098,7098,1.2424242424242422,2.9393939393939394,3.1653,3.3425,2,"(209, 229, 240)",70,98
7099,7099,1.2424242424242422,3.0,3.1653,3.3425,2,"(209, 229, 240)",70,99
7100,7100,1.3030303030303028,-3.0,3.1653,-3.3425,0,"(214, 96, 77)",71,0
7101,7101,1.3030303030303028,-2.9393939393939394,3.1653,-3.3425,0,"(214, 96, 77)",71,1
7102,7102,1.3030303030303028,-2.878787878787879,3.1653,-3.3425,0,"(214, 96, 77)",71,2
7103,7103,1.3030303030303028,-2.8181818181818183,3.1653,-3.3425,0,"(214, 96, 77)",71,3
7104,7104,1.3030303030303028,-2.757575757575758,3.1653,-3.3425,0,"(214, 96, 77)",71,4
7105,7105,1.3030303030303028,-2.696969696969697,3.1653,-3.3425,0,"(214, 96, 77)",71,5
7106,7106,1.3030303030303028,-2.636363636363636,3.1653,-3.3425,0,"(214, 96, 77)",71,6
7107,7107,1.3030303030303028,-2.575757575757576,3.1653,-3.3425,0,"(214, 96, 77)",71,7
7108,7108,1.3030303030303028,-2.515151515151515,3.1653,-3.3425,0,"(214, 96, 77)",71,8
7109,7109,1.3030303030303028,-2.4545454545454546,3.1653,-3.3425,0,"(214, 96, 77)",71,9
7110,7110,1.3030303030303028,-2.393939393939394,3.1653,-3.3425,0,"(214, 96, 77)",71,10
7111,7111,1.3030303030303028,-2.333333333333333,3.1653,-3.3425,0,"(214, 96, 77)",71,11
7112,7112,1.3030303030303028,-2.2727272727272725,3.1653,-3.3425,0,"(214, 96, 77)",71,12
7113,7113,1.3030303030303028,-2.212121212121212,3.1653,-3.3425,0,"(214, 96, 77)",71,13
7114,7114,1.3030303030303028,-2.1515151515151514,3.1653,-3.3425,0,"(214, 96, 77)",71,14
7115,7115,1.3030303030303028,-2.090909090909091,3.1653,-3.3425,0,"(214, 96, 77)",71,15
7116,7116,1.3030303030303028,-2.0303030303030303,3.1653,-3.3425,0,"(214, 96, 77)",71,16
7117,7117,1.3030303030303028,-1.9696969696969695,3.1653,-3.3425,0,"(214, 96, 77)",71,17
7118,7118,1.3030303030303028,-1.9090909090909087,3.1653,-3.3425,0,"(214, 96, 77)",71,18
7119,7119,1.3030303030303028,-1.8484848484848484,3.1653,-3.3425,0,"(214, 96, 77)",71,19
7120,7120,1.3030303030303028,-1.7878787878787878,3.1653,-3.3425,0,"(214, 96, 77)",71,20
7121,7121,1.3030303030303028,-1.7272727272727273,3.1653,-3.3425,0,"(214, 96, 77)",71,21
7122,7122,1.3030303030303028,-1.6666666666666663,3.1653,-3.3425,0,"(214, 96, 77)",71,22
7123,7123,1.3030303030303028,-1.606060606060606,3.1653,-3.3425,0,"(214, 96, 77)",71,23
7124,7124,1.3030303030303028,-1.5454545454545454,3.1653,-3.3425,0,"(214, 96, 77)",71,24
7125,7125,1.3030303030303028,-1.4848484848484849,3.1653,-3.3425,0,"(214, 96, 77)",71,25
7126,7126,1.3030303030303028,-1.4242424242424243,3.1653,-3.3425,0,"(214, 96, 77)",71,26
7127,7127,1.3030303030303028,-1.3636363636363635,3.1653,-3.3425,0,"(214, 96, 77)",71,27
7128,7128,1.3030303030303028,-1.303030303030303,3.1653,-3.3425,0,"(214, 96, 77)",71,28
7129,7129,1.3030303030303028,-1.2424242424242424,3.1653,-3.3425,0,"(214, 96, 77)",71,29
7130,7130,1.3030303030303028,-1.1818181818181817,3.1653,-3.3425,0,"(214, 96, 77)",71,30
7131,7131,1.3030303030303028,-1.121212121212121,3.1653,-3.3425,0,"(214, 96, 77)",71,31
7132,7132,1.3030303030303028,-1.0606060606060606,3.1653,-3.3425,0,"(214, 96, 77)",71,32
7133,7133,1.3030303030303028,-1.0,-3.2367,3.3422,1,"(253, 219, 199)",71,33
7134,7134,1.3030303030303028,-0.9393939393939394,-3.2367,3.3422,1,"(253, 219, 199)",71,34
7135,7135,1.3030303030303028,-0.8787878787878789,3.1653,3.3425,2,"(209, 229, 240)",71,35
7136,7136,1.3030303030303028,-0.8181818181818183,-3.2367,-3.3422,3,"(67, 147, 195)",71,36
7137,7137,1.3030303030303028,-0.7575757575757573,-3.2367,-3.3422,3,"(67, 147, 195)",71,37
7138,7138,1.3030303030303028,-0.6969696969696968,-3.2367,-3.3422,3,"(67, 147, 195)",71,38
7139,7139,1.3030303030303028,-0.6363636363636362,-3.2367,-3.3422,3,"(67, 147, 195)",71,39
7140,7140,1.3030303030303028,-0.5757575757575757,-3.2367,-3.3422,3,"(67, 147, 195)",71,40
7141,7141,1.3030303030303028,-0.5151515151515151,-3.2367,-3.3422,3,"(67, 147, 195)",71,41
7142,7142,1.3030303030303028,-0.4545454545454546,-3.2367,-3.3422,3,"(67, 147, 195)",71,42
7143,7143,1.3030303030303028,-0.393939393939394,-3.2367,-3.3422,3,"(67, 147, 195)",71,43
7144,7144,1.3030303030303028,-0.333333333333333,-3.2367,-3.3422,3,"(67, 147, 195)",71,44
7145,7145,1.3030303030303028,-0.2727272727272725,-3.2367,-3.3422,3,"(67, 147, 195)",71,45
7146,7146,1.3030303030303028,-0.2121212121212119,-3.2367,-3.3422,3,"(67, 147, 195)",71,46
7147,7147,1.3030303030303028,-0.1515151515151513,-3.2367,-3.3422,3,"(67, 147, 195)",71,47
7148,7148,1.3030303030303028,-0.0909090909090908,-3.2367,-3.3422,3,"(67, 147, 195)",71,48
7149,7149,1.3030303030303028,-0.0303030303030302,3.1653,-3.3425,0,"(214, 96, 77)",71,49
7150,7150,1.3030303030303028,0.0303030303030302,3.1653,3.3425,2,"(209, 229, 240)",71,50
7151,7151,1.3030303030303028,0.0909090909090908,-3.2367,3.3422,1,"(253, 219, 199)",71,51
7152,7152,1.3030303030303028,0.1515151515151513,-3.2367,3.3422,1,"(253, 219, 199)",71,52
7153,7153,1.3030303030303028,0.2121212121212123,-3.2367,3.3422,1,"(253, 219, 199)",71,53
7154,7154,1.3030303030303028,0.2727272727272729,-3.2367,3.3422,1,"(253, 219, 199)",71,54
7155,7155,1.3030303030303028,0.3333333333333335,-3.2367,3.3422,1,"(253, 219, 199)",71,55
7156,7156,1.3030303030303028,0.393939393939394,-3.2367,3.3422,1,"(253, 219, 199)",71,56
7157,7157,1.3030303030303028,0.4545454545454546,-3.2367,3.3422,1,"(253, 219, 199)",71,57
7158,7158,1.3030303030303028,0.5151515151515151,-3.2367,3.3422,1,"(253, 219, 199)",71,58
7159,7159,1.3030303030303028,0.5757575757575757,-3.2367,3.3422,1,"(253, 219, 199)",71,59
7160,7160,1.3030303030303028,0.6363636363636367,-3.2367,3.3422,1,"(253, 219, 199)",71,60
7161,7161,1.3030303030303028,0.6969696969696972,-3.2367,3.3422,1,"(253, 219, 199)",71,61
7162,7162,1.3030303030303028,0.7575757575757578,-3.2367,3.3422,1,"(253, 219, 199)",71,62
7163,7163,1.3030303030303028,0.8181818181818183,-3.2367,3.3422,1,"(253, 219, 199)",71,63
7164,7164,1.3030303030303028,0.8787878787878789,3.1653,-3.3425,0,"(214, 96, 77)",71,64
7165,7165,1.3030303030303028,0.9393939393939394,-3.2367,-3.3422,3,"(67, 147, 195)",71,65
7166,7166,1.3030303030303028,1.0,-3.2367,-3.3422,3,"(67, 147, 195)",71,66
7167,7167,1.3030303030303028,1.0606060606060606,3.1653,3.3425,2,"(209, 229, 240)",71,67
7168,7168,1.3030303030303028,1.121212121212121,3.1653,3.3425,2,"(209, 229, 240)",71,68
7169,7169,1.3030303030303028,1.1818181818181817,3.1653,3.3425,2,"(209, 229, 240)",71,69
7170,7170,1.3030303030303028,1.2424242424242422,3.1653,3.3425,2,"(209, 229, 240)",71,70
7171,7171,1.3030303030303028,1.3030303030303028,3.1653,3.3425,2,"(209, 229, 240)",71,71
7172,7172,1.3030303030303028,1.363636363636363,3.1653,3.3425,2,"(209, 229, 240)",71,72
7173,7173,1.3030303030303028,1.4242424242424248,3.1653,3.3425,2,"(209, 229, 240)",71,73
7174,7174,1.3030303030303028,1.4848484848484853,3.1653,3.3425,2,"(209, 229, 240)",71,74
7175,7175,1.3030303030303028,1.545454545454546,3.1653,3.3425,2,"(209, 229, 240)",71,75
7176,7176,1.3030303030303028,1.6060606060606064,3.1653,3.3425,2,"(209, 229, 240)",71,76
7177,7177,1.3030303030303028,1.666666666666667,3.1653,3.3425,2,"(209, 229, 240)",71,77
7178,7178,1.3030303030303028,1.7272727272727275,3.1653,3.3425,2,"(209, 229, 240)",71,78
7179,7179,1.3030303030303028,1.787878787878788,3.1653,3.3425,2,"(209, 229, 240)",71,79
7180,7180,1.3030303030303028,1.8484848484848488,3.1653,3.3425,2,"(209, 229, 240)",71,80
7181,7181,1.3030303030303028,1.9090909090909087,3.1653,3.3425,2,"(209, 229, 240)",71,81
7182,7182,1.3030303030303028,1.9696969696969695,3.1653,3.3425,2,"(209, 229, 240)",71,82
7183,7183,1.3030303030303028,2.0303030303030303,3.1653,3.3425,2,"(209, 229, 240)",71,83
7184,7184,1.3030303030303028,2.090909090909091,3.1653,3.3425,2,"(209, 229, 240)",71,84
7185,7185,1.3030303030303028,2.1515151515151514,3.1653,3.3425,2,"(209, 229, 240)",71,85
7186,7186,1.3030303030303028,2.212121212121212,3.1653,3.3425,2,"(209, 229, 240)",71,86
7187,7187,1.3030303030303028,2.2727272727272725,3.1653,3.3425,2,"(209, 229, 240)",71,87
7188,7188,1.3030303030303028,2.333333333333334,3.1653,3.3425,2,"(209, 229, 240)",71,88
7189,7189,1.3030303030303028,2.3939393939393945,3.1653,3.3425,2,"(209, 229, 240)",71,89
7190,7190,1.3030303030303028,2.454545454545455,3.1653,3.3425,2,"(209, 229, 240)",71,90
7191,7191,1.3030303030303028,2.515151515151516,3.1653,3.3425,2,"(209, 229, 240)",71,91
7192,7192,1.3030303030303028,2.575757575757576,3.1653,3.3425,2,"(209, 229, 240)",71,92
7193,7193,1.3030303030303028,2.6363636363636367,3.1653,3.3425,2,"(209, 229, 240)",71,93
7194,7194,1.3030303030303028,2.696969696969697,3.1653,3.3425,2,"(209, 229, 240)",71,94
7195,7195,1.3030303030303028,2.757575757575758,3.1653,3.3425,2,"(209, 229, 240)",71,95
7196,7196,1.3030303030303028,2.8181818181818183,3.1653,3.3425,2,"(209, 229, 240)",71,96
7197,7197,1.3030303030303028,2.878787878787879,3.1653,3.3425,2,"(209, 229, 240)",71,97
7198,7198,1.3030303030303028,2.9393939393939394,3.1653,3.3425,2,"(209, 229, 240)",71,98
7199,7199,1.3030303030303028,3.0,3.1653,3.3425,2,"(209, 229, 240)",71,99
7200,7200,1.363636363636363,-3.0,3.1653,-3.3425,0,"(214, 96, 77)",72,0
7201,7201,1.363636363636363,-2.9393939393939394,3.1653,-3.3425,0,"(214, 96, 77)",72,1
7202,7202,1.363636363636363,-2.878787878787879,3.1653,-3.3425,0,"(214, 96, 77)",72,2
7203,7203,1.363636363636363,-2.8181818181818183,3.1653,-3.3425,0,"(214, 96, 77)",72,3
7204,7204,1.363636363636363,-2.757575757575758,3.1653,-3.3425,0,"(214, 96, 77)",72,4
7205,7205,1.363636363636363,-2.696969696969697,3.1653,-3.3425,0,"(214, 96, 77)",72,5
7206,7206,1.363636363636363,-2.636363636363636,3.1653,-3.3425,0,"(214, 96, 77)",72,6
7207,7207,1.363636363636363,-2.575757575757576,3.1653,-3.3425,0,"(214, 96, 77)",72,7
7208,7208,1.363636363636363,-2.515151515151515,3.1653,-3.3425,0,"(214, 96, 77)",72,8
7209,7209,1.363636363636363,-2.4545454545454546,3.1653,-3.3425,0,"(214, 96, 77)",72,9
7210,7210,1.363636363636363,-2.393939393939394,3.1653,-3.3425,0,"(214, 96, 77)",72,10
7211,7211,1.363636363636363,-2.333333333333333,3.1653,-3.3425,0,"(214, 96, 77)",72,11
7212,7212,1.363636363636363,-2.2727272727272725,3.1653,-3.3425,0,"(214, 96, 77)",72,12
7213,7213,1.363636363636363,-2.212121212121212,3.1653,-3.3425,0,"(214, 96, 77)",72,13
7214,7214,1.363636363636363,-2.1515151515151514,3.1653,-3.3425,0,"(214, 96, 77)",72,14
7215,7215,1.363636363636363,-2.090909090909091,3.1653,-3.3425,0,"(214, 96, 77)",72,15
7216,7216,1.363636363636363,-2.0303030303030303,3.1653,-3.3425,0,"(214, 96, 77)",72,16
7217,7217,1.363636363636363,-1.9696969696969695,3.1653,-3.3425,0,"(214, 96, 77)",72,17
7218,7218,1.363636363636363,-1.9090909090909087,3.1653,-3.3425,0,"(214, 96, 77)",72,18
7219,7219,1.363636363636363,-1.8484848484848484,3.1653,-3.3425,0,"(214, 96, 77)",72,19
7220,7220,1.363636363636363,-1.7878787878787878,3.1653,-3.3425,0,"(214, 96, 77)",72,20
7221,7221,1.363636363636363,-1.7272727272727273,3.1653,-3.3425,0,"(214, 96, 77)",72,21
7222,7222,1.363636363636363,-1.6666666666666663,3.1653,-3.3425,0,"(214, 96, 77)",72,22
7223,7223,1.363636363636363,-1.606060606060606,3.1653,-3.3425,0,"(214, 96, 77)",72,23
7224,7224,1.363636363636363,-1.5454545454545454,3.1653,-3.3425,0,"(214, 96, 77)",72,24
7225,7225,1.363636363636363,-1.4848484848484849,3.1653,-3.3425,0,"(214, 96, 77)",72,25
7226,7226,1.363636363636363,-1.4242424242424243,3.1653,-3.3425,0,"(214, 96, 77)",72,26
7227,7227,1.363636363636363,-1.3636363636363635,3.1653,-3.3425,0,"(214, 96, 77)",72,27
7228,7228,1.363636363636363,-1.303030303030303,3.1653,-3.3425,0,"(214, 96, 77)",72,28
7229,7229,1.363636363636363,-1.2424242424242424,3.1653,-3.3425,0,"(214, 96, 77)",72,29
7230,7230,1.363636363636363,-1.1818181818181817,3.1653,-3.3425,0,"(214, 96, 77)",72,30
7231,7231,1.363636363636363,-1.121212121212121,3.1653,-3.3425,0,"(214, 96, 77)",72,31
7232,7232,1.363636363636363,-1.0606060606060606,3.1653,-3.3425,0,"(214, 96, 77)",72,32
7233,7233,1.363636363636363,-1.0,-3.2367,-3.3422,3,"(67, 147, 195)",72,33
7234,7234,1.363636363636363,-0.9393939393939394,-3.2367,3.3422,1,"(253, 219, 199)",72,34
7235,7235,1.363636363636363,-0.8787878787878789,-3.2367,3.3422,1,"(253, 219, 199)",72,35
7236,7236,1.363636363636363,-0.8181818181818183,-3.2367,-3.3422,3,"(67, 147, 195)",72,36
7237,7237,1.363636363636363,-0.7575757575757573,-3.2367,-3.3422,3,"(67, 147, 195)",72,37
7238,7238,1.363636363636363,-0.6969696969696968,-3.2367,-3.3422,3,"(67, 147, 195)",72,38
7239,7239,1.363636363636363,-0.6363636363636362,-3.2367,-3.3422,3,"(67, 147, 195)",72,39
7240,7240,1.363636363636363,-0.5757575757575757,-3.2367,-3.3422,3,"(67, 147, 195)",72,40
7241,7241,1.363636363636363,-0.5151515151515151,-3.2367,-3.3422,3,"(67, 147, 195)",72,41
7242,7242,1.363636363636363,-0.4545454545454546,-3.2367,-3.3422,3,"(67, 147, 195)",72,42
7243,7243,1.363636363636363,-0.393939393939394,-3.2367,-3.3422,3,"(67, 147, 195)",72,43
7244,7244,1.363636363636363,-0.333333333333333,-3.2367,-3.3422,3,"(67, 147, 195)",72,44
7245,7245,1.363636363636363,-0.2727272727272725,-3.2367,-3.3422,3,"(67, 147, 195)",72,45
7246,7246,1.363636363636363,-0.2121212121212119,-3.2367,-3.3422,3,"(67, 147, 195)",72,46
7247,7247,1.363636363636363,-0.1515151515151513,-3.2367,-3.3422,3,"(67, 147, 195)",72,47
7248,7248,1.363636363636363,-0.0909090909090908,-3.2367,-3.3422,3,"(67, 147, 195)",72,48
7249,7249,1.363636363636363,-0.0303030303030302,3.1653,-3.3425,0,"(214, 96, 77)",72,49
7250,7250,1.363636363636363,0.0303030303030302,3.1653,3.3425,2,"(209, 229, 240)",72,50
7251,7251,1.363636363636363,0.0909090909090908,-3.2367,3.3422,1,"(253, 219, 199)",72,51
7252,7252,1.363636363636363,0.1515151515151513,-3.2367,3.3422,1,"(253, 219, 199)",72,52
7253,7253,1.363636363636363,0.2121212121212123,-3.2367,3.3422,1,"(253, 219, 199)",72,53
7254,7254,1.363636363636363,0.2727272727272729,-3.2367,3.3422,1,"(253, 219, 199)",72,54
7255,7255,1.363636363636363,0.3333333333333335,-3.2367,3.3422,1,"(253, 219, 199)",72,55
7256,7256,1.363636363636363,0.393939393939394,-3.2367,3.3422,1,"(253, 219, 199)",72,56
7257,7257,1.363636363636363,0.4545454545454546,-3.2367,3.3422,1,"(253, 219, 199)",72,57
7258,7258,1.363636363636363,0.5151515151515151,-3.2367,3.3422,1,"(253, 219, 199)",72,58
7259,7259,1.363636363636363,0.5757575757575757,-3.2367,3.3422,1,"(253, 219, 199)",72,59
7260,7260,1.363636363636363,0.6363636363636367,-3.2367,3.3422,1,"(253, 219, 199)",72,60
7261,7261,1.363636363636363,0.6969696969696972,-3.2367,3.3422,1,"(253, 219, 199)",72,61
7262,7262,1.363636363636363,0.7575757575757578,-3.2367,3.3422,1,"(253, 219, 199)",72,62
7263,7263,1.363636363636363,0.8181818181818183,-3.2367,3.3422,1,"(253, 219, 199)",72,63
7264,7264,1.363636363636363,0.8787878787878789,-3.2367,-3.3422,3,"(67, 147, 195)",72,64
7265,7265,1.363636363636363,0.9393939393939394,-3.2367,-3.3422,3,"(67, 147, 195)",72,65
7266,7266,1.363636363636363,1.0,-3.2367,3.3422,1,"(253, 219, 199)",72,66
7267,7267,1.363636363636363,1.0606060606060606,3.1653,3.3425,2,"(209, 229, 240)",72,67
7268,7268,1.363636363636363,1.121212121212121,3.1653,3.3425,2,"(209, 229, 240)",72,68
7269,7269,1.363636363636363,1.1818181818181817,3.1653,3.3425,2,"(209, 229, 240)",72,69
7270,7270,1.363636363636363,1.2424242424242422,3.1653,3.3425,2,"(209, 229, 240)",72,70
7271,7271,1.363636363636363,1.3030303030303028,3.1653,3.3425,2,"(209, 229, 240)",72,71
7272,7272,1.363636363636363,1.363636363636363,3.1653,3.3425,2,"(209, 229, 240)",72,72
7273,7273,1.363636363636363,1.4242424242424248,3.1653,3.3425,2,"(209, 229, 240)",72,73
7274,7274,1.363636363636363,1.4848484848484853,3.1653,3.3425,2,"(209, 229, 240)",72,74
7275,7275,1.363636363636363,1.545454545454546,3.1653,3.3425,2,"(209, 229, 240)",72,75
7276,7276,1.363636363636363,1.6060606060606064,3.1653,3.3425,2,"(209, 229, 240)",72,76
7277,7277,1.363636363636363,1.666666666666667,3.1653,3.3425,2,"(209, 229, 240)",72,77
7278,7278,1.363636363636363,1.7272727272727275,3.1653,3.3425,2,"(209, 229, 240)",72,78
7279,7279,1.363636363636363,1.787878787878788,3.1653,3.3425,2,"(209, 229, 240)",72,79
7280,7280,1.363636363636363,1.8484848484848488,3.1653,3.3425,2,"(209, 229, 240)",72,80
7281,7281,1.363636363636363,1.9090909090909087,3.1653,3.3425,2,"(209, 229, 240)",72,81
7282,7282,1.363636363636363,1.9696969696969695,3.1653,3.3425,2,"(209, 229, 240)",72,82
7283,7283,1.363636363636363,2.0303030303030303,3.1653,3.3425,2,"(209, 229, 240)",72,83
7284,7284,1.363636363636363,2.090909090909091,3.1653,3.3425,2,"(209, 229, 240)",72,84
7285,7285,1.363636363636363,2.1515151515151514,3.1653,3.3425,2,"(209, 229, 240)",72,85
7286,7286,1.363636363636363,2.212121212121212,3.1653,3.3425,2,"(209, 229, 240)",72,86
7287,7287,1.363636363636363,2.2727272727272725,3.1653,3.3425,2,"(209, 229, 240)",72,87
7288,7288,1.363636363636363,2.333333333333334,3.1653,3.3425,2,"(209, 229, 240)",72,88
7289,7289,1.363636363636363,2.3939393939393945,3.1653,3.3425,2,"(209, 229, 240)",72,89
7290,7290,1.363636363636363,2.454545454545455,3.1653,3.3425,2,"(209, 229, 240)",72,90
7291,7291,1.363636363636363,2.515151515151516,3.1653,3.3425,2,"(209, 229, 240)",72,91
7292,7292,1.363636363636363,2.575757575757576,3.1653,3.3425,2,"(209, 229, 240)",72,92
7293,7293,1.363636363636363,2.6363636363636367,3.1653,3.3425,2,"(209, 229, 240)",72,93
7294,7294,1.363636363636363,2.696969696969697,3.1653,3.3425,2,"(209, 229, 240)",72,94
7295,7295,1.363636363636363,2.757575757575758,3.1653,3.3425,2,"(209, 229, 240)",72,95
7296,7296,1.363636363636363,2.8181818181818183,3.1653,3.3425,2,"(209, 229, 240)",72,96
7297,7297,1.363636363636363,2.878787878787879,3.1653,3.3425,2,"(209, 229, 240)",72,97
7298,7298,1.363636363636363,2.9393939393939394,3.1653,3.3425,2,"(209, 229, 240)",72,98
7299,7299,1.363636363636363,3.0,3.1653,3.3425,2,"(209, 229, 240)",72,99
7300,7300,1.4242424242424248,-3.0,3.1653,-3.3425,0,"(214, 96, 77)",73,0
7301,7301,1.4242424242424248,-2.9393939393939394,3.1653,-3.3425,0,"(214, 96, 77)",73,1
7302,7302,1.4242424242424248,-2.878787878787879,3.1653,-3.3425,0,"(214, 96, 77)",73,2
7303,7303,1.4242424242424248,-2.8181818181818183,3.1653,-3.3425,0,"(214, 96, 77)",73,3
7304,7304,1.4242424242424248,-2.757575757575758,3.1653,-3.3425,0,"(214, 96, 77)",73,4
7305,7305,1.4242424242424248,-2.696969696969697,3.1653,-3.3425,0,"(214, 96, 77)",73,5
7306,7306,1.4242424242424248,-2.636363636363636,3.1653,-3.3425,0,"(214, 96, 77)",73,6
7307,7307,1.4242424242424248,-2.575757575757576,3.1653,-3.3425,0,"(214, 96, 77)",73,7
7308,7308,1.4242424242424248,-2.515151515151515,3.1653,-3.3425,0,"(214, 96, 77)",73,8
7309,7309,1.4242424242424248,-2.4545454545454546,3.1653,-3.3425,0,"(214, 96, 77)",73,9
7310,7310,1.4242424242424248,-2.393939393939394,3.1653,-3.3425,0,"(214, 96, 77)",73,10
7311,7311,1.4242424242424248,-2.333333333333333,3.1653,-3.3425,0,"(214, 96, 77)",73,11
7312,7312,1.4242424242424248,-2.2727272727272725,3.1653,-3.3425,0,"(214, 96, 77)",73,12
7313,7313,1.4242424242424248,-2.212121212121212,3.1653,-3.3425,0,"(214, 96, 77)",73,13
7314,7314,1.4242424242424248,-2.1515151515151514,3.1653,-3.3425,0,"(214, 96, 77)",73,14
7315,7315,1.4242424242424248,-2.090909090909091,3.1653,-3.3425,0,"(214, 96, 77)",73,15
7316,7316,1.4242424242424248,-2.0303030303030303,3.1653,-3.3425,0,"(214, 96, 77)",73,16
7317,7317,1.4242424242424248,-1.9696969696969695,3.1653,-3.3425,0,"(214, 96, 77)",73,17
7318,7318,1.4242424242424248,-1.9090909090909087,3.1653,-3.3425,0,"(214, 96, 77)",73,18
7319,7319,1.4242424242424248,-1.8484848484848484,3.1653,-3.3425,0,"(214, 96, 77)",73,19
7320,7320,1.4242424242424248,-1.7878787878787878,3.1653,-3.3425,0,"(214, 96, 77)",73,20
7321,7321,1.4242424242424248,-1.7272727272727273,3.1653,-3.3425,0,"(214, 96, 77)",73,21
7322,7322,1.4242424242424248,-1.6666666666666663,3.1653,-3.3425,0,"(214, 96, 77)",73,22
7323,7323,1.4242424242424248,-1.606060606060606,3.1653,-3.3425,0,"(214, 96, 77)",73,23
7324,7324,1.4242424242424248,-1.5454545454545454,3.1653,-3.3425,0,"(214, 96, 77)",73,24
7325,7325,1.4242424242424248,-1.4848484848484849,3.1653,-3.3425,0,"(214, 96, 77)",73,25
7326,7326,1.4242424242424248,-1.4242424242424243,3.1653,-3.3425,0,"(214, 96, 77)",73,26
7327,7327,1.4242424242424248,-1.3636363636363635,3.1653,-3.3425,0,"(214, 96, 77)",73,27
7328,7328,1.4242424242424248,-1.303030303030303,3.1653,-3.3425,0,"(214, 96, 77)",73,28
7329,7329,1.4242424242424248,-1.2424242424242424,3.1653,-3.3425,0,"(214, 96, 77)",73,29
7330,7330,1.4242424242424248,-1.1818181818181817,3.1653,-3.3425,0,"(214, 96, 77)",73,30
7331,7331,1.4242424242424248,-1.121212121212121,3.1653,-3.3425,0,"(214, 96, 77)",73,31
7332,7332,1.4242424242424248,-1.0606060606060606,-3.2367,-3.3422,3,"(67, 147, 195)",73,32
7333,7333,1.4242424242424248,-1.0,-3.2367,-3.3422,3,"(67, 147, 195)",73,33
7334,7334,1.4242424242424248,-0.9393939393939394,-3.2367,-3.3422,3,"(67, 147, 195)",73,34
7335,7335,1.4242424242424248,-0.8787878787878789,-3.2367,-3.3422,3,"(67, 147, 195)",73,35
7336,7336,1.4242424242424248,-0.8181818181818183,-3.2367,-3.3422,3,"(67, 147, 195)",73,36
7337,7337,1.4242424242424248,-0.7575757575757573,-3.2367,-3.3422,3,"(67, 147, 195)",73,37
7338,7338,1.4242424242424248,-0.6969696969696968,-3.2367,-3.3422,3,"(67, 147, 195)",73,38
7339,7339,1.4242424242424248,-0.6363636363636362,-3.2367,-3.3422,3,"(67, 147, 195)",73,39
7340,7340,1.4242424242424248,-0.5757575757575757,-3.2367,-3.3422,3,"(67, 147, 195)",73,40
7341,7341,1.4242424242424248,-0.5151515151515151,-3.2367,-3.3422,3,"(67, 147, 195)",73,41
7342,7342,1.4242424242424248,-0.4545454545454546,-3.2367,-3.3422,3,"(67, 147, 195)",73,42
7343,7343,1.4242424242424248,-0.393939393939394,-3.2367,-3.3422,3,"(67, 147, 195)",73,43
7344,7344,1.4242424242424248,-0.333333333333333,-3.2367,-3.3422,3,"(67, 147, 195)",73,44
7345,7345,1.4242424242424248,-0.2727272727272725,-3.2367,-3.3422,3,"(67, 147, 195)",73,45
7346,7346,1.4242424242424248,-0.2121212121212119,-3.2367,-3.3422,3,"(67, 147, 195)",73,46
7347,7347,1.4242424242424248,-0.1515151515151513,-3.2367,-3.3422,3,"(67, 147, 195)",73,47
7348,7348,1.4242424242424248,-0.0909090909090908,-3.2367,-3.3422,3,"(67, 147, 195)",73,48
7349,7349,1.4242424242424248,-0.0303030303030302,3.1653,3.3425,2,"(209, 229, 240)",73,49
7350,7350,1.4242424242424248,0.0303030303030302,3.1653,-3.3425,0,"(214, 96, 77)",73,50
7351,7351,1.4242424242424248,0.0909090909090908,-3.2367,3.3422,1,"(253, 219, 199)",73,51
7352,7352,1.4242424242424248,0.1515151515151513,-3.2367,3.3422,1,"(253, 219, 199)",73,52
7353,7353,1.4242424242424248,0.2121212121212123,-3.2367,3.3422,1,"(253, 219, 199)",73,53
7354,7354,1.4242424242424248,0.2727272727272729,-3.2367,3.3422,1,"(253, 219, 199)",73,54
7355,7355,1.4242424242424248,0.3333333333333335,-3.2367,3.3422,1,"(253, 219, 199)",73,55
7356,7356,1.4242424242424248,0.393939393939394,-3.2367,3.3422,1,"(253, 219, 199)",73,56
7357,7357,1.4242424242424248,0.4545454545454546,-3.2367,3.3422,1,"(253, 219, 199)",73,57
7358,7358,1.4242424242424248,0.5151515151515151,-3.2367,3.3422,1,"(253, 219, 199)",73,58
7359,7359,1.4242424242424248,0.5757575757575757,-3.2367,3.3422,1,"(253, 219, 199)",73,59
7360,7360,1.4242424242424248,0.6363636363636367,-3.2367,3.3422,1,"(253, 219, 199)",73,60
7361,7361,1.4242424242424248,0.6969696969696972,-3.2367,3.3422,1,"(253, 219, 199)",73,61
7362,7362,1.4242424242424248,0.7575757575757578,-3.2367,3.3422,1,"(253, 219, 199)",73,62
7363,7363,1.4242424242424248,0.8181818181818183,-3.2367,3.3422,1,"(253, 219, 199)",73,63
7364,7364,1.4242424242424248,0.8787878787878789,-3.2367,3.3422,1,"(253, 219, 199)",73,64
7365,7365,1.4242424242424248,0.9393939393939394,-3.2367,3.3422,1,"(253, 219, 199)",73,65
7366,7366,1.4242424242424248,1.0,-3.2367,3.3422,1,"(253, 219, 199)",73,66
7367,7367,1.4242424242424248,1.0606060606060606,-3.2367,3.3422,1,"(253, 219, 199)",73,67
7368,7368,1.4242424242424248,1.121212121212121,3.1653,3.3425,2,"(209, 229, 240)",73,68
7369,7369,1.4242424242424248,1.1818181818181817,3.1653,3.3425,2,"(209, 229, 240)",73,69
7370,7370,1.4242424242424248,1.2424242424242422,3.1653,3.3425,2,"(209, 229, 240)",73,70
7371,7371,1.4242424242424248,1.3030303030303028,3.1653,3.3425,2,"(209, 229, 240)",73,71
7372,7372,1.4242424242424248,1.363636363636363,3.1653,3.3425,2,"(209, 229, 240)",73,72
7373,7373,1.4242424242424248,1.4242424242424248,3.1653,3.3425,2,"(209, 229, 240)",73,73
7374,7374,1.4242424242424248,1.4848484848484853,3.1653,3.3425,2,"(209, 229, 240)",73,74
7375,7375,1.4242424242424248,1.545454545454546,3.1653,3.3425,2,"(209, 229, 240)",73,75
7376,7376,1.4242424242424248,1.6060606060606064,3.1653,3.3425,2,"(209, 229, 240)",73,76
7377,7377,1.4242424242424248,1.666666666666667,3.1653,3.3425,2,"(209, 229, 240)",73,77
7378,7378,1.4242424242424248,1.7272727272727275,3.1653,3.3425,2,"(209, 229, 240)",73,78
7379,7379,1.4242424242424248,1.787878787878788,3.1653,3.3425,2,"(209, 229, 240)",73,79
7380,7380,1.4242424242424248,1.8484848484848488,3.1653,3.3425,2,"(209, 229, 240)",73,80
7381,7381,1.4242424242424248,1.9090909090909087,3.1653,3.3425,2,"(209, 229, 240)",73,81
7382,7382,1.4242424242424248,1.9696969696969695,3.1653,3.3425,2,"(209, 229, 240)",73,82
7383,7383,1.4242424242424248,2.0303030303030303,3.1653,3.3425,2,"(209, 229, 240)",73,83
7384,7384,1.4242424242424248,2.090909090909091,3.1653,3.3425,2,"(209, 229, 240)",73,84
7385,7385,1.4242424242424248,2.1515151515151514,3.1653,3.3425,2,"(209, 229, 240)",73,85
7386,7386,1.4242424242424248,2.212121212121212,3.1653,3.3425,2,"(209, 229, 240)",73,86
7387,7387,1.4242424242424248,2.2727272727272725,3.1653,3.3425,2,"(209, 229, 240)",73,87
7388,7388,1.4242424242424248,2.333333333333334,3.1653,3.3425,2,"(209, 229, 240)",73,88
7389,7389,1.4242424242424248,2.3939393939393945,3.1653,3.3425,2,"(209, 229, 240)",73,89
7390,7390,1.4242424242424248,2.454545454545455,3.1653,3.3425,2,"(209, 229, 240)",73,90
7391,7391,1.4242424242424248,2.515151515151516,3.1653,3.3425,2,"(209, 229, 240)",73,91
7392,7392,1.4242424242424248,2.575757575757576,3.1653,3.3425,2,"(209, 229, 240)",73,92
7393,7393,1.4242424242424248,2.6363636363636367,3.1653,3.3425,2,"(209, 229, 240)",73,93
7394,7394,1.4242424242424248,2.696969696969697,3.1653,3.3425,2,"(209, 229, 240)",73,94
7395,7395,1.4242424242424248,2.757575757575758,3.1653,3.3425,2,"(209, 229, 240)",73,95
7396,7396,1.4242424242424248,2.8181818181818183,3.1653,3.3425,2,"(209, 229, 240)",73,96
7397,7397,1.4242424242424248,2.878787878787879,3.1653,3.3425,2,"(209, 229, 240)",73,97
7398,7398,1.4242424242424248,2.9393939393939394,3.1653,3.3425,2,"(209, 229, 240)",73,98
7399,7399,1.4242424242424248,3.0,3.1653,3.3425,2,"(209, 229, 240)",73,99
7400,7400,1.4848484848484853,-3.0,3.1653,-3.3425,0,"(214, 96, 77)",74,0
7401,7401,1.4848484848484853,-2.9393939393939394,3.1653,-3.3425,0,"(214, 96, 77)",74,1
7402,7402,1.4848484848484853,-2.878787878787879,3.1653,-3.3425,0,"(214, 96, 77)",74,2
7403,7403,1.4848484848484853,-2.8181818181818183,3.1653,-3.3425,0,"(214, 96, 77)",74,3
7404,7404,1.4848484848484853,-2.757575757575758,3.1653,-3.3425,0,"(214, 96, 77)",74,4
7405,7405,1.4848484848484853,-2.696969696969697,3.1653,-3.3425,0,"(214, 96, 77)",74,5
7406,7406,1.4848484848484853,-2.636363636363636,3.1653,-3.3425,0,"(214, 96, 77)",74,6
7407,7407,1.4848484848484853,-2.575757575757576,3.1653,-3.3425,0,"(214, 96, 77)",74,7
7408,7408,1.4848484848484853,-2.515151515151515,3.1653,-3.3425,0,"(214, 96, 77)",74,8
7409,7409,1.4848484848484853,-2.4545454545454546,3.1653,-3.3425,0,"(214, 96, 77)",74,9
7410,7410,1.4848484848484853,-2.393939393939394,3.1653,-3.3425,0,"(214, 96, 77)",74,10
7411,7411,1.4848484848484853,-2.333333333333333,3.1653,-3.3425,0,"(214, 96, 77)",74,11
7412,7412,1.4848484848484853,-2.2727272727272725,3.1653,-3.3425,0,"(214, 96, 77)",74,12
7413,7413,1.4848484848484853,-2.212121212121212,3.1653,-3.3425,0,"(214, 96, 77)",74,13
7414,7414,1.4848484848484853,-2.1515151515151514,3.1653,-3.3425,0,"(214, 96, 77)",74,14
7415,7415,1.4848484848484853,-2.090909090909091,3.1653,-3.3425,0,"(214, 96, 77)",74,15
7416,7416,1.4848484848484853,-2.0303030303030303,3.1653,-3.3425,0,"(214, 96, 77)",74,16
7417,7417,1.4848484848484853,-1.9696969696969695,3.1653,-3.3425,0,"(214, 96, 77)",74,17
7418,7418,1.4848484848484853,-1.9090909090909087,3.1653,-3.3425,0,"(214, 96, 77)",74,18
7419,7419,1.4848484848484853,-1.8484848484848484,3.1653,-3.3425,0,"(214, 96, 77)",74,19
7420,7420,1.4848484848484853,-1.7878787878787878,3.1653,-3.3425,0,"(214, 96, 77)",74,20
7421,7421,1.4848484848484853,-1.7272727272727273,3.1653,-3.3425,0,"(214, 96, 77)",74,21
7422,7422,1.4848484848484853,-1.6666666666666663,3.1653,-3.3425,0,"(214, 96, 77)",74,22
7423,7423,1.4848484848484853,-1.606060606060606,3.1653,-3.3425,0,"(214, 96, 77)",74,23
7424,7424,1.4848484848484853,-1.5454545454545454,3.1653,-3.3425,0,"(214, 96, 77)",74,24
7425,7425,1.4848484848484853,-1.4848484848484849,3.1653,-3.3425,0,"(214, 96, 77)",74,25
7426,7426,1.4848484848484853,-1.4242424242424243,3.1653,-3.3425,0,"(214, 96, 77)",74,26
7427,7427,1.4848484848484853,-1.3636363636363635,3.1653,-3.3425,0,"(214, 96, 77)",74,27
7428,7428,1.4848484848484853,-1.303030303030303,3.1653,-3.3425,0,"(214, 96, 77)",74,28
7429,7429,1.4848484848484853,-1.2424242424242424,3.1653,-3.3425,0,"(214, 96, 77)",74,29
7430,7430,1.4848484848484853,-1.1818181818181817,3.1653,-3.3425,0,"(214, 96, 77)",74,30
7431,7431,1.4848484848484853,-1.121212121212121,3.1653,-3.3425,0,"(214, 96, 77)",74,31
7432,7432,1.4848484848484853,-1.0606060606060606,3.1653,3.3425,2,"(209, 229, 240)",74,32
7433,7433,1.4848484848484853,-1.0,3.1653,-3.3425,0,"(214, 96, 77)",74,33
7434,7434,1.4848484848484853,-0.9393939393939394,3.1653,3.3425,2,"(209, 229, 240)",74,34
7435,7435,1.4848484848484853,-0.8787878787878789,-3.2367,-3.3422,3,"(67, 147, 195)",74,35
7436,7436,1.4848484848484853,-0.8181818181818183,-3.2367,-3.3422,3,"(67, 147, 195)",74,36
7437,7437,1.4848484848484853,-0.7575757575757573,-3.2367,-3.3422,3,"(67, 147, 195)",74,37
7438,7438,1.4848484848484853,-0.6969696969696968,-3.2367,-3.3422,3,"(67, 147, 195)",74,38
7439,7439,1.4848484848484853,-0.6363636363636362,-3.2367,-3.3422,3,"(67, 147, 195)",74,39
7440,7440,1.4848484848484853,-0.5757575757575757,-3.2367,-3.3422,3,"(67, 147, 195)",74,40
7441,7441,1.4848484848484853,-0.5151515151515151,-3.2367,-3.3422,3,"(67, 147, 195)",74,41
7442,7442,1.4848484848484853,-0.4545454545454546,-3.2367,-3.3422,3,"(67, 147, 195)",74,42
7443,7443,1.4848484848484853,-0.393939393939394,-3.2367,-3.3422,3,"(67, 147, 195)",74,43
7444,7444,1.4848484848484853,-0.333333333333333,-3.2367,-3.3422,3,"(67, 147, 195)",74,44
7445,7445,1.4848484848484853,-0.2727272727272725,-3.2367,-3.3422,3,"(67, 147, 195)",74,45
7446,7446,1.4848484848484853,-0.2121212121212119,-3.2367,-3.3422,3,"(67, 147, 195)",74,46
7447,7447,1.4848484848484853,-0.1515151515151513,-3.2367,-3.3422,3,"(67, 147, 195)",74,47
7448,7448,1.4848484848484853,-0.0909090909090908,-3.2367,-3.3422,3,"(67, 147, 195)",74,48
7449,7449,1.4848484848484853,-0.0303030303030302,3.1653,-3.3425,0,"(214, 96, 77)",74,49
7450,7450,1.4848484848484853,0.0303030303030302,3.1653,3.3425,2,"(209, 229, 240)",74,50
7451,7451,1.4848484848484853,0.0909090909090908,-3.2367,3.3422,1,"(253, 219, 199)",74,51
7452,7452,1.4848484848484853,0.1515151515151513,-3.2367,3.3422,1,"(253, 219, 199)",74,52
7453,7453,1.4848484848484853,0.2121212121212123,-3.2367,3.3422,1,"(253, 219, 199)",74,53
7454,7454,1.4848484848484853,0.2727272727272729,-3.2367,3.3422,1,"(253, 219, 199)",74,54
7455,7455,1.4848484848484853,0.3333333333333335,-3.2367,3.3422,1,"(253, 219, 199)",74,55
7456,7456,1.4848484848484853,0.393939393939394,-3.2367,3.3422,1,"(253, 219, 199)",74,56
7457,7457,1.4848484848484853,0.4545454545454546,-3.2367,3.3422,1,"(253, 219, 199)",74,57
7458,7458,1.4848484848484853,0.5151515151515151,-3.2367,3.3422,1,"(253, 219, 199)",74,58
7459,7459,1.4848484848484853,0.5757575757575757,-3.2367,3.3422,1,"(253, 219, 199)",74,59
7460,7460,1.4848484848484853,0.6363636363636367,-3.2367,3.3422,1,"(253, 219, 199)",74,60
7461,7461,1.4848484848484853,0.6969696969696972,-3.2367,3.3422,1,"(253, 219, 199)",74,61
7462,7462,1.4848484848484853,0.7575757575757578,-3.2367,3.3422,1,"(253, 219, 199)",74,62
7463,7463,1.4848484848484853,0.8181818181818183,-3.2367,3.3422,1,"(253, 219, 199)",74,63
7464,7464,1.4848484848484853,0.8787878787878789,-3.2367,3.3422,1,"(253, 219, 199)",74,64
7465,7465,1.4848484848484853,0.9393939393939394,3.1653,-3.3425,0,"(214, 96, 77)",74,65
7466,7466,1.4848484848484853,1.0,3.1653,3.3425,2,"(209, 229, 240)",74,66
7467,7467,1.4848484848484853,1.0606060606060606,3.1653,-3.3425,0,"(214, 96, 77)",74,67
7468,7468,1.4848484848484853,1.121212121212121,3.1653,3.3425,2,"(209, 229, 240)",74,68
7469,7469,1.4848484848484853,1.1818181818181817,3.1653,3.3425,2,"(209, 229, 240)",74,69
7470,7470,1.4848484848484853,1.2424242424242422,3.1653,3.3425,2,"(209, 229, 240)",74,70
7471,7471,1.4848484848484853,1.3030303030303028,3.1653,3.3425,2,"(209, 229, 240)",74,71
7472,7472,1.4848484848484853,1.363636363636363,3.1653,3.3425,2,"(209, 229, 240)",74,72
7473,7473,1.4848484848484853,1.4242424242424248,3.1653,3.3425,2,"(209, 229, 240)",74,73
7474,7474,1.4848484848484853,1.4848484848484853,3.1653,3.3425,2,"(209, 229, 240)",74,74
7475,7475,1.4848484848484853,1.545454545454546,3.1653,3.3425,2,"(209, 229, 240)",74,75
7476,7476,1.4848484848484853,1.6060606060606064,3.1653,3.3425,2,"(209, 229, 240)",74,76
7477,7477,1.4848484848484853,1.666666666666667,3.1653,3.3425,2,"(209, 229, 240)",74,77
7478,7478,1.4848484848484853,1.7272727272727275,3.1653,3.3425,2,"(209, 229, 240)",74,78
7479,7479,1.4848484848484853,1.787878787878788,3.1653,3.3425,2,"(209, 229, 240)",74,79
7480,7480,1.4848484848484853,1.8484848484848488,3.1653,3.3425,2,"(209, 229, 240)",74,80
7481,7481,1.4848484848484853,1.9090909090909087,3.1653,3.3425,2,"(209, 229, 240)",74,81
7482,7482,1.4848484848484853,1.9696969696969695,3.1653,3.3425,2,"(209, 229, 240)",74,82
7483,7483,1.4848484848484853,2.0303030303030303,3.1653,3.3425,2,"(209, 229, 240)",74,83
7484,7484,1.4848484848484853,2.090909090909091,3.1653,3.3425,2,"(209, 229, 240)",74,84
7485,7485,1.4848484848484853,2.1515151515151514,3.1653,3.3425,2,"(209, 229, 240)",74,85
7486,7486,1.4848484848484853,2.212121212121212,3.1653,3.3425,2,"(209, 229, 240)",74,86
7487,7487,1.4848484848484853,2.2727272727272725,3.1653,3.3425,2,"(209, 229, 240)",74,87
7488,7488,1.4848484848484853,2.333333333333334,3.1653,3.3425,2,"(209, 229, 240)",74,88
7489,7489,1.4848484848484853,2.3939393939393945,3.1653,3.3425,2,"(209, 229, 240)",74,89
7490,7490,1.4848484848484853,2.454545454545455,3.1653,3.3425,2,"(209, 229, 240)",74,90
7491,7491,1.4848484848484853,2.515151515151516,3.1653,3.3425,2,"(209, 229, 240)",74,91
7492,7492,1.4848484848484853,2.575757575757576,3.1653,3.3425,2,"(209, 229, 240)",74,92
7493,7493,1.4848484848484853,2.6363636363636367,3.1653,3.3425,2,"(209, 229, 240)",74,93
7494,7494,1.4848484848484853,2.696969696969697,3.1653,3.3425,2,"(209, 229, 240)",74,94
7495,7495,1.4848484848484853,2.757575757575758,3.1653,3.3425,2,"(209, 229, 240)",74,95
7496,7496,1.4848484848484853,2.8181818181818183,3.1653,3.3425,2,"(209, 229, 240)",74,96
7497,7497,1.4848484848484853,2.878787878787879,3.1653,3.3425,2,"(209, 229, 240)",74,97
7498,7498,1.4848484848484853,2.9393939393939394,3.1653,3.3425,2,"(209, 229, 240)",74,98
7499,7499,1.4848484848484853,3.0,3.1653,3.3425,2,"(209, 229, 240)",74,99
7500,7500,1.545454545454546,-3.0,3.1653,-3.3425,0,"(214, 96, 77)",75,0
7501,7501,1.545454545454546,-2.9393939393939394,3.1653,-3.3425,0,"(214, 96, 77)",75,1
7502,7502,1.545454545454546,-2.878787878787879,3.1653,-3.3425,0,"(214, 96, 77)",75,2
7503,7503,1.545454545454546,-2.8181818181818183,3.1653,-3.3425,0,"(214, 96, 77)",75,3
7504,7504,1.545454545454546,-2.757575757575758,3.1653,-3.3425,0,"(214, 96, 77)",75,4
7505,7505,1.545454545454546,-2.696969696969697,3.1653,-3.3425,0,"(214, 96, 77)",75,5
7506,7506,1.545454545454546,-2.636363636363636,3.1653,-3.3425,0,"(214, 96, 77)",75,6
7507,7507,1.545454545454546,-2.575757575757576,3.1653,-3.3425,0,"(214, 96, 77)",75,7
7508,7508,1.545454545454546,-2.515151515151515,3.1653,-3.3425,0,"(214, 96, 77)",75,8
7509,7509,1.545454545454546,-2.4545454545454546,3.1653,-3.3425,0,"(214, 96, 77)",75,9
7510,7510,1.545454545454546,-2.393939393939394,3.1653,-3.3425,0,"(214, 96, 77)",75,10
7511,7511,1.545454545454546,-2.333333333333333,3.1653,-3.3425,0,"(214, 96, 77)",75,11
7512,7512,1.545454545454546,-2.2727272727272725,3.1653,-3.3425,0,"(214, 96, 77)",75,12
7513,7513,1.545454545454546,-2.212121212121212,3.1653,-3.3425,0,"(214, 96, 77)",75,13
7514,7514,1.545454545454546,-2.1515151515151514,3.1653,-3.3425,0,"(214, 96, 77)",75,14
7515,7515,1.545454545454546,-2.090909090909091,3.1653,-3.3425,0,"(214, 96, 77)",75,15
7516,7516,1.545454545454546,-2.0303030303030303,3.1653,-3.3425,0,"(214, 96, 77)",75,16
7517,7517,1.545454545454546,-1.9696969696969695,3.1653,-3.3425,0,"(214, 96, 77)",75,17
7518,7518,1.545454545454546,-1.9090909090909087,3.1653,-3.3425,0,"(214, 96, 77)",75,18
7519,7519,1.545454545454546,-1.8484848484848484,3.1653,-3.3425,0,"(214, 96, 77)",75,19
7520,7520,1.545454545454546,-1.7878787878787878,3.1653,-3.3425,0,"(214, 96, 77)",75,20
7521,7521,1.545454545454546,-1.7272727272727273,3.1653,-3.3425,0,"(214, 96, 77)",75,21
7522,7522,1.545454545454546,-1.6666666666666663,3.1653,-3.3425,0,"(214, 96, 77)",75,22
7523,7523,1.545454545454546,-1.606060606060606,3.1653,-3.3425,0,"(214, 96, 77)",75,23
7524,7524,1.545454545454546,-1.5454545454545454,3.1653,-3.3425,0,"(214, 96, 77)",75,24
7525,7525,1.545454545454546,-1.4848484848484849,3.1653,-3.3425,0,"(214, 96, 77)",75,25
7526,7526,1.545454545454546,-1.4242424242424243,3.1653,-3.3425,0,"(214, 96, 77)",75,26
7527,7527,1.545454545454546,-1.3636363636363635,3.1653,-3.3425,0,"(214, 96, 77)",75,27
7528,7528,1.545454545454546,-1.303030303030303,3.1653,-3.3425,0,"(214, 96, 77)",75,28
7529,7529,1.545454545454546,-1.2424242424242424,3.1653,-3.3425,0,"(214, 96, 77)",75,29
7530,7530,1.545454545454546,-1.1818181818181817,3.1653,-3.3425,0,"(214, 96, 77)",75,30
7531,7531,1.545454545454546,-1.121212121212121,3.1653,-3.3425,0,"(214, 96, 77)",75,31
7532,7532,1.545454545454546,-1.0606060606060606,3.1653,3.3425,2,"(209, 229, 240)",75,32
7533,7533,1.545454545454546,-1.0,-3.2367,3.3422,1,"(253, 219, 199)",75,33
7534,7534,1.545454545454546,-0.9393939393939394,-3.2367,-3.3422,3,"(67, 147, 195)",75,34
7535,7535,1.545454545454546,-0.8787878787878789,-3.2367,-3.3422,3,"(67, 147, 195)",75,35
7536,7536,1.545454545454546,-0.8181818181818183,-3.2367,-3.3422,3,"(67, 147, 195)",75,36
7537,7537,1.545454545454546,-0.7575757575757573,-3.2367,-3.3422,3,"(67, 147, 195)",75,37
7538,7538,1.545454545454546,-0.6969696969696968,-3.2367,-3.3422,3,"(67, 147, 195)",75,38
7539,7539,1.545454545454546,-0.6363636363636362,-3.2367,-3.3422,3,"(67, 147, 195)",75,39
7540,7540,1.545454545454546,-0.5757575757575757,-3.2367,-3.3422,3,"(67, 147, 195)",75,40
7541,7541,1.545454545454546,-0.5151515151515151,-3.2367,-3.3422,3,"(67, 147, 195)",75,41
7542,7542,1.545454545454546,-0.4545454545454546,-3.2367,-3.3422,3,"(67, 147, 195)",75,42
7543,7543,1.545454545454546,-0.393939393939394,-3.2367,-3.3422,3,"(67, 147, 195)",75,43
7544,7544,1.545454545454546,-0.333333333333333,-3.2367,-3.3422,3,"(67, 147, 195)",75,44
7545,7545,1.545454545454546,-0.2727272727272725,-3.2367,-3.3422,3,"(67, 147, 195)",75,45
7546,7546,1.545454545454546,-0.2121212121212119,-3.2367,-3.3422,3,"(67, 147, 195)",75,46
7547,7547,1.545454545454546,-0.1515151515151513,-3.2367,-3.3422,3,"(67, 147, 195)",75,47
7548,7548,1.545454545454546,-0.0909090909090908,-3.2367,-3.3422,3,"(67, 147, 195)",75,48
7549,7549,1.545454545454546,-0.0303030303030302,3.1653,-3.3425,0,"(214, 96, 77)",75,49
7550,7550,1.545454545454546,0.0303030303030302,3.1653,3.3425,2,"(209, 229, 240)",75,50
7551,7551,1.545454545454546,0.0909090909090908,-3.2367,3.3422,1,"(253, 219, 199)",75,51
7552,7552,1.545454545454546,0.1515151515151513,-3.2367,3.3422,1,"(253, 219, 199)",75,52
7553,7553,1.545454545454546,0.2121212121212123,-3.2367,3.3422,1,"(253, 219, 199)",75,53
7554,7554,1.545454545454546,0.2727272727272729,-3.2367,3.3422,1,"(253, 219, 199)",75,54
7555,7555,1.545454545454546,0.3333333333333335,-3.2367,3.3422,1,"(253, 219, 199)",75,55
7556,7556,1.545454545454546,0.393939393939394,-3.2367,3.3422,1,"(253, 219, 199)",75,56
7557,7557,1.545454545454546,0.4545454545454546,-3.2367,3.3422,1,"(253, 219, 199)",75,57
7558,7558,1.545454545454546,0.5151515151515151,-3.2367,3.3422,1,"(253, 219, 199)",75,58
7559,7559,1.545454545454546,0.5757575757575757,-3.2367,3.3422,1,"(253, 219, 199)",75,59
7560,7560,1.545454545454546,0.6363636363636367,-3.2367,3.3422,1,"(253, 219, 199)",75,60
7561,7561,1.545454545454546,0.6969696969696972,-3.2367,3.3422,1,"(253, 219, 199)",75,61
7562,7562,1.545454545454546,0.7575757575757578,-3.2367,3.3422,1,"(253, 219, 199)",75,62
7563,7563,1.545454545454546,0.8181818181818183,-3.2367,3.3422,1,"(253, 219, 199)",75,63
7564,7564,1.545454545454546,0.8787878787878789,-3.2367,3.3422,1,"(253, 219, 199)",75,64
7565,7565,1.545454545454546,0.9393939393939394,-3.2367,3.3422,1,"(253, 219, 199)",75,65
7566,7566,1.545454545454546,1.0,-3.2367,-3.3422,3,"(67, 147, 195)",75,66
7567,7567,1.545454545454546,1.0606060606060606,3.1653,-3.3425,0,"(214, 96, 77)",75,67
7568,7568,1.545454545454546,1.121212121212121,3.1653,3.3425,2,"(209, 229, 240)",75,68
7569,7569,1.545454545454546,1.1818181818181817,3.1653,3.3425,2,"(209, 229, 240)",75,69
7570,7570,1.545454545454546,1.2424242424242422,3.1653,3.3425,2,"(209, 229, 240)",75,70
7571,7571,1.545454545454546,1.3030303030303028,3.1653,3.3425,2,"(209, 229, 240)",75,71
7572,7572,1.545454545454546,1.363636363636363,3.1653,3.3425,2,"(209, 229, 240)",75,72
7573,7573,1.545454545454546,1.4242424242424248,3.1653,3.3425,2,"(209, 229, 240)",75,73
7574,7574,1.545454545454546,1.4848484848484853,3.1653,3.3425,2,"(209, 229, 240)",75,74
7575,7575,1.545454545454546,1.545454545454546,3.1653,3.3425,2,"(209, 229, 240)",75,75
7576,7576,1.545454545454546,1.6060606060606064,3.1653,3.3425,2,"(209, 229, 240)",75,76
7577,7577,1.545454545454546,1.666666666666667,3.1653,3.3425,2,"(209, 229, 240)",75,77
7578,7578,1.545454545454546,1.7272727272727275,3.1653,3.3425,2,"(209, 229, 240)",75,78
7579,7579,1.545454545454546,1.787878787878788,3.1653,3.3425,2,"(209, 229, 240)",75,79
7580,7580,1.545454545454546,1.8484848484848488,3.1653,3.3425,2,"(209, 229, 240)",75,80
7581,7581,1.545454545454546,1.9090909090909087,3.1653,3.3425,2,"(209, 229, 240)",75,81
7582,7582,1.545454545454546,1.9696969696969695,3.1653,3.3425,2,"(209, 229, 240)",75,82
7583,7583,1.545454545454546,2.0303030303030303,3.1653,3.3425,2,"(209, 229, 240)",75,83
7584,7584,1.545454545454546,2.090909090909091,3.1653,3.3425,2,"(209, 229, 240)",75,84
7585,7585,1.545454545454546,2.1515151515151514,3.1653,3.3425,2,"(209, 229, 240)",75,85
7586,7586,1.545454545454546,2.212121212121212,3.1653,3.3425,2,"(209, 229, 240)",75,86
7587,7587,1.545454545454546,2.2727272727272725,3.1653,3.3425,2,"(209, 229, 240)",75,87
7588,7588,1.545454545454546,2.333333333333334,3.1653,3.3425,2,"(209, 229, 240)",75,88
7589,7589,1.545454545454546,2.3939393939393945,3.1653,3.3425,2,"(209, 229, 240)",75,89
7590,7590,1.545454545454546,2.454545454545455,3.1653,3.3425,2,"(209, 229, 240)",75,90
7591,7591,1.545454545454546,2.515151515151516,3.1653,3.3425,2,"(209, 229, 240)",75,91
7592,7592,1.545454545454546,2.575757575757576,3.1653,3.3425,2,"(209, 229, 240)",75,92
7593,7593,1.545454545454546,2.6363636363636367,3.1653,3.3425,2,"(209, 229, 240)",75,93
7594,7594,1.545454545454546,2.696969696969697,3.1653,3.3425,2,"(209, 229, 240)",75,94
7595,7595,1.545454545454546,2.757575757575758,3.1653,3.3425,2,"(209, 229, 240)",75,95
7596,7596,1.545454545454546,2.8181818181818183,3.1653,3.3425,2,"(209, 229, 240)",75,96
7597,7597,1.545454545454546,2.878787878787879,3.1653,3.3425,2,"(209, 229, 240)",75,97
7598,7598,1.545454545454546,2.9393939393939394,3.1653,3.3425,2,"(209, 229, 240)",75,98
7599,7599,1.545454545454546,3.0,3.1653,3.3425,2,"(209, 229, 240)",75,99
7600,7600,1.6060606060606064,-3.0,3.1653,-3.3425,0,"(214, 96, 77)",76,0
7601,7601,1.6060606060606064,-2.9393939393939394,3.1653,-3.3425,0,"(214, 96, 77)",76,1
7602,7602,1.6060606060606064,-2.878787878787879,3.1653,-3.3425,0,"(214, 96, 77)",76,2
7603,7603,1.6060606060606064,-2.8181818181818183,3.1653,-3.3425,0,"(214, 96, 77)",76,3
7604,7604,1.6060606060606064,-2.757575757575758,3.1653,-3.3425,0,"(214, 96, 77)",76,4
7605,7605,1.6060606060606064,-2.696969696969697,3.1653,-3.3425,0,"(214, 96, 77)",76,5
7606,7606,1.6060606060606064,-2.636363636363636,3.1653,-3.3425,0,"(214, 96, 77)",76,6
7607,7607,1.6060606060606064,-2.575757575757576,3.1653,-3.3425,0,"(214, 96, 77)",76,7
7608,7608,1.6060606060606064,-2.515151515151515,3.1653,-3.3425,0,"(214, 96, 77)",76,8
7609,7609,1.6060606060606064,-2.4545454545454546,3.1653,-3.3425,0,"(214, 96, 77)",76,9
7610,7610,1.6060606060606064,-2.393939393939394,3.1653,-3.3425,0,"(214, 96, 77)",76,10
7611,7611,1.6060606060606064,-2.333333333333333,3.1653,-3.3425,0,"(214, 96, 77)",76,11
7612,7612,1.6060606060606064,-2.2727272727272725,3.1653,-3.3425,0,"(214, 96, 77)",76,12
7613,7613,1.6060606060606064,-2.212121212121212,3.1653,-3.3425,0,"(214, 96, 77)",76,13
7614,7614,1.6060606060606064,-2.1515151515151514,3.1653,-3.3425,0,"(214, 96, 77)",76,14
7615,7615,1.6060606060606064,-2.090909090909091,3.1653,-3.3425,0,"(214, 96, 77)",76,15
7616,7616,1.6060606060606064,-2.0303030303030303,3.1653,-3.3425,0,"(214, 96, 77)",76,16
7617,7617,1.6060606060606064,-1.9696969696969695,3.1653,-3.3425,0,"(214, 96, 77)",76,17
7618,7618,1.6060606060606064,-1.9090909090909087,3.1653,-3.3425,0,"(214, 96, 77)",76,18
7619,7619,1.6060606060606064,-1.8484848484848484,3.1653,-3.3425,0,"(214, 96, 77)",76,19
7620,7620,1.6060606060606064,-1.7878787878787878,3.1653,-3.3425,0,"(214, 96, 77)",76,20
7621,7621,1.6060606060606064,-1.7272727272727273,3.1653,-3.3425,0,"(214, 96, 77)",76,21
7622,7622,1.6060606060606064,-1.6666666666666663,3.1653,-3.3425,0,"(214, 96, 77)",76,22
7623,7623,1.6060606060606064,-1.606060606060606,3.1653,-3.3425,0,"(214, 96, 77)",76,23
7624,7624,1.6060606060606064,-1.5454545454545454,3.1653,-3.3425,0,"(214, 96, 77)",76,24
7625,7625,1.6060606060606064,-1.4848484848484849,3.1653,-3.3425,0,"(214, 96, 77)",76,25
7626,7626,1.6060606060606064,-1.4242424242424243,3.1653,-3.3425,0,"(214, 96, 77)",76,26
7627,7627,1.6060606060606064,-1.3636363636363635,3.1653,-3.3425,0,"(214, 96, 77)",76,27
7628,7628,1.6060606060606064,-1.303030303030303,3.1653,-3.3425,0,"(214, 96, 77)",76,28
7629,7629,1.6060606060606064,-1.2424242424242424,3.1653,-3.3425,0,"(214, 96, 77)",76,29
7630,7630,1.6060606060606064,-1.1818181818181817,3.1653,-3.3425,0,"(214, 96, 77)",76,30
7631,7631,1.6060606060606064,-1.121212121212121,-3.2367,3.3422,1,"(253, 219, 199)",76,31
7632,7632,1.6060606060606064,-1.0606060606060606,3.1653,-3.3425,0,"(214, 96, 77)",76,32
7633,7633,1.6060606060606064,-1.0,-3.2367,-3.3422,3,"(67, 147, 195)",76,33
7634,7634,1.6060606060606064,-0.9393939393939394,-3.2367,-3.3422,3,"(67, 147, 195)",76,34
7635,7635,1.6060606060606064,-0.8787878787878789,-3.2367,-3.3422,3,"(67, 147, 195)",76,35
7636,7636,1.6060606060606064,-0.8181818181818183,-3.2367,-3.3422,3,"(67, 147, 195)",76,36
7637,7637,1.6060606060606064,-0.7575757575757573,-3.2367,-3.3422,3,"(67, 147, 195)",76,37
7638,7638,1.6060606060606064,-0.6969696969696968,-3.2367,-3.3422,3,"(67, 147, 195)",76,38
7639,7639,1.6060606060606064,-0.6363636363636362,-3.2367,-3.3422,3,"(67, 147, 195)",76,39
7640,7640,1.6060606060606064,-0.5757575757575757,-3.2367,-3.3422,3,"(67, 147, 195)",76,40
7641,7641,1.6060606060606064,-0.5151515151515151,-3.2367,-3.3422,3,"(67, 147, 195)",76,41
7642,7642,1.6060606060606064,-0.4545454545454546,-3.2367,-3.3422,3,"(67, 147, 195)",76,42
7643,7643,1.6060606060606064,-0.393939393939394,-3.2367,-3.3422,3,"(67, 147, 195)",76,43
7644,7644,1.6060606060606064,-0.333333333333333,-3.2367,-3.3422,3,"(67, 147, 195)",76,44
7645,7645,1.6060606060606064,-0.2727272727272725,-3.2367,-3.3422,3,"(67, 147, 195)",76,45
7646,7646,1.6060606060606064,-0.2121212121212119,-3.2367,-3.3422,3,"(67, 147, 195)",76,46
7647,7647,1.6060606060606064,-0.1515151515151513,-3.2367,-3.3422,3,"(67, 147, 195)",76,47
7648,7648,1.6060606060606064,-0.0909090909090908,3.1653,-3.3425,0,"(214, 96, 77)",76,48
7649,7649,1.6060606060606064,-0.0303030303030302,-3.2367,-3.3422,3,"(67, 147, 195)",76,49
7650,7650,1.6060606060606064,0.0303030303030302,-3.2367,3.3422,1,"(253, 219, 199)",76,50
7651,7651,1.6060606060606064,0.0909090909090908,3.1653,3.3425,2,"(209, 229, 240)",76,51
7652,7652,1.6060606060606064,0.1515151515151513,-3.2367,3.3422,1,"(253, 219, 199)",76,52
7653,7653,1.6060606060606064,0.2121212121212123,-3.2367,3.3422,1,"(253, 219, 199)",76,53
7654,7654,1.6060606060606064,0.2727272727272729,-3.2367,3.3422,1,"(253, 219, 199)",76,54
7655,7655,1.6060606060606064,0.3333333333333335,-3.2367,3.3422,1,"(253, 219, 199)",76,55
7656,7656,1.6060606060606064,0.393939393939394,-3.2367,3.3422,1,"(253, 219, 199)",76,56
7657,7657,1.6060606060606064,0.4545454545454546,-3.2367,3.3422,1,"(253, 219, 199)",76,57
7658,7658,1.6060606060606064,0.5151515151515151,-3.2367,3.3422,1,"(253, 219, 199)",76,58
7659,7659,1.6060606060606064,0.5757575757575757,-3.2367,3.3422,1,"(253, 219, 199)",76,59
7660,7660,1.6060606060606064,0.6363636363636367,-3.2367,3.3422,1,"(253, 219, 199)",76,60
7661,7661,1.6060606060606064,0.6969696969696972,-3.2367,3.3422,1,"(253, 219, 199)",76,61
7662,7662,1.6060606060606064,0.7575757575757578,-3.2367,3.3422,1,"(253, 219, 199)",76,62
7663,7663,1.6060606060606064,0.8181818181818183,-3.2367,3.3422,1,"(253, 219, 199)",76,63
7664,7664,1.6060606060606064,0.8787878787878789,-3.2367,3.3422,1,"(253, 219, 199)",76,64
7665,7665,1.6060606060606064,0.9393939393939394,-3.2367,3.3422,1,"(253, 219, 199)",76,65
7666,7666,1.6060606060606064,1.0,-3.2367,3.3422,1,"(253, 219, 199)",76,66
7667,7667,1.6060606060606064,1.0606060606060606,3.1653,3.3425,2,"(209, 229, 240)",76,67
7668,7668,1.6060606060606064,1.121212121212121,-3.2367,-3.3422,3,"(67, 147, 195)",76,68
7669,7669,1.6060606060606064,1.1818181818181817,3.1653,3.3425,2,"(209, 229, 240)",76,69
7670,7670,1.6060606060606064,1.2424242424242422,3.1653,3.3425,2,"(209, 229, 240)",76,70
7671,7671,1.6060606060606064,1.3030303030303028,3.1653,3.3425,2,"(209, 229, 240)",76,71
7672,7672,1.6060606060606064,1.363636363636363,3.1653,3.3425,2,"(209, 229, 240)",76,72
7673,7673,1.6060606060606064,1.4242424242424248,3.1653,3.3425,2,"(209, 229, 240)",76,73
7674,7674,1.6060606060606064,1.4848484848484853,3.1653,3.3425,2,"(209, 229, 240)",76,74
7675,7675,1.6060606060606064,1.545454545454546,3.1653,3.3425,2,"(209, 229, 240)",76,75
7676,7676,1.6060606060606064,1.6060606060606064,3.1653,3.3425,2,"(209, 229, 240)",76,76
7677,7677,1.6060606060606064,1.666666666666667,3.1653,3.3425,2,"(209, 229, 240)",76,77
7678,7678,1.6060606060606064,1.7272727272727275,3.1653,3.3425,2,"(209, 229, 240)",76,78
7679,7679,1.6060606060606064,1.787878787878788,3.1653,3.3425,2,"(209, 229, 240)",76,79
7680,7680,1.6060606060606064,1.8484848484848488,3.1653,3.3425,2,"(209, 229, 240)",76,80
7681,7681,1.6060606060606064,1.9090909090909087,3.1653,3.3425,2,"(209, 229, 240)",76,81
7682,7682,1.6060606060606064,1.9696969696969695,3.1653,3.3425,2,"(209, 229, 240)",76,82
7683,7683,1.6060606060606064,2.0303030303030303,3.1653,3.3425,2,"(209, 229, 240)",76,83
7684,7684,1.6060606060606064,2.090909090909091,3.1653,3.3425,2,"(209, 229, 240)",76,84
7685,7685,1.6060606060606064,2.1515151515151514,3.1653,3.3425,2,"(209, 229, 240)",76,85
7686,7686,1.6060606060606064,2.212121212121212,3.1653,3.3425,2,"(209, 229, 240)",76,86
7687,7687,1.6060606060606064,2.2727272727272725,3.1653,3.3425,2,"(209, 229, 240)",76,87
7688,7688,1.6060606060606064,2.333333333333334,3.1653,3.3425,2,"(209, 229, 240)",76,88
7689,7689,1.6060606060606064,2.3939393939393945,3.1653,3.3425,2,"(209, 229, 240)",76,89
7690,7690,1.6060606060606064,2.454545454545455,3.1653,3.3425,2,"(209, 229, 240)",76,90
7691,7691,1.6060606060606064,2.515151515151516,3.1653,3.3425,2,"(209, 229, 240)",76,91
7692,7692,1.6060606060606064,2.575757575757576,3.1653,3.3425,2,"(209, 229, 240)",76,92
7693,7693,1.6060606060606064,2.6363636363636367,3.1653,3.3425,2,"(209, 229, 240)",76,93
7694,7694,1.6060606060606064,2.696969696969697,3.1653,3.3425,2,"(209, 229, 240)",76,94
7695,7695,1.6060606060606064,2.757575757575758,3.1653,3.3425,2,"(209, 229, 240)",76,95
7696,7696,1.6060606060606064,2.8181818181818183,3.1653,3.3425,2,"(209, 229, 240)",76,96
7697,7697,1.6060606060606064,2.878787878787879,3.1653,3.3425,2,"(209, 229, 240)",76,97
7698,7698,1.6060606060606064,2.9393939393939394,3.1653,3.3425,2,"(209, 229, 240)",76,98
7699,7699,1.6060606060606064,3.0,3.1653,3.3425,2,"(209, 229, 240)",76,99
7700,7700,1.666666666666667,-3.0,3.1653,-3.3425,0,"(214, 96, 77)",77,0
7701,7701,1.666666666666667,-2.9393939393939394,3.1653,-3.3425,0,"(214, 96, 77)",77,1
7702,7702,1.666666666666667,-2.878787878787879,3.1653,-3.3425,0,"(214, 96, 77)",77,2
7703,7703,1.666666666666667,-2.8181818181818183,3.1653,-3.3425,0,"(214, 96, 77)",77,3
7704,7704,1.666666666666667,-2.757575757575758,3.1653,-3.3425,0,"(214, 96, 77)",77,4
7705,7705,1.666666666666667,-2.696969696969697,3.1653,-3.3425,0,"(214, 96, 77)",77,5
7706,7706,1.666666666666667,-2.636363636363636,3.1653,-3.3425,0,"(214, 96, 77)",77,6
7707,7707,1.666666666666667,-2.575757575757576,3.1653,-3.3425,0,"(214, 96, 77)",77,7
7708,7708,1.666666666666667,-2.515151515151515,3.1653,-3.3425,0,"(214, 96, 77)",77,8
7709,7709,1.666666666666667,-2.4545454545454546,3.1653,-3.3425,0,"(214, 96, 77)",77,9
7710,7710,1.666666666666667,-2.393939393939394,3.1653,-3.3425,0,"(214, 96, 77)",77,10
7711,7711,1.666666666666667,-2.333333333333333,3.1653,-3.3425,0,"(214, 96, 77)",77,11
7712,7712,1.666666666666667,-2.2727272727272725,3.1653,-3.3425,0,"(214, 96, 77)",77,12
7713,7713,1.666666666666667,-2.212121212121212,3.1653,-3.3425,0,"(214, 96, 77)",77,13
7714,7714,1.666666666666667,-2.1515151515151514,3.1653,-3.3425,0,"(214, 96, 77)",77,14
7715,7715,1.666666666666667,-2.090909090909091,3.1653,-3.3425,0,"(214, 96, 77)",77,15
7716,7716,1.666666666666667,-2.0303030303030303,3.1653,-3.3425,0,"(214, 96, 77)",77,16
7717,7717,1.666666666666667,-1.9696969696969695,3.1653,-3.3425,0,"(214, 96, 77)",77,17
7718,7718,1.666666666666667,-1.9090909090909087,3.1653,-3.3425,0,"(214, 96, 77)",77,18
7719,7719,1.666666666666667,-1.8484848484848484,3.1653,-3.3425,0,"(214, 96, 77)",77,19
7720,7720,1.666666666666667,-1.7878787878787878,3.1653,-3.3425,0,"(214, 96, 77)",77,20
7721,7721,1.666666666666667,-1.7272727272727273,3.1653,-3.3425,0,"(214, 96, 77)",77,21
7722,7722,1.666666666666667,-1.6666666666666663,3.1653,-3.3425,0,"(214, 96, 77)",77,22
7723,7723,1.666666666666667,-1.606060606060606,3.1653,-3.3425,0,"(214, 96, 77)",77,23
7724,7724,1.666666666666667,-1.5454545454545454,3.1653,-3.3425,0,"(214, 96, 77)",77,24
7725,7725,1.666666666666667,-1.4848484848484849,3.1653,-3.3425,0,"(214, 96, 77)",77,25
7726,7726,1.666666666666667,-1.4242424242424243,3.1653,-3.3425,0,"(214, 96, 77)",77,26
7727,7727,1.666666666666667,-1.3636363636363635,3.1653,-3.3425,0,"(214, 96, 77)",77,27
7728,7728,1.666666666666667,-1.303030303030303,3.1653,-3.3425,0,"(214, 96, 77)",77,28
7729,7729,1.666666666666667,-1.2424242424242424,3.1653,-3.3425,0,"(214, 96, 77)",77,29
7730,7730,1.666666666666667,-1.1818181818181817,3.1653,-3.3425,0,"(214, 96, 77)",77,30
7731,7731,1.666666666666667,-1.121212121212121,-3.2367,3.3422,1,"(253, 219, 199)",77,31
7732,7732,1.666666666666667,-1.0606060606060606,3.1653,3.3425,2,"(209, 229, 240)",77,32
7733,7733,1.666666666666667,-1.0,3.1653,-3.3425,0,"(214, 96, 77)",77,33
7734,7734,1.666666666666667,-0.9393939393939394,-3.2367,-3.3422,3,"(67, 147, 195)",77,34
7735,7735,1.666666666666667,-0.8787878787878789,-3.2367,-3.3422,3,"(67, 147, 195)",77,35
7736,7736,1.666666666666667,-0.8181818181818183,-3.2367,-3.3422,3,"(67, 147, 195)",77,36
7737,7737,1.666666666666667,-0.7575757575757573,-3.2367,-3.3422,3,"(67, 147, 195)",77,37
7738,7738,1.666666666666667,-0.6969696969696968,-3.2367,-3.3422,3,"(67, 147, 195)",77,38
7739,7739,1.666666666666667,-0.6363636363636362,-3.2367,-3.3422,3,"(67, 147, 195)",77,39
7740,7740,1.666666666666667,-0.5757575757575757,-3.2367,-3.3422,3,"(67, 147, 195)",77,40
7741,7741,1.666666666666667,-0.5151515151515151,-3.2367,-3.3422,3,"(67, 147, 195)",77,41
7742,7742,1.666666666666667,-0.4545454545454546,-3.2367,-3.3422,3,"(67, 147, 195)",77,42
7743,7743,1.666666666666667,-0.393939393939394,-3.2367,-3.3422,3,"(67, 147, 195)",77,43
7744,7744,1.666666666666667,-0.333333333333333,-3.2367,-3.3422,3,"(67, 147, 195)",77,44
7745,7745,1.666666666666667,-0.2727272727272725,-3.2367,-3.3422,3,"(67, 147, 195)",77,45
7746,7746,1.666666666666667,-0.2121212121212119,-3.2367,-3.3422,3,"(67, 147, 195)",77,46
7747,7747,1.666666666666667,-0.1515151515151513,-3.2367,-3.3422,3,"(67, 147, 195)",77,47
7748,7748,1.666666666666667,-0.0909090909090908,-3.2367,-3.3422,3,"(67, 147, 195)",77,48
7749,7749,1.666666666666667,-0.0303030303030302,3.1653,-3.3425,0,"(214, 96, 77)",77,49
7750,7750,1.666666666666667,0.0303030303030302,3.1653,3.3425,2,"(209, 229, 240)",77,50
7751,7751,1.666666666666667,0.0909090909090908,-3.2367,3.3422,1,"(253, 219, 199)",77,51
7752,7752,1.666666666666667,0.1515151515151513,-3.2367,3.3422,1,"(253, 219, 199)",77,52
7753,7753,1.666666666666667,0.2121212121212123,-3.2367,3.3422,1,"(253, 219, 199)",77,53
7754,7754,1.666666666666667,0.2727272727272729,-3.2367,3.3422,1,"(253, 219, 199)",77,54
7755,7755,1.666666666666667,0.3333333333333335,-3.2367,3.3422,1,"(253, 219, 199)",77,55
7756,7756,1.666666666666667,0.393939393939394,-3.2367,3.3422,1,"(253, 219, 199)",77,56
7757,7757,1.666666666666667,0.4545454545454546,-3.2367,3.3422,1,"(253, 219, 199)",77,57
7758,7758,1.666666666666667,0.5151515151515151,-3.2367,3.3422,1,"(253, 219, 199)",77,58
7759,7759,1.666666666666667,0.5757575757575757,-3.2367,3.3422,1,"(253, 219, 199)",77,59
7760,7760,1.666666666666667,0.6363636363636367,-3.2367,3.3422,1,"(253, 219, 199)",77,60
7761,7761,1.666666666666667,0.6969696969696972,-3.2367,3.3422,1,"(253, 219, 199)",77,61
7762,7762,1.666666666666667,0.7575757575757578,-3.2367,3.3422,1,"(253, 219, 199)",77,62
7763,7763,1.666666666666667,0.8181818181818183,-3.2367,3.3422,1,"(253, 219, 199)",77,63
7764,7764,1.666666666666667,0.8787878787878789,-3.2367,3.3422,1,"(253, 219, 199)",77,64
7765,7765,1.666666666666667,0.9393939393939394,-3.2367,3.3422,1,"(253, 219, 199)",77,65
7766,7766,1.666666666666667,1.0,3.1653,3.3425,2,"(209, 229, 240)",77,66
7767,7767,1.666666666666667,1.0606060606060606,3.1653,-3.3425,0,"(214, 96, 77)",77,67
7768,7768,1.666666666666667,1.121212121212121,-3.2367,-3.3422,3,"(67, 147, 195)",77,68
7769,7769,1.666666666666667,1.1818181818181817,3.1653,3.3425,2,"(209, 229, 240)",77,69
7770,7770,1.666666666666667,1.2424242424242422,3.1653,3.3425,2,"(209, 229, 240)",77,70
7771,7771,1.666666666666667,1.3030303030303028,3.1653,3.3425,2,"(209, 229, 240)",77,71
7772,7772,1.666666666666667,1.363636363636363,3.1653,3.3425,2,"(209, 229, 240)",77,72
7773,7773,1.666666666666667,1.4242424242424248,3.1653,3.3425,2,"(209, 229, 240)",77,73
7774,7774,1.666666666666667,1.4848484848484853,3.1653,3.3425,2,"(209, 229, 240)",77,74
7775,7775,1.666666666666667,1.545454545454546,3.1653,3.3425,2,"(209, 229, 240)",77,75
7776,7776,1.666666666666667,1.6060606060606064,3.1653,3.3425,2,"(209, 229, 240)",77,76
7777,7777,1.666666666666667,1.666666666666667,3.1653,3.3425,2,"(209, 229, 240)",77,77
7778,7778,1.666666666666667,1.7272727272727275,3.1653,3.3425,2,"(209, 229, 240)",77,78
7779,7779,1.666666666666667,1.787878787878788,3.1653,3.3425,2,"(209, 229, 240)",77,79
7780,7780,1.666666666666667,1.8484848484848488,3.1653,3.3425,2,"(209, 229, 240)",77,80
7781,7781,1.666666666666667,1.9090909090909087,3.1653,3.3425,2,"(209, 229, 240)",77,81
7782,7782,1.666666666666667,1.9696969696969695,3.1653,3.3425,2,"(209, 229, 240)",77,82
7783,7783,1.666666666666667,2.0303030303030303,3.1653,3.3425,2,"(209, 229, 240)",77,83
7784,7784,1.666666666666667,2.090909090909091,3.1653,3.3425,2,"(209, 229, 240)",77,84
7785,7785,1.666666666666667,2.1515151515151514,3.1653,3.3425,2,"(209, 229, 240)",77,85
7786,7786,1.666666666666667,2.212121212121212,3.1653,3.3425,2,"(209, 229, 240)",77,86
7787,7787,1.666666666666667,2.2727272727272725,3.1653,3.3425,2,"(209, 229, 240)",77,87
7788,7788,1.666666666666667,2.333333333333334,3.1653,3.3425,2,"(209, 229, 240)",77,88
7789,7789,1.666666666666667,2.3939393939393945,3.1653,3.3425,2,"(209, 229, 240)",77,89
7790,7790,1.666666666666667,2.454545454545455,3.1653,3.3425,2,"(209, 229, 240)",77,90
7791,7791,1.666666666666667,2.515151515151516,3.1653,3.3425,2,"(209, 229, 240)",77,91
7792,7792,1.666666666666667,2.575757575757576,3.1653,3.3425,2,"(209, 229, 240)",77,92
7793,7793,1.666666666666667,2.6363636363636367,3.1653,3.3425,2,"(209, 229, 240)",77,93
7794,7794,1.666666666666667,2.696969696969697,3.1653,3.3425,2,"(209, 229, 240)",77,94
7795,7795,1.666666666666667,2.757575757575758,3.1653,3.3425,2,"(209, 229, 240)",77,95
7796,7796,1.666666666666667,2.8181818181818183,3.1653,3.3425,2,"(209, 229, 240)",77,96
7797,7797,1.666666666666667,2.878787878787879,3.1653,3.3425,2,"(209, 229, 240)",77,97
7798,7798,1.666666666666667,2.9393939393939394,3.1653,3.3425,2,"(209, 229, 240)",77,98
7799,7799,1.666666666666667,3.0,3.1653,3.3425,2,"(209, 229, 240)",77,99
7800,7800,1.7272727272727275,-3.0,3.1653,-3.3425,0,"(214, 96, 77)",78,0
7801,7801,1.7272727272727275,-2.9393939393939394,3.1653,-3.3425,0,"(214, 96, 77)",78,1
7802,7802,1.7272727272727275,-2.878787878787879,3.1653,-3.3425,0,"(214, 96, 77)",78,2
7803,7803,1.7272727272727275,-2.8181818181818183,3.1653,-3.3425,0,"(214, 96, 77)",78,3
7804,7804,1.7272727272727275,-2.757575757575758,3.1653,-3.3425,0,"(214, 96, 77)",78,4
7805,7805,1.7272727272727275,-2.696969696969697,3.1653,-3.3425,0,"(214, 96, 77)",78,5
7806,7806,1.7272727272727275,-2.636363636363636,3.1653,-3.3425,0,"(214, 96, 77)",78,6
7807,7807,1.7272727272727275,-2.575757575757576,3.1653,-3.3425,0,"(214, 96, 77)",78,7
7808,7808,1.7272727272727275,-2.515151515151515,3.1653,-3.3425,0,"(214, 96, 77)",78,8
7809,7809,1.7272727272727275,-2.4545454545454546,3.1653,-3.3425,0,"(214, 96, 77)",78,9
7810,7810,1.7272727272727275,-2.393939393939394,3.1653,-3.3425,0,"(214, 96, 77)",78,10
7811,7811,1.7272727272727275,-2.333333333333333,3.1653,-3.3425,0,"(214, 96, 77)",78,11
7812,7812,1.7272727272727275,-2.2727272727272725,3.1653,-3.3425,0,"(214, 96, 77)",78,12
7813,7813,1.7272727272727275,-2.212121212121212,3.1653,-3.3425,0,"(214, 96, 77)",78,13
7814,7814,1.7272727272727275,-2.1515151515151514,3.1653,-3.3425,0,"(214, 96, 77)",78,14
7815,7815,1.7272727272727275,-2.090909090909091,3.1653,-3.3425,0,"(214, 96, 77)",78,15
7816,7816,1.7272727272727275,-2.0303030303030303,3.1653,-3.3425,0,"(214, 96, 77)",78,16
7817,7817,1.7272727272727275,-1.9696969696969695,3.1653,-3.3425,0,"(214, 96, 77)",78,17
7818,7818,1.7272727272727275,-1.9090909090909087,3.1653,-3.3425,0,"(214, 96, 77)",78,18
7819,7819,1.7272727272727275,-1.8484848484848484,3.1653,-3.3425,0,"(214, 96, 77)",78,19
7820,7820,1.7272727272727275,-1.7878787878787878,3.1653,-3.3425,0,"(214, 96, 77)",78,20
7821,7821,1.7272727272727275,-1.7272727272727273,3.1653,-3.3425,0,"(214, 96, 77)",78,21
7822,7822,1.7272727272727275,-1.6666666666666663,3.1653,-3.3425,0,"(214, 96, 77)",78,22
7823,7823,1.7272727272727275,-1.606060606060606,3.1653,-3.3425,0,"(214, 96, 77)",78,23
7824,7824,1.7272727272727275,-1.5454545454545454,3.1653,-3.3425,0,"(214, 96, 77)",78,24
7825,7825,1.7272727272727275,-1.4848484848484849,3.1653,-3.3425,0,"(214, 96, 77)",78,25
7826,7826,1.7272727272727275,-1.4242424242424243,3.1653,-3.3425,0,"(214, 96, 77)",78,26
7827,7827,1.7272727272727275,-1.3636363636363635,3.1653,-3.3425,0,"(214, 96, 77)",78,27
7828,7828,1.7272727272727275,-1.303030303030303,3.1653,-3.3425,0,"(214, 96, 77)",78,28
7829,7829,1.7272727272727275,-1.2424242424242424,3.1653,-3.3425,0,"(214, 96, 77)",78,29
7830,7830,1.7272727272727275,-1.1818181818181817,3.1653,-3.3425,0,"(214, 96, 77)",78,30
7831,7831,1.7272727272727275,-1.121212121212121,3.1653,3.3425,2,"(209, 229, 240)",78,31
7832,7832,1.7272727272727275,-1.0606060606060606,-3.2367,3.3422,1,"(253, 219, 199)",78,32
7833,7833,1.7272727272727275,-1.0,-3.2367,3.3422,1,"(253, 219, 199)",78,33
7834,7834,1.7272727272727275,-0.9393939393939394,-3.2367,-3.3422,3,"(67, 147, 195)",78,34
7835,7835,1.7272727272727275,-0.8787878787878789,-3.2367,-3.3422,3,"(67, 147, 195)",78,35
7836,7836,1.7272727272727275,-0.8181818181818183,-3.2367,-3.3422,3,"(67, 147, 195)",78,36
7837,7837,1.7272727272727275,-0.7575757575757573,-3.2367,-3.3422,3,"(67, 147, 195)",78,37
7838,7838,1.7272727272727275,-0.6969696969696968,-3.2367,-3.3422,3,"(67, 147, 195)",78,38
7839,7839,1.7272727272727275,-0.6363636363636362,-3.2367,-3.3422,3,"(67, 147, 195)",78,39
7840,7840,1.7272727272727275,-0.5757575757575757,-3.2367,-3.3422,3,"(67, 147, 195)",78,40
7841,7841,1.7272727272727275,-0.5151515151515151,-3.2367,-3.3422,3,"(67, 147, 195)",78,41
7842,7842,1.7272727272727275,-0.4545454545454546,-3.2367,-3.3422,3,"(67, 147, 195)",78,42
7843,7843,1.7272727272727275,-0.393939393939394,-3.2367,-3.3422,3,"(67, 147, 195)",78,43
7844,7844,1.7272727272727275,-0.333333333333333,-3.2367,-3.3422,3,"(67, 147, 195)",78,44
7845,7845,1.7272727272727275,-0.2727272727272725,-3.2367,-3.3422,3,"(67, 147, 195)",78,45
7846,7846,1.7272727272727275,-0.2121212121212119,-3.2367,-3.3422,3,"(67, 147, 195)",78,46
7847,7847,1.7272727272727275,-0.1515151515151513,-3.2367,-3.3422,3,"(67, 147, 195)",78,47
7848,7848,1.7272727272727275,-0.0909090909090908,-3.2367,-3.3422,3,"(67, 147, 195)",78,48
7849,7849,1.7272727272727275,-0.0303030303030302,3.1653,-3.3425,0,"(214, 96, 77)",78,49
7850,7850,1.7272727272727275,0.0303030303030302,3.1653,3.3425,2,"(209, 229, 240)",78,50
7851,7851,1.7272727272727275,0.0909090909090908,-3.2367,3.3422,1,"(253, 219, 199)",78,51
7852,7852,1.7272727272727275,0.1515151515151513,-3.2367,3.3422,1,"(253, 219, 199)",78,52
7853,7853,1.7272727272727275,0.2121212121212123,-3.2367,3.3422,1,"(253, 219, 199)",78,53
7854,7854,1.7272727272727275,0.2727272727272729,-3.2367,3.3422,1,"(253, 219, 199)",78,54
7855,7855,1.7272727272727275,0.3333333333333335,-3.2367,3.3422,1,"(253, 219, 199)",78,55
7856,7856,1.7272727272727275,0.393939393939394,-3.2367,3.3422,1,"(253, 219, 199)",78,56
7857,7857,1.7272727272727275,0.4545454545454546,-3.2367,3.3422,1,"(253, 219, 199)",78,57
7858,7858,1.7272727272727275,0.5151515151515151,-3.2367,3.3422,1,"(253, 219, 199)",78,58
7859,7859,1.7272727272727275,0.5757575757575757,-3.2367,3.3422,1,"(253, 219, 199)",78,59
7860,7860,1.7272727272727275,0.6363636363636367,-3.2367,3.3422,1,"(253, 219, 199)",78,60
7861,7861,1.7272727272727275,0.6969696969696972,-3.2367,3.3422,1,"(253, 219, 199)",78,61
7862,7862,1.7272727272727275,0.7575757575757578,-3.2367,3.3422,1,"(253, 219, 199)",78,62
7863,7863,1.7272727272727275,0.8181818181818183,-3.2367,3.3422,1,"(253, 219, 199)",78,63
7864,7864,1.7272727272727275,0.8787878787878789,-3.2367,3.3422,1,"(253, 219, 199)",78,64
7865,7865,1.7272727272727275,0.9393939393939394,-3.2367,3.3422,1,"(253, 219, 199)",78,65
7866,7866,1.7272727272727275,1.0,-3.2367,-3.3422,3,"(67, 147, 195)",78,66
7867,7867,1.7272727272727275,1.0606060606060606,-3.2367,-3.3422,3,"(67, 147, 195)",78,67
7868,7868,1.7272727272727275,1.121212121212121,3.1653,-3.3425,0,"(214, 96, 77)",78,68
7869,7869,1.7272727272727275,1.1818181818181817,3.1653,3.3425,2,"(209, 229, 240)",78,69
7870,7870,1.7272727272727275,1.2424242424242422,3.1653,3.3425,2,"(209, 229, 240)",78,70
7871,7871,1.7272727272727275,1.3030303030303028,3.1653,3.3425,2,"(209, 229, 240)",78,71
7872,7872,1.7272727272727275,1.363636363636363,3.1653,3.3425,2,"(209, 229, 240)",78,72
7873,7873,1.7272727272727275,1.4242424242424248,3.1653,3.3425,2,"(209, 229, 240)",78,73
7874,7874,1.7272727272727275,1.4848484848484853,3.1653,3.3425,2,"(209, 229, 240)",78,74
7875,7875,1.7272727272727275,1.545454545454546,3.1653,3.3425,2,"(209, 229, 240)",78,75
7876,7876,1.7272727272727275,1.6060606060606064,3.1653,3.3425,2,"(209, 229, 240)",78,76
7877,7877,1.7272727272727275,1.666666666666667,3.1653,3.3425,2,"(209, 229, 240)",78,77
7878,7878,1.7272727272727275,1.7272727272727275,3.1653,3.3425,2,"(209, 229, 240)",78,78
7879,7879,1.7272727272727275,1.787878787878788,3.1653,3.3425,2,"(209, 229, 240)",78,79
7880,7880,1.7272727272727275,1.8484848484848488,3.1653,3.3425,2,"(209, 229, 240)",78,80
7881,7881,1.7272727272727275,1.9090909090909087,3.1653,3.3425,2,"(209, 229, 240)",78,81
7882,7882,1.7272727272727275,1.9696969696969695,3.1653,3.3425,2,"(209, 229, 240)",78,82
7883,7883,1.7272727272727275,2.0303030303030303,3.1653,3.3425,2,"(209, 229, 240)",78,83
7884,7884,1.7272727272727275,2.090909090909091,3.1653,3.3425,2,"(209, 229, 240)",78,84
7885,7885,1.7272727272727275,2.1515151515151514,3.1653,3.3425,2,"(209, 229, 240)",78,85
7886,7886,1.7272727272727275,2.212121212121212,3.1653,3.3425,2,"(209, 229, 240)",78,86
7887,7887,1.7272727272727275,2.2727272727272725,3.1653,3.3425,2,"(209, 229, 240)",78,87
7888,7888,1.7272727272727275,2.333333333333334,3.1653,3.3425,2,"(209, 229, 240)",78,88
7889,7889,1.7272727272727275,2.3939393939393945,3.1653,3.3425,2,"(209, 229, 240)",78,89
7890,7890,1.7272727272727275,2.454545454545455,3.1653,3.3425,2,"(209, 229, 240)",78,90
7891,7891,1.7272727272727275,2.515151515151516,3.1653,3.3425,2,"(209, 229, 240)",78,91
7892,7892,1.7272727272727275,2.575757575757576,3.1653,3.3425,2,"(209, 229, 240)",78,92
7893,7893,1.7272727272727275,2.6363636363636367,3.1653,3.3425,2,"(209, 229, 240)",78,93
7894,7894,1.7272727272727275,2.696969696969697,3.1653,3.3425,2,"(209, 229, 240)",78,94
7895,7895,1.7272727272727275,2.757575757575758,3.1653,3.3425,2,"(209, 229, 240)",78,95
7896,7896,1.7272727272727275,2.8181818181818183,3.1653,3.3425,2,"(209, 229, 240)",78,96
7897,7897,1.7272727272727275,2.878787878787879,3.1653,3.3425,2,"(209, 229, 240)",78,97
7898,7898,1.7272727272727275,2.9393939393939394,3.1653,3.3425,2,"(209, 229, 240)",78,98
7899,7899,1.7272727272727275,3.0,3.1653,3.3425,2,"(209, 229, 240)",78,99
7900,7900,1.787878787878788,-3.0,3.1653,-3.3425,0,"(214, 96, 77)",79,0
7901,7901,1.787878787878788,-2.9393939393939394,3.1653,-3.3425,0,"(214, 96, 77)",79,1
7902,7902,1.787878787878788,-2.878787878787879,3.1653,-3.3425,0,"(214, 96, 77)",79,2
7903,7903,1.787878787878788,-2.8181818181818183,3.1653,-3.3425,0,"(214, 96, 77)",79,3
7904,7904,1.787878787878788,-2.757575757575758,3.1653,-3.3425,0,"(214, 96, 77)",79,4
7905,7905,1.787878787878788,-2.696969696969697,3.1653,-3.3425,0,"(214, 96, 77)",79,5
7906,7906,1.787878787878788,-2.636363636363636,3.1653,-3.3425,0,"(214, 96, 77)",79,6
7907,7907,1.787878787878788,-2.575757575757576,3.1653,-3.3425,0,"(214, 96, 77)",79,7
7908,7908,1.787878787878788,-2.515151515151515,3.1653,-3.3425,0,"(214, 96, 77)",79,8
7909,7909,1.787878787878788,-2.4545454545454546,3.1653,-3.3425,0,"(214, 96, 77)",79,9
7910,7910,1.787878787878788,-2.393939393939394,3.1653,-3.3425,0,"(214, 96, 77)",79,10
7911,7911,1.787878787878788,-2.333333333333333,3.1653,-3.3425,0,"(214, 96, 77)",79,11
7912,7912,1.787878787878788,-2.2727272727272725,3.1653,-3.3425,0,"(214, 96, 77)",79,12
7913,7913,1.787878787878788,-2.212121212121212,3.1653,-3.3425,0,"(214, 96, 77)",79,13
7914,7914,1.787878787878788,-2.1515151515151514,3.1653,-3.3425,0,"(214, 96, 77)",79,14
7915,7915,1.787878787878788,-2.090909090909091,3.1653,-3.3425,0,"(214, 96, 77)",79,15
7916,7916,1.787878787878788,-2.0303030303030303,3.1653,-3.3425,0,"(214, 96, 77)",79,16
7917,7917,1.787878787878788,-1.9696969696969695,3.1653,-3.3425,0,"(214, 96, 77)",79,17
7918,7918,1.787878787878788,-1.9090909090909087,3.1653,-3.3425,0,"(214, 96, 77)",79,18
7919,7919,1.787878787878788,-1.8484848484848484,3.1653,-3.3425,0,"(214, 96, 77)",79,19
7920,7920,1.787878787878788,-1.7878787878787878,3.1653,-3.3425,0,"(214, 96, 77)",79,20
7921,7921,1.787878787878788,-1.7272727272727273,3.1653,-3.3425,0,"(214, 96, 77)",79,21
7922,7922,1.787878787878788,-1.6666666666666663,3.1653,-3.3425,0,"(214, 96, 77)",79,22
7923,7923,1.787878787878788,-1.606060606060606,3.1653,-3.3425,0,"(214, 96, 77)",79,23
7924,7924,1.787878787878788,-1.5454545454545454,3.1653,-3.3425,0,"(214, 96, 77)",79,24
7925,7925,1.787878787878788,-1.4848484848484849,3.1653,-3.3425,0,"(214, 96, 77)",79,25
7926,7926,1.787878787878788,-1.4242424242424243,3.1653,-3.3425,0,"(214, 96, 77)",79,26
7927,7927,1.787878787878788,-1.3636363636363635,3.1653,-3.3425,0,"(214, 96, 77)",79,27
7928,7928,1.787878787878788,-1.303030303030303,3.1653,-3.3425,0,"(214, 96, 77)",79,28
7929,7929,1.787878787878788,-1.2424242424242424,3.1653,-3.3425,0,"(214, 96, 77)",79,29
7930,7930,1.787878787878788,-1.1818181818181817,3.1653,-3.3425,0,"(214, 96, 77)",79,30
7931,7931,1.787878787878788,-1.121212121212121,3.1653,3.3425,2,"(209, 229, 240)",79,31
7932,7932,1.787878787878788,-1.0606060606060606,-3.2367,3.3422,1,"(253, 219, 199)",79,32
7933,7933,1.787878787878788,-1.0,-3.2367,-3.3422,3,"(67, 147, 195)",79,33
7934,7934,1.787878787878788,-0.9393939393939394,-3.2367,-3.3422,3,"(67, 147, 195)",79,34
7935,7935,1.787878787878788,-0.8787878787878789,-3.2367,-3.3422,3,"(67, 147, 195)",79,35
7936,7936,1.787878787878788,-0.8181818181818183,-3.2367,-3.3422,3,"(67, 147, 195)",79,36
7937,7937,1.787878787878788,-0.7575757575757573,-3.2367,-3.3422,3,"(67, 147, 195)",79,37
7938,7938,1.787878787878788,-0.6969696969696968,-3.2367,-3.3422,3,"(67, 147, 195)",79,38
7939,7939,1.787878787878788,-0.6363636363636362,-3.2367,-3.3422,3,"(67, 147, 195)",79,39
7940,7940,1.787878787878788,-0.5757575757575757,-3.2367,-3.3422,3,"(67, 147, 195)",79,40
7941,7941,1.787878787878788,-0.5151515151515151,-3.2367,-3.3422,3,"(67, 147, 195)",79,41
7942,7942,1.787878787878788,-0.4545454545454546,-3.2367,-3.3422,3,"(67, 147, 195)",79,42
7943,7943,1.787878787878788,-0.393939393939394,-3.2367,-3.3422,3,"(67, 147, 195)",79,43
7944,7944,1.787878787878788,-0.333333333333333,-3.2367,-3.3422,3,"(67, 147, 195)",79,44
7945,7945,1.787878787878788,-0.2727272727272725,-3.2367,-3.3422,3,"(67, 147, 195)",79,45
7946,7946,1.787878787878788,-0.2121212121212119,-3.2367,-3.3422,3,"(67, 147, 195)",79,46
7947,7947,1.787878787878788,-0.1515151515151513,-3.2367,-3.3422,3,"(67, 147, 195)",79,47
7948,7948,1.787878787878788,-0.0909090909090908,3.1653,3.3425,2,"(209, 229, 240)",79,48
7949,7949,1.787878787878788,-0.0303030303030302,3.1653,-3.3425,0,"(214, 96, 77)",79,49
7950,7950,1.787878787878788,0.0303030303030302,3.1653,3.3425,2,"(209, 229, 240)",79,50
7951,7951,1.787878787878788,0.0909090909090908,3.1653,-3.3425,0,"(214, 96, 77)",79,51
7952,7952,1.787878787878788,0.1515151515151513,-3.2367,3.3422,1,"(253, 219, 199)",79,52
7953,7953,1.787878787878788,0.2121212121212123,-3.2367,3.3422,1,"(253, 219, 199)",79,53
7954,7954,1.787878787878788,0.2727272727272729,-3.2367,3.3422,1,"(253, 219, 199)",79,54
7955,7955,1.787878787878788,0.3333333333333335,-3.2367,3.3422,1,"(253, 219, 199)",79,55
7956,7956,1.787878787878788,0.393939393939394,-3.2367,3.3422,1,"(253, 219, 199)",79,56
7957,7957,1.787878787878788,0.4545454545454546,-3.2367,3.3422,1,"(253, 219, 199)",79,57
7958,7958,1.787878787878788,0.5151515151515151,-3.2367,3.3422,1,"(253, 219, 199)",79,58
7959,7959,1.787878787878788,0.5757575757575757,-3.2367,3.3422,1,"(253, 219, 199)",79,59
7960,7960,1.787878787878788,0.6363636363636367,-3.2367,3.3422,1,"(253, 219, 199)",79,60
7961,7961,1.787878787878788,0.6969696969696972,-3.2367,3.3422,1,"(253, 219, 199)",79,61
7962,7962,1.787878787878788,0.7575757575757578,-3.2367,3.3422,1,"(253, 219, 199)",79,62
7963,7963,1.787878787878788,0.8181818181818183,-3.2367,3.3422,1,"(253, 219, 199)",79,63
7964,7964,1.787878787878788,0.8787878787878789,-3.2367,3.3422,1,"(253, 219, 199)",79,64
7965,7965,1.787878787878788,0.9393939393939394,-3.2367,3.3422,1,"(253, 219, 199)",79,65
7966,7966,1.787878787878788,1.0,-3.2367,3.3422,1,"(253, 219, 199)",79,66
7967,7967,1.787878787878788,1.0606060606060606,-3.2367,-3.3422,3,"(67, 147, 195)",79,67
7968,7968,1.787878787878788,1.121212121212121,3.1653,-3.3425,0,"(214, 96, 77)",79,68
7969,7969,1.787878787878788,1.1818181818181817,3.1653,3.3425,2,"(209, 229, 240)",79,69
7970,7970,1.787878787878788,1.2424242424242422,3.1653,3.3425,2,"(209, 229, 240)",79,70
7971,7971,1.787878787878788,1.3030303030303028,3.1653,3.3425,2,"(209, 229, 240)",79,71
7972,7972,1.787878787878788,1.363636363636363,3.1653,3.3425,2,"(209, 229, 240)",79,72
7973,7973,1.787878787878788,1.4242424242424248,3.1653,3.3425,2,"(209, 229, 240)",79,73
7974,7974,1.787878787878788,1.4848484848484853,3.1653,3.3425,2,"(209, 229, 240)",79,74
7975,7975,1.787878787878788,1.545454545454546,3.1653,3.3425,2,"(209, 229, 240)",79,75
7976,7976,1.787878787878788,1.6060606060606064,3.1653,3.3425,2,"(209, 229, 240)",79,76
7977,7977,1.787878787878788,1.666666666666667,3.1653,3.3425,2,"(209, 229, 240)",79,77
7978,7978,1.787878787878788,1.7272727272727275,3.1653,3.3425,2,"(209, 229, 240)",79,78
7979,7979,1.787878787878788,1.787878787878788,3.1653,3.3425,2,"(209, 229, 240)",79,79
7980,7980,1.787878787878788,1.8484848484848488,3.1653,3.3425,2,"(209, 229, 240)",79,80
7981,7981,1.787878787878788,1.9090909090909087,3.1653,3.3425,2,"(209, 229, 240)",79,81
7982,7982,1.787878787878788,1.9696969696969695,3.1653,3.3425,2,"(209, 229, 240)",79,82
7983,7983,1.787878787878788,2.0303030303030303,3.1653,3.3425,2,"(209, 229, 240)",79,83
7984,7984,1.787878787878788,2.090909090909091,3.1653,3.3425,2,"(209, 229, 240)",79,84
7985,7985,1.787878787878788,2.1515151515151514,3.1653,3.3425,2,"(209, 229, 240)",79,85
7986,7986,1.787878787878788,2.212121212121212,3.1653,3.3425,2,"(209, 229, 240)",79,86
7987,7987,1.787878787878788,2.2727272727272725,3.1653,3.3425,2,"(209, 229, 240)",79,87
7988,7988,1.787878787878788,2.333333333333334,3.1653,3.3425,2,"(209, 229, 240)",79,88
7989,7989,1.787878787878788,2.3939393939393945,3.1653,3.3425,2,"(209, 229, 240)",79,89
7990,7990,1.787878787878788,2.454545454545455,3.1653,3.3425,2,"(209, 229, 240)",79,90
7991,7991,1.787878787878788,2.515151515151516,3.1653,3.3425,2,"(209, 229, 240)",79,91
7992,7992,1.787878787878788,2.575757575757576,3.1653,3.3425,2,"(209, 229, 240)",79,92
7993,7993,1.787878787878788,2.6363636363636367,3.1653,3.3425,2,"(209, 229, 240)",79,93
7994,7994,1.787878787878788,2.696969696969697,3.1653,3.3425,2,"(209, 229, 240)",79,94
7995,7995,1.787878787878788,2.757575757575758,3.1653,3.3425,2,"(209, 229, 240)",79,95
7996,7996,1.787878787878788,2.8181818181818183,3.1653,3.3425,2,"(209, 229, 240)",79,96
7997,7997,1.787878787878788,2.878787878787879,3.1653,3.3425,2,"(209, 229, 240)",79,97
7998,7998,1.787878787878788,2.9393939393939394,3.1653,3.3425,2,"(209, 229, 240)",79,98
7999,7999,1.787878787878788,3.0,3.1653,3.3425,2,"(209, 229, 240)",79,99
8000,8000,1.8484848484848488,-3.0,3.1653,-3.3425,0,"(214, 96, 77)",80,0
8001,8001,1.8484848484848488,-2.9393939393939394,3.1653,-3.3425,0,"(214, 96, 77)",80,1
8002,8002,1.8484848484848488,-2.878787878787879,3.1653,-3.3425,0,"(214, 96, 77)",80,2
8003,8003,1.8484848484848488,-2.8181818181818183,3.1653,-3.3425,0,"(214, 96, 77)",80,3
8004,8004,1.8484848484848488,-2.757575757575758,3.1653,-3.3425,0,"(214, 96, 77)",80,4
8005,8005,1.8484848484848488,-2.696969696969697,3.1653,-3.3425,0,"(214, 96, 77)",80,5
8006,8006,1.8484848484848488,-2.636363636363636,3.1653,-3.3425,0,"(214, 96, 77)",80,6
8007,8007,1.8484848484848488,-2.575757575757576,3.1653,-3.3425,0,"(214, 96, 77)",80,7
8008,8008,1.8484848484848488,-2.515151515151515,3.1653,-3.3425,0,"(214, 96, 77)",80,8
8009,8009,1.8484848484848488,-2.4545454545454546,3.1653,-3.3425,0,"(214, 96, 77)",80,9
8010,8010,1.8484848484848488,-2.393939393939394,3.1653,-3.3425,0,"(214, 96, 77)",80,10
8011,8011,1.8484848484848488,-2.333333333333333,3.1653,-3.3425,0,"(214, 96, 77)",80,11
8012,8012,1.8484848484848488,-2.2727272727272725,3.1653,-3.3425,0,"(214, 96, 77)",80,12
8013,8013,1.8484848484848488,-2.212121212121212,3.1653,-3.3425,0,"(214, 96, 77)",80,13
8014,8014,1.8484848484848488,-2.1515151515151514,3.1653,-3.3425,0,"(214, 96, 77)",80,14
8015,8015,1.8484848484848488,-2.090909090909091,3.1653,-3.3425,0,"(214, 96, 77)",80,15
8016,8016,1.8484848484848488,-2.0303030303030303,3.1653,-3.3425,0,"(214, 96, 77)",80,16
8017,8017,1.8484848484848488,-1.9696969696969695,3.1653,-3.3425,0,"(214, 96, 77)",80,17
8018,8018,1.8484848484848488,-1.9090909090909087,3.1653,-3.3425,0,"(214, 96, 77)",80,18
8019,8019,1.8484848484848488,-1.8484848484848484,3.1653,-3.3425,0,"(214, 96, 77)",80,19
8020,8020,1.8484848484848488,-1.7878787878787878,3.1653,-3.3425,0,"(214, 96, 77)",80,20
8021,8021,1.8484848484848488,-1.7272727272727273,3.1653,-3.3425,0,"(214, 96, 77)",80,21
8022,8022,1.8484848484848488,-1.6666666666666663,3.1653,-3.3425,0,"(214, 96, 77)",80,22
8023,8023,1.8484848484848488,-1.606060606060606,3.1653,-3.3425,0,"(214, 96, 77)",80,23
8024,8024,1.8484848484848488,-1.5454545454545454,3.1653,-3.3425,0,"(214, 96, 77)",80,24
8025,8025,1.8484848484848488,-1.4848484848484849,3.1653,-3.3425,0,"(214, 96, 77)",80,25
8026,8026,1.8484848484848488,-1.4242424242424243,3.1653,-3.3425,0,"(214, 96, 77)",80,26
8027,8027,1.8484848484848488,-1.3636363636363635,3.1653,-3.3425,0,"(214, 96, 77)",80,27
8028,8028,1.8484848484848488,-1.303030303030303,3.1653,-3.3425,0,"(214, 96, 77)",80,28
8029,8029,1.8484848484848488,-1.2424242424242424,3.1653,-3.3425,0,"(214, 96, 77)",80,29
8030,8030,1.8484848484848488,-1.1818181818181817,-3.2367,-3.3422,3,"(67, 147, 195)",80,30
8031,8031,1.8484848484848488,-1.121212121212121,-3.2367,-3.3422,3,"(67, 147, 195)",80,31
8032,8032,1.8484848484848488,-1.0606060606060606,-3.2367,-3.3422,3,"(67, 147, 195)",80,32
8033,8033,1.8484848484848488,-1.0,-3.2367,-3.3422,3,"(67, 147, 195)",80,33
8034,8034,1.8484848484848488,-0.9393939393939394,-3.2367,-3.3422,3,"(67, 147, 195)",80,34
8035,8035,1.8484848484848488,-0.8787878787878789,-3.2367,-3.3422,3,"(67, 147, 195)",80,35
8036,8036,1.8484848484848488,-0.8181818181818183,-3.2367,-3.3422,3,"(67, 147, 195)",80,36
8037,8037,1.8484848484848488,-0.7575757575757573,-3.2367,-3.3422,3,"(67, 147, 195)",80,37
8038,8038,1.8484848484848488,-0.6969696969696968,-3.2367,-3.3422,3,"(67, 147, 195)",80,38
8039,8039,1.8484848484848488,-0.6363636363636362,-3.2367,-3.3422,3,"(67, 147, 195)",80,39
8040,8040,1.8484848484848488,-0.5757575757575757,-3.2367,-3.3422,3,"(67, 147, 195)",80,40
8041,8041,1.8484848484848488,-0.5151515151515151,-3.2367,-3.3422,3,"(67, 147, 195)",80,41
8042,8042,1.8484848484848488,-0.4545454545454546,-3.2367,-3.3422,3,"(67, 147, 195)",80,42
8043,8043,1.8484848484848488,-0.393939393939394,-3.2367,-3.3422,3,"(67, 147, 195)",80,43
8044,8044,1.8484848484848488,-0.333333333333333,-3.2367,-3.3422,3,"(67, 147, 195)",80,44
8045,8045,1.8484848484848488,-0.2727272727272725,-3.2367,-3.3422,3,"(67, 147, 195)",80,45
8046,8046,1.8484848484848488,-0.2121212121212119,-3.2367,-3.3422,3,"(67, 147, 195)",80,46
8047,8047,1.8484848484848488,-0.1515151515151513,-3.2367,-3.3422,3,"(67, 147, 195)",80,47
8048,8048,1.8484848484848488,-0.0909090909090908,-3.2367,-3.3422,3,"(67, 147, 195)",80,48
8049,8049,1.8484848484848488,-0.0303030303030302,3.1653,-3.3425,0,"(214, 96, 77)",80,49
8050,8050,1.8484848484848488,0.0303030303030302,3.1653,3.3425,2,"(209, 229, 240)",80,50
8051,8051,1.8484848484848488,0.0909090909090908,-3.2367,3.3422,1,"(253, 219, 199)",80,51
8052,8052,1.8484848484848488,0.1515151515151513,-3.2367,3.3422,1,"(253, 219, 199)",80,52
8053,8053,1.8484848484848488,0.2121212121212123,-3.2367,3.3422,1,"(253, 219, 199)",80,53
8054,8054,1.8484848484848488,0.2727272727272729,-3.2367,3.3422,1,"(253, 219, 199)",80,54
8055,8055,1.8484848484848488,0.3333333333333335,-3.2367,3.3422,1,"(253, 219, 199)",80,55
8056,8056,1.8484848484848488,0.393939393939394,-3.2367,3.3422,1,"(253, 219, 199)",80,56
8057,8057,1.8484848484848488,0.4545454545454546,-3.2367,3.3422,1,"(253, 219, 199)",80,57
8058,8058,1.8484848484848488,0.5151515151515151,-3.2367,3.3422,1,"(253, 219, 199)",80,58
8059,8059,1.8484848484848488,0.5757575757575757,-3.2367,3.3422,1,"(253, 219, 199)",80,59
8060,8060,1.8484848484848488,0.6363636363636367,-3.2367,3.3422,1,"(253, 219, 199)",80,60
8061,8061,1.8484848484848488,0.6969696969696972,-3.2367,3.3422,1,"(253, 219, 199)",80,61
8062,8062,1.8484848484848488,0.7575757575757578,-3.2367,3.3422,1,"(253, 219, 199)",80,62
8063,8063,1.8484848484848488,0.8181818181818183,-3.2367,3.3422,1,"(253, 219, 199)",80,63
8064,8064,1.8484848484848488,0.8787878787878789,-3.2367,3.3422,1,"(253, 219, 199)",80,64
8065,8065,1.8484848484848488,0.9393939393939394,-3.2367,3.3422,1,"(253, 219, 199)",80,65
8066,8066,1.8484848484848488,1.0,-3.2367,3.3422,1,"(253, 219, 199)",80,66
8067,8067,1.8484848484848488,1.0606060606060606,-3.2367,3.3422,1,"(253, 219, 199)",80,67
8068,8068,1.8484848484848488,1.121212121212121,-3.2367,3.3422,1,"(253, 219, 199)",80,68
8069,8069,1.8484848484848488,1.1818181818181817,-3.2367,3.3422,1,"(253, 219, 199)",80,69
8070,8070,1.8484848484848488,1.2424242424242422,3.1653,3.3425,2,"(209, 229, 240)",80,70
8071,8071,1.8484848484848488,1.3030303030303028,3.1653,3.3425,2,"(209, 229, 240)",80,71
8072,8072,1.8484848484848488,1.363636363636363,3.1653,3.3425,2,"(209, 229, 240)",80,72
8073,8073,1.8484848484848488,1.4242424242424248,3.1653,3.3425,2,"(209, 229, 240)",80,73
8074,8074,1.8484848484848488,1.4848484848484853,3.1653,3.3425,2,"(209, 229, 240)",80,74
8075,8075,1.8484848484848488,1.545454545454546,3.1653,3.3425,2,"(209, 229, 240)",80,75
8076,8076,1.8484848484848488,1.6060606060606064,3.1653,3.3425,2,"(209, 229, 240)",80,76
8077,8077,1.8484848484848488,1.666666666666667,3.1653,3.3425,2,"(209, 229, 240)",80,77
8078,8078,1.8484848484848488,1.7272727272727275,3.1653,3.3425,2,"(209, 229, 240)",80,78
8079,8079,1.8484848484848488,1.787878787878788,3.1653,3.3425,2,"(209, 229, 240)",80,79
8080,8080,1.8484848484848488,1.8484848484848488,3.1653,3.3425,2,"(209, 229, 240)",80,80
8081,8081,1.8484848484848488,1.9090909090909087,3.1653,3.3425,2,"(209, 229, 240)",80,81
8082,8082,1.8484848484848488,1.9696969696969695,3.1653,3.3425,2,"(209, 229, 240)",80,82
8083,8083,1.8484848484848488,2.0303030303030303,3.1653,3.3425,2,"(209, 229, 240)",80,83
8084,8084,1.8484848484848488,2.090909090909091,3.1653,3.3425,2,"(209, 229, 240)",80,84
8085,8085,1.8484848484848488,2.1515151515151514,3.1653,3.3425,2,"(209, 229, 240)",80,85
8086,8086,1.8484848484848488,2.212121212121212,3.1653,3.3425,2,"(209, 229, 240)",80,86
8087,8087,1.8484848484848488,2.2727272727272725,3.1653,3.3425,2,"(209, 229, 240)",80,87
8088,8088,1.8484848484848488,2.333333333333334,3.1653,3.3425,2,"(209, 229, 240)",80,88
8089,8089,1.8484848484848488,2.3939393939393945,3.1653,3.3425,2,"(209, 229, 240)",80,89
8090,8090,1.8484848484848488,2.454545454545455,3.1653,3.3425,2,"(209, 229, 240)",80,90
8091,8091,1.8484848484848488,2.515151515151516,3.1653,3.3425,2,"(209, 229, 240)",80,91
8092,8092,1.8484848484848488,2.575757575757576,3.1653,3.3425,2,"(209, 229, 240)",80,92
8093,8093,1.8484848484848488,2.6363636363636367,3.1653,3.3425,2,"(209, 229, 240)",80,93
8094,8094,1.8484848484848488,2.696969696969697,3.1653,3.3425,2,"(209, 229, 240)",80,94
8095,8095,1.8484848484848488,2.757575757575758,3.1653,3.3425,2,"(209, 229, 240)",80,95
8096,8096,1.8484848484848488,2.8181818181818183,3.1653,3.3425,2,"(209, 229, 240)",80,96
8097,8097,1.8484848484848488,2.878787878787879,3.1653,3.3425,2,"(209, 229, 240)",80,97
8098,8098,1.8484848484848488,2.9393939393939394,3.1653,3.3425,2,"(209, 229, 240)",80,98
8099,8099,1.8484848484848488,3.0,3.1653,3.3425,2,"(209, 229, 240)",80,99
8100,8100,1.9090909090909087,-3.0,3.1653,-3.3425,0,"(214, 96, 77)",81,0
8101,8101,1.9090909090909087,-2.9393939393939394,3.1653,-3.3425,0,"(214, 96, 77)",81,1
8102,8102,1.9090909090909087,-2.878787878787879,3.1653,-3.3425,0,"(214, 96, 77)",81,2
8103,8103,1.9090909090909087,-2.8181818181818183,3.1653,-3.3425,0,"(214, 96, 77)",81,3
8104,8104,1.9090909090909087,-2.757575757575758,3.1653,-3.3425,0,"(214, 96, 77)",81,4
8105,8105,1.9090909090909087,-2.696969696969697,3.1653,-3.3425,0,"(214, 96, 77)",81,5
8106,8106,1.9090909090909087,-2.636363636363636,3.1653,-3.3425,0,"(214, 96, 77)",81,6
8107,8107,1.9090909090909087,-2.575757575757576,3.1653,-3.3425,0,"(214, 96, 77)",81,7
8108,8108,1.9090909090909087,-2.515151515151515,3.1653,-3.3425,0,"(214, 96, 77)",81,8
8109,8109,1.9090909090909087,-2.4545454545454546,3.1653,-3.3425,0,"(214, 96, 77)",81,9
8110,8110,1.9090909090909087,-2.393939393939394,3.1653,-3.3425,0,"(214, 96, 77)",81,10
8111,8111,1.9090909090909087,-2.333333333333333,3.1653,-3.3425,0,"(214, 96, 77)",81,11
8112,8112,1.9090909090909087,-2.2727272727272725,3.1653,-3.3425,0,"(214, 96, 77)",81,12
8113,8113,1.9090909090909087,-2.212121212121212,3.1653,-3.3425,0,"(214, 96, 77)",81,13
8114,8114,1.9090909090909087,-2.1515151515151514,3.1653,-3.3425,0,"(214, 96, 77)",81,14
8115,8115,1.9090909090909087,-2.090909090909091,3.1653,-3.3425,0,"(214, 96, 77)",81,15
8116,8116,1.9090909090909087,-2.0303030303030303,3.1653,-3.3425,0,"(214, 96, 77)",81,16
8117,8117,1.9090909090909087,-1.9696969696969695,3.1653,-3.3425,0,"(214, 96, 77)",81,17
8118,8118,1.9090909090909087,-1.9090909090909087,3.1653,-3.3425,0,"(214, 96, 77)",81,18
8119,8119,1.9090909090909087,-1.8484848484848484,3.1653,-3.3425,0,"(214, 96, 77)",81,19
8120,8120,1.9090909090909087,-1.7878787878787878,3.1653,-3.3425,0,"(214, 96, 77)",81,20
8121,8121,1.9090909090909087,-1.7272727272727273,3.1653,-3.3425,0,"(214, 96, 77)",81,21
8122,8122,1.9090909090909087,-1.6666666666666663,3.1653,-3.3425,0,"(214, 96, 77)",81,22
8123,8123,1.9090909090909087,-1.606060606060606,3.1653,-3.3425,0,"(214, 96, 77)",81,23
8124,8124,1.9090909090909087,-1.5454545454545454,3.1653,-3.3425,0,"(214, 96, 77)",81,24
8125,8125,1.9090909090909087,-1.4848484848484849,3.1653,-3.3425,0,"(214, 96, 77)",81,25
8126,8126,1.9090909090909087,-1.4242424242424243,3.1653,-3.3425,0,"(214, 96, 77)",81,26
8127,8127,1.9090909090909087,-1.3636363636363635,3.1653,-3.3425,0,"(214, 96, 77)",81,27
8128,8128,1.9090909090909087,-1.303030303030303,3.1653,-3.3425,0,"(214, 96, 77)",81,28
8129,8129,1.9090909090909087,-1.2424242424242424,3.1653,-3.3425,0,"(214, 96, 77)",81,29
8130,8130,1.9090909090909087,-1.1818181818181817,-3.2367,3.3422,1,"(253, 219, 199)",81,30
8131,8131,1.9090909090909087,-1.121212121212121,3.1653,-3.3425,0,"(214, 96, 77)",81,31
8132,8132,1.9090909090909087,-1.0606060606060606,3.1653,3.3425,2,"(209, 229, 240)",81,32
8133,8133,1.9090909090909087,-1.0,-3.2367,3.3422,1,"(253, 219, 199)",81,33
8134,8134,1.9090909090909087,-0.9393939393939394,-3.2367,-3.3422,3,"(67, 147, 195)",81,34
8135,8135,1.9090909090909087,-0.8787878787878789,-3.2367,-3.3422,3,"(67, 147, 195)",81,35
8136,8136,1.9090909090909087,-0.8181818181818183,-3.2367,-3.3422,3,"(67, 147, 195)",81,36
8137,8137,1.9090909090909087,-0.7575757575757573,-3.2367,-3.3422,3,"(67, 147, 195)",81,37
8138,8138,1.9090909090909087,-0.6969696969696968,-3.2367,-3.3422,3,"(67, 147, 195)",81,38
8139,8139,1.9090909090909087,-0.6363636363636362,-3.2367,-3.3422,3,"(67, 147, 195)",81,39
8140,8140,1.9090909090909087,-0.5757575757575757,-3.2367,-3.3422,3,"(67, 147, 195)",81,40
8141,8141,1.9090909090909087,-0.5151515151515151,-3.2367,-3.3422,3,"(67, 147, 195)",81,41
8142,8142,1.9090909090909087,-0.4545454545454546,-3.2367,-3.3422,3,"(67, 147, 195)",81,42
8143,8143,1.9090909090909087,-0.393939393939394,-3.2367,-3.3422,3,"(67, 147, 195)",81,43
8144,8144,1.9090909090909087,-0.333333333333333,-3.2367,-3.3422,3,"(67, 147, 195)",81,44
8145,8145,1.9090909090909087,-0.2727272727272725,-3.2367,-3.3422,3,"(67, 147, 195)",81,45
8146,8146,1.9090909090909087,-0.2121212121212119,-3.2367,-3.3422,3,"(67, 147, 195)",81,46
8147,8147,1.9090909090909087,-0.1515151515151513,-3.2367,-3.3422,3,"(67, 147, 195)",81,47
8148,8148,1.9090909090909087,-0.0909090909090908,-3.2367,-3.3422,3,"(67, 147, 195)",81,48
8149,8149,1.9090909090909087,-0.0303030303030302,3.1653,-3.3425,0,"(214, 96, 77)",81,49
8150,8150,1.9090909090909087,0.0303030303030302,3.1653,3.3425,2,"(209, 229, 240)",81,50
8151,8151,1.9090909090909087,0.0909090909090908,-3.2367,3.3422,1,"(253, 219, 199)",81,51
8152,8152,1.9090909090909087,0.1515151515151513,-3.2367,3.3422,1,"(253, 219, 199)",81,52
8153,8153,1.9090909090909087,0.2121212121212123,-3.2367,3.3422,1,"(253, 219, 199)",81,53
8154,8154,1.9090909090909087,0.2727272727272729,-3.2367,3.3422,1,"(253, 219, 199)",81,54
8155,8155,1.9090909090909087,0.3333333333333335,-3.2367,3.3422,1,"(253, 219, 199)",81,55
8156,8156,1.9090909090909087,0.393939393939394,-3.2367,3.3422,1,"(253, 219, 199)",81,56
8157,8157,1.9090909090909087,0.4545454545454546,-3.2367,3.3422,1,"(253, 219, 199)",81,57
8158,8158,1.9090909090909087,0.5151515151515151,-3.2367,3.3422,1,"(253, 219, 199)",81,58
8159,8159,1.9090909090909087,0.5757575757575757,-3.2367,3.3422,1,"(253, 219, 199)",81,59
8160,8160,1.9090909090909087,0.6363636363636367,-3.2367,3.3422,1,"(253, 219, 199)",81,60
8161,8161,1.9090909090909087,0.6969696969696972,-3.2367,3.3422,1,"(253, 219, 199)",81,61
8162,8162,1.9090909090909087,0.7575757575757578,-3.2367,3.3422,1,"(253, 219, 199)",81,62
8163,8163,1.9090909090909087,0.8181818181818183,-3.2367,3.3422,1,"(253, 219, 199)",81,63
8164,8164,1.9090909090909087,0.8787878787878789,-3.2367,3.3422,1,"(253, 219, 199)",81,64
8165,8165,1.9090909090909087,0.9393939393939394,-3.2367,3.3422,1,"(253, 219, 199)",81,65
8166,8166,1.9090909090909087,1.0,-3.2367,-3.3422,3,"(67, 147, 195)",81,66
8167,8167,1.9090909090909087,1.0606060606060606,3.1653,-3.3425,0,"(214, 96, 77)",81,67
8168,8168,1.9090909090909087,1.121212121212121,3.1653,3.3425,2,"(209, 229, 240)",81,68
8169,8169,1.9090909090909087,1.1818181818181817,-3.2367,-3.3422,3,"(67, 147, 195)",81,69
8170,8170,1.9090909090909087,1.2424242424242422,3.1653,3.3425,2,"(209, 229, 240)",81,70
8171,8171,1.9090909090909087,1.3030303030303028,3.1653,3.3425,2,"(209, 229, 240)",81,71
8172,8172,1.9090909090909087,1.363636363636363,3.1653,3.3425,2,"(209, 229, 240)",81,72
8173,8173,1.9090909090909087,1.4242424242424248,3.1653,3.3425,2,"(209, 229, 240)",81,73
8174,8174,1.9090909090909087,1.4848484848484853,3.1653,3.3425,2,"(209, 229, 240)",81,74
8175,8175,1.9090909090909087,1.545454545454546,3.1653,3.3425,2,"(209, 229, 240)",81,75
8176,8176,1.9090909090909087,1.6060606060606064,3.1653,3.3425,2,"(209, 229, 240)",81,76
8177,8177,1.9090909090909087,1.666666666666667,3.1653,3.3425,2,"(209, 229, 240)",81,77
8178,8178,1.9090909090909087,1.7272727272727275,3.1653,3.3425,2,"(209, 229, 240)",81,78
8179,8179,1.9090909090909087,1.787878787878788,3.1653,3.3425,2,"(209, 229, 240)",81,79
8180,8180,1.9090909090909087,1.8484848484848488,3.1653,3.3425,2,"(209, 229, 240)",81,80
8181,8181,1.9090909090909087,1.9090909090909087,3.1653,3.3425,2,"(209, 229, 240)",81,81
8182,8182,1.9090909090909087,1.9696969696969695,3.1653,3.3425,2,"(209, 229, 240)",81,82
8183,8183,1.9090909090909087,2.0303030303030303,3.1653,3.3425,2,"(209, 229, 240)",81,83
8184,8184,1.9090909090909087,2.090909090909091,3.1653,3.3425,2,"(209, 229, 240)",81,84
8185,8185,1.9090909090909087,2.1515151515151514,3.1653,3.3425,2,"(209, 229, 240)",81,85
8186,8186,1.9090909090909087,2.212121212121212,3.1653,3.3425,2,"(209, 229, 240)",81,86
8187,8187,1.9090909090909087,2.2727272727272725,3.1653,3.3425,2,"(209, 229, 240)",81,87
8188,8188,1.9090909090909087,2.333333333333334,3.1653,3.3425,2,"(209, 229, 240)",81,88
8189,8189,1.9090909090909087,2.3939393939393945,3.1653,3.3425,2,"(209, 229, 240)",81,89
8190,8190,1.9090909090909087,2.454545454545455,3.1653,3.3425,2,"(209, 229, 240)",81,90
8191,8191,1.9090909090909087,2.515151515151516,3.1653,3.3425,2,"(209, 229, 240)",81,91
8192,8192,1.9090909090909087,2.575757575757576,3.1653,3.3425,2,"(209, 229, 240)",81,92
8193,8193,1.9090909090909087,2.6363636363636367,3.1653,3.3425,2,"(209, 229, 240)",81,93
8194,8194,1.9090909090909087,2.696969696969697,3.1653,3.3425,2,"(209, 229, 240)",81,94
8195,8195,1.9090909090909087,2.757575757575758,3.1653,3.3425,2,"(209, 229, 240)",81,95
8196,8196,1.9090909090909087,2.8181818181818183,3.1653,3.3425,2,"(209, 229, 240)",81,96
8197,8197,1.9090909090909087,2.878787878787879,3.1653,3.3425,2,"(209, 229, 240)",81,97
8198,8198,1.9090909090909087,2.9393939393939394,3.1653,3.3425,2,"(209, 229, 240)",81,98
8199,8199,1.9090909090909087,3.0,3.1653,3.3425,2,"(209, 229, 240)",81,99
8200,8200,1.9696969696969695,-3.0,3.1653,-3.3425,0,"(214, 96, 77)",82,0
8201,8201,1.9696969696969695,-2.9393939393939394,3.1653,-3.3425,0,"(214, 96, 77)",82,1
8202,8202,1.9696969696969695,-2.878787878787879,3.1653,-3.3425,0,"(214, 96, 77)",82,2
8203,8203,1.9696969696969695,-2.8181818181818183,3.1653,-3.3425,0,"(214, 96, 77)",82,3
8204,8204,1.9696969696969695,-2.757575757575758,3.1653,-3.3425,0,"(214, 96, 77)",82,4
8205,8205,1.9696969696969695,-2.696969696969697,3.1653,-3.3425,0,"(214, 96, 77)",82,5
8206,8206,1.9696969696969695,-2.636363636363636,3.1653,-3.3425,0,"(214, 96, 77)",82,6
8207,8207,1.9696969696969695,-2.575757575757576,3.1653,-3.3425,0,"(214, 96, 77)",82,7
8208,8208,1.9696969696969695,-2.515151515151515,3.1653,-3.3425,0,"(214, 96, 77)",82,8
8209,8209,1.9696969696969695,-2.4545454545454546,3.1653,-3.3425,0,"(214, 96, 77)",82,9
8210,8210,1.9696969696969695,-2.393939393939394,3.1653,-3.3425,0,"(214, 96, 77)",82,10
8211,8211,1.9696969696969695,-2.333333333333333,3.1653,-3.3425,0,"(214, 96, 77)",82,11
8212,8212,1.9696969696969695,-2.2727272727272725,3.1653,-3.3425,0,"(214, 96, 77)",82,12
8213,8213,1.9696969696969695,-2.212121212121212,3.1653,-3.3425,0,"(214, 96, 77)",82,13
8214,8214,1.9696969696969695,-2.1515151515151514,3.1653,-3.3425,0,"(214, 96, 77)",82,14
8215,8215,1.9696969696969695,-2.090909090909091,3.1653,-3.3425,0,"(214, 96, 77)",82,15
8216,8216,1.9696969696969695,-2.0303030303030303,3.1653,-3.3425,0,"(214, 96, 77)",82,16
8217,8217,1.9696969696969695,-1.9696969696969695,3.1653,-3.3425,0,"(214, 96, 77)",82,17
8218,8218,1.9696969696969695,-1.9090909090909087,3.1653,-3.3425,0,"(214, 96, 77)",82,18
8219,8219,1.9696969696969695,-1.8484848484848484,3.1653,-3.3425,0,"(214, 96, 77)",82,19
8220,8220,1.9696969696969695,-1.7878787878787878,3.1653,-3.3425,0,"(214, 96, 77)",82,20
8221,8221,1.9696969696969695,-1.7272727272727273,3.1653,-3.3425,0,"(214, 96, 77)",82,21
8222,8222,1.9696969696969695,-1.6666666666666663,3.1653,-3.3425,0,"(214, 96, 77)",82,22
8223,8223,1.9696969696969695,-1.606060606060606,3.1653,-3.3425,0,"(214, 96, 77)",82,23
8224,8224,1.9696969696969695,-1.5454545454545454,3.1653,-3.3425,0,"(214, 96, 77)",82,24
8225,8225,1.9696969696969695,-1.4848484848484849,3.1653,-3.3425,0,"(214, 96, 77)",82,25
8226,8226,1.9696969696969695,-1.4242424242424243,3.1653,-3.3425,0,"(214, 96, 77)",82,26
8227,8227,1.9696969696969695,-1.3636363636363635,3.1653,-3.3425,0,"(214, 96, 77)",82,27
8228,8228,1.9696969696969695,-1.303030303030303,3.1653,-3.3425,0,"(214, 96, 77)",82,28
8229,8229,1.9696969696969695,-1.2424242424242424,-3.2367,3.3422,1,"(253, 219, 199)",82,29
8230,8230,1.9696969696969695,-1.1818181818181817,3.1653,3.3425,2,"(209, 229, 240)",82,30
8231,8231,1.9696969696969695,-1.121212121212121,3.1653,3.3425,2,"(209, 229, 240)",82,31
8232,8232,1.9696969696969695,-1.0606060606060606,-3.2367,3.3422,1,"(253, 219, 199)",82,32
8233,8233,1.9696969696969695,-1.0,-3.2367,-3.3422,3,"(67, 147, 195)",82,33
8234,8234,1.9696969696969695,-0.9393939393939394,-3.2367,-3.3422,3,"(67, 147, 195)",82,34
8235,8235,1.9696969696969695,-0.8787878787878789,-3.2367,-3.3422,3,"(67, 147, 195)",82,35
8236,8236,1.9696969696969695,-0.8181818181818183,-3.2367,-3.3422,3,"(67, 147, 195)",82,36
8237,8237,1.9696969696969695,-0.7575757575757573,-3.2367,-3.3422,3,"(67, 147, 195)",82,37
8238,8238,1.9696969696969695,-0.6969696969696968,-3.2367,-3.3422,3,"(67, 147, 195)",82,38
8239,8239,1.9696969696969695,-0.6363636363636362,-3.2367,-3.3422,3,"(67, 147, 195)",82,39
8240,8240,1.9696969696969695,-0.5757575757575757,-3.2367,-3.3422,3,"(67, 147, 195)",82,40
8241,8241,1.9696969696969695,-0.5151515151515151,-3.2367,-3.3422,3,"(67, 147, 195)",82,41
8242,8242,1.9696969696969695,-0.4545454545454546,-3.2367,-3.3422,3,"(67, 147, 195)",82,42
8243,8243,1.9696969696969695,-0.393939393939394,-3.2367,-3.3422,3,"(67, 147, 195)",82,43
8244,8244,1.9696969696969695,-0.333333333333333,-3.2367,-3.3422,3,"(67, 147, 195)",82,44
8245,8245,1.9696969696969695,-0.2727272727272725,-3.2367,-3.3422,3,"(67, 147, 195)",82,45
8246,8246,1.9696969696969695,-0.2121212121212119,-3.2367,-3.3422,3,"(67, 147, 195)",82,46
8247,8247,1.9696969696969695,-0.1515151515151513,-3.2367,-3.3422,3,"(67, 147, 195)",82,47
8248,8248,1.9696969696969695,-0.0909090909090908,3.1653,3.3425,2,"(209, 229, 240)",82,48
8249,8249,1.9696969696969695,-0.0303030303030302,3.1653,-3.3425,0,"(214, 96, 77)",82,49
8250,8250,1.9696969696969695,0.0303030303030302,3.1653,3.3425,2,"(209, 229, 240)",82,50
8251,8251,1.9696969696969695,0.0909090909090908,3.1653,-3.3425,0,"(214, 96, 77)",82,51
8252,8252,1.9696969696969695,0.1515151515151513,-3.2367,3.3422,1,"(253, 219, 199)",82,52
8253,8253,1.9696969696969695,0.2121212121212123,-3.2367,3.3422,1,"(253, 219, 199)",82,53
8254,8254,1.9696969696969695,0.2727272727272729,-3.2367,3.3422,1,"(253, 219, 199)",82,54
8255,8255,1.9696969696969695,0.3333333333333335,-3.2367,3.3422,1,"(253, 219, 199)",82,55
8256,8256,1.9696969696969695,0.393939393939394,-3.2367,3.3422,1,"(253, 219, 199)",82,56
8257,8257,1.9696969696969695,0.4545454545454546,-3.2367,3.3422,1,"(253, 219, 199)",82,57
8258,8258,1.9696969696969695,0.5151515151515151,-3.2367,3.3422,1,"(253, 219, 199)",82,58
8259,8259,1.9696969696969695,0.5757575757575757,-3.2367,3.3422,1,"(253, 219, 199)",82,59
8260,8260,1.9696969696969695,0.6363636363636367,-3.2367,3.3422,1,"(253, 219, 199)",82,60
8261,8261,1.9696969696969695,0.6969696969696972,-3.2367,3.3422,1,"(253, 219, 199)",82,61
8262,8262,1.9696969696969695,0.7575757575757578,-3.2367,3.3422,1,"(253, 219, 199)",82,62
8263,8263,1.9696969696969695,0.8181818181818183,-3.2367,3.3422,1,"(253, 219, 199)",82,63
8264,8264,1.9696969696969695,0.8787878787878789,-3.2367,3.3422,1,"(253, 219, 199)",82,64
8265,8265,1.9696969696969695,0.9393939393939394,-3.2367,3.3422,1,"(253, 219, 199)",82,65
8266,8266,1.9696969696969695,1.0,-3.2367,3.3422,1,"(253, 219, 199)",82,66
8267,8267,1.9696969696969695,1.0606060606060606,-3.2367,-3.3422,3,"(67, 147, 195)",82,67
8268,8268,1.9696969696969695,1.121212121212121,3.1653,-3.3425,0,"(214, 96, 77)",82,68
8269,8269,1.9696969696969695,1.1818181818181817,3.1653,-3.3425,0,"(214, 96, 77)",82,69
8270,8270,1.9696969696969695,1.2424242424242422,-3.2367,-3.3422,3,"(67, 147, 195)",82,70
8271,8271,1.9696969696969695,1.3030303030303028,3.1653,3.3425,2,"(209, 229, 240)",82,71
8272,8272,1.9696969696969695,1.363636363636363,3.1653,3.3425,2,"(209, 229, 240)",82,72
8273,8273,1.9696969696969695,1.4242424242424248,3.1653,3.3425,2,"(209, 229, 240)",82,73
8274,8274,1.9696969696969695,1.4848484848484853,3.1653,3.3425,2,"(209, 229, 240)",82,74
8275,8275,1.9696969696969695,1.545454545454546,3.1653,3.3425,2,"(209, 229, 240)",82,75
8276,8276,1.9696969696969695,1.6060606060606064,3.1653,3.3425,2,"(209, 229, 240)",82,76
8277,8277,1.9696969696969695,1.666666666666667,3.1653,3.3425,2,"(209, 229, 240)",82,77
8278,8278,1.9696969696969695,1.7272727272727275,3.1653,3.3425,2,"(209, 229, 240)",82,78
8279,8279,1.9696969696969695,1.787878787878788,3.1653,3.3425,2,"(209, 229, 240)",82,79
8280,8280,1.9696969696969695,1.8484848484848488,3.1653,3.3425,2,"(209, 229, 240)",82,80
8281,8281,1.9696969696969695,1.9090909090909087,3.1653,3.3425,2,"(209, 229, 240)",82,81
8282,8282,1.9696969696969695,1.9696969696969695,3.1653,3.3425,2,"(209, 229, 240)",82,82
8283,8283,1.9696969696969695,2.0303030303030303,3.1653,3.3425,2,"(209, 229, 240)",82,83
8284,8284,1.9696969696969695,2.090909090909091,3.1653,3.3425,2,"(209, 229, 240)",82,84
8285,8285,1.9696969696969695,2.1515151515151514,3.1653,3.3425,2,"(209, 229, 240)",82,85
8286,8286,1.9696969696969695,2.212121212121212,3.1653,3.3425,2,"(209, 229, 240)",82,86
8287,8287,1.9696969696969695,2.2727272727272725,3.1653,3.3425,2,"(209, 229, 240)",82,87
8288,8288,1.9696969696969695,2.333333333333334,3.1653,3.3425,2,"(209, 229, 240)",82,88
8289,8289,1.9696969696969695,2.3939393939393945,3.1653,3.3425,2,"(209, 229, 240)",82,89
8290,8290,1.9696969696969695,2.454545454545455,3.1653,3.3425,2,"(209, 229, 240)",82,90
8291,8291,1.9696969696969695,2.515151515151516,3.1653,3.3425,2,"(209, 229, 240)",82,91
8292,8292,1.9696969696969695,2.575757575757576,3.1653,3.3425,2,"(209, 229, 240)",82,92
8293,8293,1.9696969696969695,2.6363636363636367,3.1653,3.3425,2,"(209, 229, 240)",82,93
8294,8294,1.9696969696969695,2.696969696969697,3.1653,3.3425,2,"(209, 229, 240)",82,94
8295,8295,1.9696969696969695,2.757575757575758,3.1653,3.3425,2,"(209, 229, 240)",82,95
8296,8296,1.9696969696969695,2.8181818181818183,3.1653,3.3425,2,"(209, 229, 240)",82,96
8297,8297,1.9696969696969695,2.878787878787879,3.1653,3.3425,2,"(209, 229, 240)",82,97
8298,8298,1.9696969696969695,2.9393939393939394,3.1653,3.3425,2,"(209, 229, 240)",82,98
8299,8299,1.9696969696969695,3.0,3.1653,3.3425,2,"(209, 229, 240)",82,99
8300,8300,2.0303030303030303,-3.0,3.1653,-3.3425,0,"(214, 96, 77)",83,0
8301,8301,2.0303030303030303,-2.9393939393939394,3.1653,-3.3425,0,"(214, 96, 77)",83,1
8302,8302,2.0303030303030303,-2.878787878787879,3.1653,-3.3425,0,"(214, 96, 77)",83,2
8303,8303,2.0303030303030303,-2.8181818181818183,3.1653,-3.3425,0,"(214, 96, 77)",83,3
8304,8304,2.0303030303030303,-2.757575757575758,3.1653,-3.3425,0,"(214, 96, 77)",83,4
8305,8305,2.0303030303030303,-2.696969696969697,3.1653,-3.3425,0,"(214, 96, 77)",83,5
8306,8306,2.0303030303030303,-2.636363636363636,3.1653,-3.3425,0,"(214, 96, 77)",83,6
8307,8307,2.0303030303030303,-2.575757575757576,3.1653,-3.3425,0,"(214, 96, 77)",83,7
8308,8308,2.0303030303030303,-2.515151515151515,3.1653,-3.3425,0,"(214, 96, 77)",83,8
8309,8309,2.0303030303030303,-2.4545454545454546,3.1653,-3.3425,0,"(214, 96, 77)",83,9
8310,8310,2.0303030303030303,-2.393939393939394,3.1653,-3.3425,0,"(214, 96, 77)",83,10
8311,8311,2.0303030303030303,-2.333333333333333,3.1653,-3.3425,0,"(214, 96, 77)",83,11
8312,8312,2.0303030303030303,-2.2727272727272725,3.1653,-3.3425,0,"(214, 96, 77)",83,12
8313,8313,2.0303030303030303,-2.212121212121212,3.1653,-3.3425,0,"(214, 96, 77)",83,13
8314,8314,2.0303030303030303,-2.1515151515151514,3.1653,-3.3425,0,"(214, 96, 77)",83,14
8315,8315,2.0303030303030303,-2.090909090909091,3.1653,-3.3425,0,"(214, 96, 77)",83,15
8316,8316,2.0303030303030303,-2.0303030303030303,3.1653,-3.3425,0,"(214, 96, 77)",83,16
8317,8317,2.0303030303030303,-1.9696969696969695,3.1653,-3.3425,0,"(214, 96, 77)",83,17
8318,8318,2.0303030303030303,-1.9090909090909087,3.1653,-3.3425,0,"(214, 96, 77)",83,18
8319,8319,2.0303030303030303,-1.8484848484848484,3.1653,-3.3425,0,"(214, 96, 77)",83,19
8320,8320,2.0303030303030303,-1.7878787878787878,3.1653,-3.3425,0,"(214, 96, 77)",83,20
8321,8321,2.0303030303030303,-1.7272727272727273,3.1653,-3.3425,0,"(214, 96, 77)",83,21
8322,8322,2.0303030303030303,-1.6666666666666663,3.1653,-3.3425,0,"(214, 96, 77)",83,22
8323,8323,2.0303030303030303,-1.606060606060606,3.1653,-3.3425,0,"(214, 96, 77)",83,23
8324,8324,2.0303030303030303,-1.5454545454545454,3.1653,-3.3425,0,"(214, 96, 77)",83,24
8325,8325,2.0303030303030303,-1.4848484848484849,3.1653,-3.3425,0,"(214, 96, 77)",83,25
8326,8326,2.0303030303030303,-1.4242424242424243,3.1653,-3.3425,0,"(214, 96, 77)",83,26
8327,8327,2.0303030303030303,-1.3636363636363635,3.1653,-3.3425,0,"(214, 96, 77)",83,27
8328,8328,2.0303030303030303,-1.303030303030303,3.1653,-3.3425,0,"(214, 96, 77)",83,28
8329,8329,2.0303030303030303,-1.2424242424242424,3.1653,-3.3425,0,"(214, 96, 77)",83,29
8330,8330,2.0303030303030303,-1.1818181818181817,3.1653,3.3425,2,"(209, 229, 240)",83,30
8331,8331,2.0303030303030303,-1.121212121212121,-3.2367,3.3422,1,"(253, 219, 199)",83,31
8332,8332,2.0303030303030303,-1.0606060606060606,-3.2367,3.3422,1,"(253, 219, 199)",83,32
8333,8333,2.0303030303030303,-1.0,-3.2367,-3.3422,3,"(67, 147, 195)",83,33
8334,8334,2.0303030303030303,-0.9393939393939394,-3.2367,-3.3422,3,"(67, 147, 195)",83,34
8335,8335,2.0303030303030303,-0.8787878787878789,-3.2367,-3.3422,3,"(67, 147, 195)",83,35
8336,8336,2.0303030303030303,-0.8181818181818183,-3.2367,-3.3422,3,"(67, 147, 195)",83,36
8337,8337,2.0303030303030303,-0.7575757575757573,-3.2367,-3.3422,3,"(67, 147, 195)",83,37
8338,8338,2.0303030303030303,-0.6969696969696968,-3.2367,-3.3422,3,"(67, 147, 195)",83,38
8339,8339,2.0303030303030303,-0.6363636363636362,-3.2367,-3.3422,3,"(67, 147, 195)",83,39
8340,8340,2.0303030303030303,-0.5757575757575757,-3.2367,-3.3422,3,"(67, 147, 195)",83,40
8341,8341,2.0303030303030303,-0.5151515151515151,-3.2367,-3.3422,3,"(67, 147, 195)",83,41
8342,8342,2.0303030303030303,-0.4545454545454546,-3.2367,-3.3422,3,"(67, 147, 195)",83,42
8343,8343,2.0303030303030303,-0.393939393939394,-3.2367,-3.3422,3,"(67, 147, 195)",83,43
8344,8344,2.0303030303030303,-0.333333333333333,-3.2367,-3.3422,3,"(67, 147, 195)",83,44
8345,8345,2.0303030303030303,-0.2727272727272725,-3.2367,-3.3422,3,"(67, 147, 195)",83,45
8346,8346,2.0303030303030303,-0.2121212121212119,-3.2367,-3.3422,3,"(67, 147, 195)",83,46
8347,8347,2.0303030303030303,-0.1515151515151513,-3.2367,-3.3422,3,"(67, 147, 195)",83,47
8348,8348,2.0303030303030303,-0.0909090909090908,-3.2367,-3.3422,3,"(67, 147, 195)",83,48
8349,8349,2.0303030303030303,-0.0303030303030302,3.1653,-3.3425,0,"(214, 96, 77)",83,49
8350,8350,2.0303030303030303,0.0303030303030302,3.1653,3.3425,2,"(209, 229, 240)",83,50
8351,8351,2.0303030303030303,0.0909090909090908,-3.2367,3.3422,1,"(253, 219, 199)",83,51
8352,8352,2.0303030303030303,0.1515151515151513,-3.2367,3.3422,1,"(253, 219, 199)",83,52
8353,8353,2.0303030303030303,0.2121212121212123,-3.2367,3.3422,1,"(253, 219, 199)",83,53
8354,8354,2.0303030303030303,0.2727272727272729,-3.2367,3.3422,1,"(253, 219, 199)",83,54
8355,8355,2.0303030303030303,0.3333333333333335,-3.2367,3.3422,1,"(253, 219, 199)",83,55
8356,8356,2.0303030303030303,0.393939393939394,-3.2367,3.3422,1,"(253, 219, 199)",83,56
8357,8357,2.0303030303030303,0.4545454545454546,-3.2367,3.3422,1,"(253, 219, 199)",83,57
8358,8358,2.0303030303030303,0.5151515151515151,-3.2367,3.3422,1,"(253, 219, 199)",83,58
8359,8359,2.0303030303030303,0.5757575757575757,-3.2367,3.3422,1,"(253, 219, 199)",83,59
8360,8360,2.0303030303030303,0.6363636363636367,-3.2367,3.3422,1,"(253, 219, 199)",83,60
8361,8361,2.0303030303030303,0.6969696969696972,-3.2367,3.3422,1,"(253, 219, 199)",83,61
8362,8362,2.0303030303030303,0.7575757575757578,-3.2367,3.3422,1,"(253, 219, 199)",83,62
8363,8363,2.0303030303030303,0.8181818181818183,-3.2367,3.3422,1,"(253, 219, 199)",83,63
8364,8364,2.0303030303030303,0.8787878787878789,-3.2367,3.3422,1,"(253, 219, 199)",83,64
8365,8365,2.0303030303030303,0.9393939393939394,-3.2367,3.3422,1,"(253, 219, 199)",83,65
8366,8366,2.0303030303030303,1.0,-3.2367,3.3422,1,"(253, 219, 199)",83,66
8367,8367,2.0303030303030303,1.0606060606060606,-3.2367,-3.3422,3,"(67, 147, 195)",83,67
8368,8368,2.0303030303030303,1.121212121212121,-3.2367,-3.3422,3,"(67, 147, 195)",83,68
8369,8369,2.0303030303030303,1.1818181818181817,3.1653,-3.3425,0,"(214, 96, 77)",83,69
8370,8370,2.0303030303030303,1.2424242424242422,3.1653,3.3425,2,"(209, 229, 240)",83,70
8371,8371,2.0303030303030303,1.3030303030303028,3.1653,3.3425,2,"(209, 229, 240)",83,71
8372,8372,2.0303030303030303,1.363636363636363,3.1653,3.3425,2,"(209, 229, 240)",83,72
8373,8373,2.0303030303030303,1.4242424242424248,3.1653,3.3425,2,"(209, 229, 240)",83,73
8374,8374,2.0303030303030303,1.4848484848484853,3.1653,3.3425,2,"(209, 229, 240)",83,74
8375,8375,2.0303030303030303,1.545454545454546,3.1653,3.3425,2,"(209, 229, 240)",83,75
8376,8376,2.0303030303030303,1.6060606060606064,3.1653,3.3425,2,"(209, 229, 240)",83,76
8377,8377,2.0303030303030303,1.666666666666667,3.1653,3.3425,2,"(209, 229, 240)",83,77
8378,8378,2.0303030303030303,1.7272727272727275,3.1653,3.3425,2,"(209, 229, 240)",83,78
8379,8379,2.0303030303030303,1.787878787878788,3.1653,3.3425,2,"(209, 229, 240)",83,79
8380,8380,2.0303030303030303,1.8484848484848488,3.1653,3.3425,2,"(209, 229, 240)",83,80
8381,8381,2.0303030303030303,1.9090909090909087,3.1653,3.3425,2,"(209, 229, 240)",83,81
8382,8382,2.0303030303030303,1.9696969696969695,3.1653,3.3425,2,"(209, 229, 240)",83,82
8383,8383,2.0303030303030303,2.0303030303030303,3.1653,3.3425,2,"(209, 229, 240)",83,83
8384,8384,2.0303030303030303,2.090909090909091,3.1653,3.3425,2,"(209, 229, 240)",83,84
8385,8385,2.0303030303030303,2.1515151515151514,3.1653,3.3425,2,"(209, 229, 240)",83,85
8386,8386,2.0303030303030303,2.212121212121212,3.1653,3.3425,2,"(209, 229, 240)",83,86
8387,8387,2.0303030303030303,2.2727272727272725,3.1653,3.3425,2,"(209, 229, 240)",83,87
8388,8388,2.0303030303030303,2.333333333333334,3.1653,3.3425,2,"(209, 229, 240)",83,88
8389,8389,2.0303030303030303,2.3939393939393945,3.1653,3.3425,2,"(209, 229, 240)",83,89
8390,8390,2.0303030303030303,2.454545454545455,3.1653,3.3425,2,"(209, 229, 240)",83,90
8391,8391,2.0303030303030303,2.515151515151516,3.1653,3.3425,2,"(209, 229, 240)",83,91
8392,8392,2.0303030303030303,2.575757575757576,3.1653,3.3425,2,"(209, 229, 240)",83,92
8393,8393,2.0303030303030303,2.6363636363636367,3.1653,3.3425,2,"(209, 229, 240)",83,93
8394,8394,2.0303030303030303,2.696969696969697,3.1653,3.3425,2,"(209, 229, 240)",83,94
8395,8395,2.0303030303030303,2.757575757575758,3.1653,3.3425,2,"(209, 229, 240)",83,95
8396,8396,2.0303030303030303,2.8181818181818183,3.1653,3.3425,2,"(209, 229, 240)",83,96
8397,8397,2.0303030303030303,2.878787878787879,3.1653,3.3425,2,"(209, 229, 240)",83,97
8398,8398,2.0303030303030303,2.9393939393939394,3.1653,3.3425,2,"(209, 229, 240)",83,98
8399,8399,2.0303030303030303,3.0,3.1653,3.3425,2,"(209, 229, 240)",83,99
8400,8400,2.090909090909091,-3.0,3.1653,-3.3425,0,"(214, 96, 77)",84,0
8401,8401,2.090909090909091,-2.9393939393939394,3.1653,-3.3425,0,"(214, 96, 77)",84,1
8402,8402,2.090909090909091,-2.878787878787879,3.1653,-3.3425,0,"(214, 96, 77)",84,2
8403,8403,2.090909090909091,-2.8181818181818183,3.1653,-3.3425,0,"(214, 96, 77)",84,3
8404,8404,2.090909090909091,-2.757575757575758,3.1653,-3.3425,0,"(214, 96, 77)",84,4
8405,8405,2.090909090909091,-2.696969696969697,3.1653,-3.3425,0,"(214, 96, 77)",84,5
8406,8406,2.090909090909091,-2.636363636363636,3.1653,-3.3425,0,"(214, 96, 77)",84,6
8407,8407,2.090909090909091,-2.575757575757576,3.1653,-3.3425,0,"(214, 96, 77)",84,7
8408,8408,2.090909090909091,-2.515151515151515,3.1653,-3.3425,0,"(214, 96, 77)",84,8
8409,8409,2.090909090909091,-2.4545454545454546,3.1653,-3.3425,0,"(214, 96, 77)",84,9
8410,8410,2.090909090909091,-2.393939393939394,3.1653,-3.3425,0,"(214, 96, 77)",84,10
8411,8411,2.090909090909091,-2.333333333333333,3.1653,-3.3425,0,"(214, 96, 77)",84,11
8412,8412,2.090909090909091,-2.2727272727272725,3.1653,-3.3425,0,"(214, 96, 77)",84,12
8413,8413,2.090909090909091,-2.212121212121212,3.1653,-3.3425,0,"(214, 96, 77)",84,13
8414,8414,2.090909090909091,-2.1515151515151514,3.1653,-3.3425,0,"(214, 96, 77)",84,14
8415,8415,2.090909090909091,-2.090909090909091,3.1653,-3.3425,0,"(214, 96, 77)",84,15
8416,8416,2.090909090909091,-2.0303030303030303,3.1653,-3.3425,0,"(214, 96, 77)",84,16
8417,8417,2.090909090909091,-1.9696969696969695,3.1653,-3.3425,0,"(214, 96, 77)",84,17
8418,8418,2.090909090909091,-1.9090909090909087,3.1653,-3.3425,0,"(214, 96, 77)",84,18
8419,8419,2.090909090909091,-1.8484848484848484,3.1653,-3.3425,0,"(214, 96, 77)",84,19
8420,8420,2.090909090909091,-1.7878787878787878,3.1653,-3.3425,0,"(214, 96, 77)",84,20
8421,8421,2.090909090909091,-1.7272727272727273,3.1653,-3.3425,0,"(214, 96, 77)",84,21
8422,8422,2.090909090909091,-1.6666666666666663,3.1653,-3.3425,0,"(214, 96, 77)",84,22
8423,8423,2.090909090909091,-1.606060606060606,3.1653,-3.3425,0,"(214, 96, 77)",84,23
8424,8424,2.090909090909091,-1.5454545454545454,3.1653,-3.3425,0,"(214, 96, 77)",84,24
8425,8425,2.090909090909091,-1.4848484848484849,3.1653,-3.3425,0,"(214, 96, 77)",84,25
8426,8426,2.090909090909091,-1.4242424242424243,3.1653,-3.3425,0,"(214, 96, 77)",84,26
8427,8427,2.090909090909091,-1.3636363636363635,3.1653,-3.3425,0,"(214, 96, 77)",84,27
8428,8428,2.090909090909091,-1.303030303030303,3.1653,-3.3425,0,"(214, 96, 77)",84,28
8429,8429,2.090909090909091,-1.2424242424242424,3.1653,-3.3425,0,"(214, 96, 77)",84,29
8430,8430,2.090909090909091,-1.1818181818181817,3.1653,-3.3425,0,"(214, 96, 77)",84,30
8431,8431,2.090909090909091,-1.121212121212121,-3.2367,-3.3422,3,"(67, 147, 195)",84,31
8432,8432,2.090909090909091,-1.0606060606060606,-3.2367,-3.3422,3,"(67, 147, 195)",84,32
8433,8433,2.090909090909091,-1.0,-3.2367,-3.3422,3,"(67, 147, 195)",84,33
8434,8434,2.090909090909091,-0.9393939393939394,-3.2367,-3.3422,3,"(67, 147, 195)",84,34
8435,8435,2.090909090909091,-0.8787878787878789,-3.2367,-3.3422,3,"(67, 147, 195)",84,35
8436,8436,2.090909090909091,-0.8181818181818183,-3.2367,-3.3422,3,"(67, 147, 195)",84,36
8437,8437,2.090909090909091,-0.7575757575757573,-3.2367,-3.3422,3,"(67, 147, 195)",84,37
8438,8438,2.090909090909091,-0.6969696969696968,-3.2367,-3.3422,3,"(67, 147, 195)",84,38
8439,8439,2.090909090909091,-0.6363636363636362,-3.2367,-3.3422,3,"(67, 147, 195)",84,39
8440,8440,2.090909090909091,-0.5757575757575757,-3.2367,-3.3422,3,"(67, 147, 195)",84,40
8441,8441,2.090909090909091,-0.5151515151515151,-3.2367,-3.3422,3,"(67, 147, 195)",84,41
8442,8442,2.090909090909091,-0.4545454545454546,-3.2367,-3.3422,3,"(67, 147, 195)",84,42
8443,8443,2.090909090909091,-0.393939393939394,-3.2367,-3.3422,3,"(67, 147, 195)",84,43
8444,8444,2.090909090909091,-0.333333333333333,-3.2367,-3.3422,3,"(67, 147, 195)",84,44
8445,8445,2.090909090909091,-0.2727272727272725,-3.2367,-3.3422,3,"(67, 147, 195)",84,45
8446,8446,2.090909090909091,-0.2121212121212119,-3.2367,-3.3422,3,"(67, 147, 195)",84,46
8447,8447,2.090909090909091,-0.1515151515151513,-3.2367,-3.3422,3,"(67, 147, 195)",84,47
8448,8448,2.090909090909091,-0.0909090909090908,-3.2367,-3.3422,3,"(67, 147, 195)",84,48
8449,8449,2.090909090909091,-0.0303030303030302,3.1653,-3.3425,0,"(214, 96, 77)",84,49
8450,8450,2.090909090909091,0.0303030303030302,3.1653,3.3425,2,"(209, 229, 240)",84,50
8451,8451,2.090909090909091,0.0909090909090908,-3.2367,3.3422,1,"(253, 219, 199)",84,51
8452,8452,2.090909090909091,0.1515151515151513,-3.2367,3.3422,1,"(253, 219, 199)",84,52
8453,8453,2.090909090909091,0.2121212121212123,-3.2367,3.3422,1,"(253, 219, 199)",84,53
8454,8454,2.090909090909091,0.2727272727272729,-3.2367,3.3422,1,"(253, 219, 199)",84,54
8455,8455,2.090909090909091,0.3333333333333335,-3.2367,3.3422,1,"(253, 219, 199)",84,55
8456,8456,2.090909090909091,0.393939393939394,-3.2367,3.3422,1,"(253, 219, 199)",84,56
8457,8457,2.090909090909091,0.4545454545454546,-3.2367,3.3422,1,"(253, 219, 199)",84,57
8458,8458,2.090909090909091,0.5151515151515151,-3.2367,3.3422,1,"(253, 219, 199)",84,58
8459,8459,2.090909090909091,0.5757575757575757,-3.2367,3.3422,1,"(253, 219, 199)",84,59
8460,8460,2.090909090909091,0.6363636363636367,-3.2367,3.3422,1,"(253, 219, 199)",84,60
8461,8461,2.090909090909091,0.6969696969696972,-3.2367,3.3422,1,"(253, 219, 199)",84,61
8462,8462,2.090909090909091,0.7575757575757578,-3.2367,3.3422,1,"(253, 219, 199)",84,62
8463,8463,2.090909090909091,0.8181818181818183,-3.2367,3.3422,1,"(253, 219, 199)",84,63
8464,8464,2.090909090909091,0.8787878787878789,-3.2367,3.3422,1,"(253, 219, 199)",84,64
8465,8465,2.090909090909091,0.9393939393939394,-3.2367,3.3422,1,"(253, 219, 199)",84,65
8466,8466,2.090909090909091,1.0,-3.2367,3.3422,1,"(253, 219, 199)",84,66
8467,8467,2.090909090909091,1.0606060606060606,-3.2367,3.3422,1,"(253, 219, 199)",84,67
8468,8468,2.090909090909091,1.121212121212121,-3.2367,3.3422,1,"(253, 219, 199)",84,68
8469,8469,2.090909090909091,1.1818181818181817,3.1653,3.3425,2,"(209, 229, 240)",84,69
8470,8470,2.090909090909091,1.2424242424242422,3.1653,3.3425,2,"(209, 229, 240)",84,70
8471,8471,2.090909090909091,1.3030303030303028,3.1653,3.3425,2,"(209, 229, 240)",84,71
8472,8472,2.090909090909091,1.363636363636363,3.1653,3.3425,2,"(209, 229, 240)",84,72
8473,8473,2.090909090909091,1.4242424242424248,3.1653,3.3425,2,"(209, 229, 240)",84,73
8474,8474,2.090909090909091,1.4848484848484853,3.1653,3.3425,2,"(209, 229, 240)",84,74
8475,8475,2.090909090909091,1.545454545454546,3.1653,3.3425,2,"(209, 229, 240)",84,75
8476,8476,2.090909090909091,1.6060606060606064,3.1653,3.3425,2,"(209, 229, 240)",84,76
8477,8477,2.090909090909091,1.666666666666667,3.1653,3.3425,2,"(209, 229, 240)",84,77
8478,8478,2.090909090909091,1.7272727272727275,3.1653,3.3425,2,"(209, 229, 240)",84,78
8479,8479,2.090909090909091,1.787878787878788,3.1653,3.3425,2,"(209, 229, 240)",84,79
8480,8480,2.090909090909091,1.8484848484848488,3.1653,3.3425,2,"(209, 229, 240)",84,80
8481,8481,2.090909090909091,1.9090909090909087,3.1653,3.3425,2,"(209, 229, 240)",84,81
8482,8482,2.090909090909091,1.9696969696969695,3.1653,3.3425,2,"(209, 229, 240)",84,82
8483,8483,2.090909090909091,2.0303030303030303,3.1653,3.3425,2,"(209, 229, 240)",84,83
8484,8484,2.090909090909091,2.090909090909091,3.1653,3.3425,2,"(209, 229, 240)",84,84
8485,8485,2.090909090909091,2.1515151515151514,3.1653,3.3425,2,"(209, 229, 240)",84,85
8486,8486,2.090909090909091,2.212121212121212,3.1653,3.3425,2,"(209, 229, 240)",84,86
8487,8487,2.090909090909091,2.2727272727272725,3.1653,3.3425,2,"(209, 229, 240)",84,87
8488,8488,2.090909090909091,2.333333333333334,3.1653,3.3425,2,"(209, 229, 240)",84,88
8489,8489,2.090909090909091,2.3939393939393945,3.1653,3.3425,2,"(209, 229, 240)",84,89
8490,8490,2.090909090909091,2.454545454545455,3.1653,3.3425,2,"(209, 229, 240)",84,90
8491,8491,2.090909090909091,2.515151515151516,3.1653,3.3425,2,"(209, 229, 240)",84,91
8492,8492,2.090909090909091,2.575757575757576,3.1653,3.3425,2,"(209, 229, 240)",84,92
8493,8493,2.090909090909091,2.6363636363636367,3.1653,3.3425,2,"(209, 229, 240)",84,93
8494,8494,2.090909090909091,2.696969696969697,3.1653,3.3425,2,"(209, 229, 240)",84,94
8495,8495,2.090909090909091,2.757575757575758,3.1653,3.3425,2,"(209, 229, 240)",84,95
8496,8496,2.090909090909091,2.8181818181818183,3.1653,3.3425,2,"(209, 229, 240)",84,96
8497,8497,2.090909090909091,2.878787878787879,3.1653,3.3425,2,"(209, 229, 240)",84,97
8498,8498,2.090909090909091,2.9393939393939394,3.1653,3.3425,2,"(209, 229, 240)",84,98
8499,8499,2.090909090909091,3.0,3.1653,3.3425,2,"(209, 229, 240)",84,99
8500,8500,2.1515151515151514,-3.0,3.1653,-3.3425,0,"(214, 96, 77)",85,0
8501,8501,2.1515151515151514,-2.9393939393939394,3.1653,-3.3425,0,"(214, 96, 77)",85,1
8502,8502,2.1515151515151514,-2.878787878787879,3.1653,-3.3425,0,"(214, 96, 77)",85,2
8503,8503,2.1515151515151514,-2.8181818181818183,3.1653,-3.3425,0,"(214, 96, 77)",85,3
8504,8504,2.1515151515151514,-2.757575757575758,3.1653,-3.3425,0,"(214, 96, 77)",85,4
8505,8505,2.1515151515151514,-2.696969696969697,3.1653,-3.3425,0,"(214, 96, 77)",85,5
8506,8506,2.1515151515151514,-2.636363636363636,3.1653,-3.3425,0,"(214, 96, 77)",85,6
8507,8507,2.1515151515151514,-2.575757575757576,3.1653,-3.3425,0,"(214, 96, 77)",85,7
8508,8508,2.1515151515151514,-2.515151515151515,3.1653,-3.3425,0,"(214, 96, 77)",85,8
8509,8509,2.1515151515151514,-2.4545454545454546,3.1653,-3.3425,0,"(214, 96, 77)",85,9
8510,8510,2.1515151515151514,-2.393939393939394,3.1653,-3.3425,0,"(214, 96, 77)",85,10
8511,8511,2.1515151515151514,-2.333333333333333,3.1653,-3.3425,0,"(214, 96, 77)",85,11
8512,8512,2.1515151515151514,-2.2727272727272725,3.1653,-3.3425,0,"(214, 96, 77)",85,12
8513,8513,2.1515151515151514,-2.212121212121212,3.1653,-3.3425,0,"(214, 96, 77)",85,13
8514,8514,2.1515151515151514,-2.1515151515151514,3.1653,-3.3425,0,"(214, 96, 77)",85,14
8515,8515,2.1515151515151514,-2.090909090909091,3.1653,-3.3425,0,"(214, 96, 77)",85,15
8516,8516,2.1515151515151514,-2.0303030303030303,3.1653,-3.3425,0,"(214, 96, 77)",85,16
8517,8517,2.1515151515151514,-1.9696969696969695,3.1653,-3.3425,0,"(214, 96, 77)",85,17
8518,8518,2.1515151515151514,-1.9090909090909087,3.1653,-3.3425,0,"(214, 96, 77)",85,18
8519,8519,2.1515151515151514,-1.8484848484848484,3.1653,-3.3425,0,"(214, 96, 77)",85,19
8520,8520,2.1515151515151514,-1.7878787878787878,3.1653,-3.3425,0,"(214, 96, 77)",85,20
8521,8521,2.1515151515151514,-1.7272727272727273,3.1653,-3.3425,0,"(214, 96, 77)",85,21
8522,8522,2.1515151515151514,-1.6666666666666663,3.1653,-3.3425,0,"(214, 96, 77)",85,22
8523,8523,2.1515151515151514,-1.606060606060606,3.1653,-3.3425,0,"(214, 96, 77)",85,23
8524,8524,2.1515151515151514,-1.5454545454545454,3.1653,-3.3425,0,"(214, 96, 77)",85,24
8525,8525,2.1515151515151514,-1.4848484848484849,3.1653,-3.3425,0,"(214, 96, 77)",85,25
8526,8526,2.1515151515151514,-1.4242424242424243,3.1653,-3.3425,0,"(214, 96, 77)",85,26
8527,8527,2.1515151515151514,-1.3636363636363635,3.1653,-3.3425,0,"(214, 96, 77)",85,27
8528,8528,2.1515151515151514,-1.303030303030303,3.1653,3.3425,2,"(209, 229, 240)",85,28
8529,8529,2.1515151515151514,-1.2424242424242424,-3.2367,-3.3422,3,"(67, 147, 195)",85,29
8530,8530,2.1515151515151514,-1.1818181818181817,-3.2367,3.3422,1,"(253, 219, 199)",85,30
8531,8531,2.1515151515151514,-1.121212121212121,3.1653,3.3425,2,"(209, 229, 240)",85,31
8532,8532,2.1515151515151514,-1.0606060606060606,3.1653,-3.3425,0,"(214, 96, 77)",85,32
8533,8533,2.1515151515151514,-1.0,-3.2367,-3.3422,3,"(67, 147, 195)",85,33
8534,8534,2.1515151515151514,-0.9393939393939394,-3.2367,-3.3422,3,"(67, 147, 195)",85,34
8535,8535,2.1515151515151514,-0.8787878787878789,-3.2367,-3.3422,3,"(67, 147, 195)",85,35
8536,8536,2.1515151515151514,-0.8181818181818183,-3.2367,-3.3422,3,"(67, 147, 195)",85,36
8537,8537,2.1515151515151514,-0.7575757575757573,-3.2367,-3.3422,3,"(67, 147, 195)",85,37
8538,8538,2.1515151515151514,-0.6969696969696968,-3.2367,-3.3422,3,"(67, 147, 195)",85,38
8539,8539,2.1515151515151514,-0.6363636363636362,-3.2367,-3.3422,3,"(67, 147, 195)",85,39
8540,8540,2.1515151515151514,-0.5757575757575757,-3.2367,-3.3422,3,"(67, 147, 195)",85,40
8541,8541,2.1515151515151514,-0.5151515151515151,-3.2367,-3.3422,3,"(67, 147, 195)",85,41
8542,8542,2.1515151515151514,-0.4545454545454546,-3.2367,-3.3422,3,"(67, 147, 195)",85,42
8543,8543,2.1515151515151514,-0.393939393939394,-3.2367,-3.3422,3,"(67, 147, 195)",85,43
8544,8544,2.1515151515151514,-0.333333333333333,-3.2367,-3.3422,3,"(67, 147, 195)",85,44
8545,8545,2.1515151515151514,-0.2727272727272725,-3.2367,-3.3422,3,"(67, 147, 195)",85,45
8546,8546,2.1515151515151514,-0.2121212121212119,-3.2367,-3.3422,3,"(67, 147, 195)",85,46
8547,8547,2.1515151515151514,-0.1515151515151513,-3.2367,-3.3422,3,"(67, 147, 195)",85,47
8548,8548,2.1515151515151514,-0.0909090909090908,-3.2367,3.3422,1,"(253, 219, 199)",85,48
8549,8549,2.1515151515151514,-0.0303030303030302,3.1653,3.3425,2,"(209, 229, 240)",85,49
8550,8550,2.1515151515151514,0.0303030303030302,3.1653,-3.3425,0,"(214, 96, 77)",85,50
8551,8551,2.1515151515151514,0.0909090909090908,-3.2367,-3.3422,3,"(67, 147, 195)",85,51
8552,8552,2.1515151515151514,0.1515151515151513,-3.2367,3.3422,1,"(253, 219, 199)",85,52
8553,8553,2.1515151515151514,0.2121212121212123,-3.2367,3.3422,1,"(253, 219, 199)",85,53
8554,8554,2.1515151515151514,0.2727272727272729,-3.2367,3.3422,1,"(253, 219, 199)",85,54
8555,8555,2.1515151515151514,0.3333333333333335,-3.2367,3.3422,1,"(253, 219, 199)",85,55
8556,8556,2.1515151515151514,0.393939393939394,-3.2367,3.3422,1,"(253, 219, 199)",85,56
8557,8557,2.1515151515151514,0.4545454545454546,-3.2367,3.3422,1,"(253, 219, 199)",85,57
8558,8558,2.1515151515151514,0.5151515151515151,-3.2367,3.3422,1,"(253, 219, 199)",85,58
8559,8559,2.1515151515151514,0.5757575757575757,-3.2367,3.3422,1,"(253, 219, 199)",85,59
8560,8560,2.1515151515151514,0.6363636363636367,-3.2367,3.3422,1,"(253, 219, 199)",85,60
8561,8561,2.1515151515151514,0.6969696969696972,-3.2367,3.3422,1,"(253, 219, 199)",85,61
8562,8562,2.1515151515151514,0.7575757575757578,-3.2367,3.3422,1,"(253, 219, 199)",85,62
8563,8563,2.1515151515151514,0.8181818181818183,-3.2367,3.3422,1,"(253, 219, 199)",85,63
8564,8564,2.1515151515151514,0.8787878787878789,-3.2367,3.3422,1,"(253, 219, 199)",85,64
8565,8565,2.1515151515151514,0.9393939393939394,-3.2367,3.3422,1,"(253, 219, 199)",85,65
8566,8566,2.1515151515151514,1.0,-3.2367,3.3422,1,"(253, 219, 199)",85,66
8567,8567,2.1515151515151514,1.0606060606060606,3.1653,3.3425,2,"(209, 229, 240)",85,67
8568,8568,2.1515151515151514,1.121212121212121,3.1653,-3.3425,0,"(214, 96, 77)",85,68
8569,8569,2.1515151515151514,1.1818181818181817,-3.2367,-3.3422,3,"(67, 147, 195)",85,69
8570,8570,2.1515151515151514,1.2424242424242422,-3.2367,3.3422,1,"(253, 219, 199)",85,70
8571,8571,2.1515151515151514,1.3030303030303028,3.1653,-3.3425,0,"(214, 96, 77)",85,71
8572,8572,2.1515151515151514,1.363636363636363,3.1653,3.3425,2,"(209, 229, 240)",85,72
8573,8573,2.1515151515151514,1.4242424242424248,3.1653,3.3425,2,"(209, 229, 240)",85,73
8574,8574,2.1515151515151514,1.4848484848484853,3.1653,3.3425,2,"(209, 229, 240)",85,74
8575,8575,2.1515151515151514,1.545454545454546,3.1653,3.3425,2,"(209, 229, 240)",85,75
8576,8576,2.1515151515151514,1.6060606060606064,3.1653,3.3425,2,"(209, 229, 240)",85,76
8577,8577,2.1515151515151514,1.666666666666667,3.1653,3.3425,2,"(209, 229, 240)",85,77
8578,8578,2.1515151515151514,1.7272727272727275,3.1653,3.3425,2,"(209, 229, 240)",85,78
8579,8579,2.1515151515151514,1.787878787878788,3.1653,3.3425,2,"(209, 229, 240)",85,79
8580,8580,2.1515151515151514,1.8484848484848488,3.1653,3.3425,2,"(209, 229, 240)",85,80
8581,8581,2.1515151515151514,1.9090909090909087,3.1653,3.3425,2,"(209, 229, 240)",85,81
8582,8582,2.1515151515151514,1.9696969696969695,3.1653,3.3425,2,"(209, 229, 240)",85,82
8583,8583,2.1515151515151514,2.0303030303030303,3.1653,3.3425,2,"(209, 229, 240)",85,83
8584,8584,2.1515151515151514,2.090909090909091,3.1653,3.3425,2,"(209, 229, 240)",85,84
8585,8585,2.1515151515151514,2.1515151515151514,3.1653,3.3425,2,"(209, 229, 240)",85,85
8586,8586,2.1515151515151514,2.212121212121212,3.1653,3.3425,2,"(209, 229, 240)",85,86
8587,8587,2.1515151515151514,2.2727272727272725,3.1653,3.3425,2,"(209, 229, 240)",85,87
8588,8588,2.1515151515151514,2.333333333333334,3.1653,3.3425,2,"(209, 229, 240)",85,88
8589,8589,2.1515151515151514,2.3939393939393945,3.1653,3.3425,2,"(209, 229, 240)",85,89
8590,8590,2.1515151515151514,2.454545454545455,3.1653,3.3425,2,"(209, 229, 240)",85,90
8591,8591,2.1515151515151514,2.515151515151516,3.1653,3.3425,2,"(209, 229, 240)",85,91
8592,8592,2.1515151515151514,2.575757575757576,3.1653,3.3425,2,"(209, 229, 240)",85,92
8593,8593,2.1515151515151514,2.6363636363636367,3.1653,3.3425,2,"(209, 229, 240)",85,93
8594,8594,2.1515151515151514,2.696969696969697,3.1653,3.3425,2,"(209, 229, 240)",85,94
8595,8595,2.1515151515151514,2.757575757575758,3.1653,3.3425,2,"(209, 229, 240)",85,95
8596,8596,2.1515151515151514,2.8181818181818183,3.1653,3.3425,2,"(209, 229, 240)",85,96
8597,8597,2.1515151515151514,2.878787878787879,3.1653,3.3425,2,"(209, 229, 240)",85,97
8598,8598,2.1515151515151514,2.9393939393939394,3.1653,3.3425,2,"(209, 229, 240)",85,98
8599,8599,2.1515151515151514,3.0,3.1653,3.3425,2,"(209, 229, 240)",85,99
8600,8600,2.212121212121212,-3.0,3.1653,-3.3425,0,"(214, 96, 77)",86,0
8601,8601,2.212121212121212,-2.9393939393939394,3.1653,-3.3425,0,"(214, 96, 77)",86,1
8602,8602,2.212121212121212,-2.878787878787879,3.1653,-3.3425,0,"(214, 96, 77)",86,2
8603,8603,2.212121212121212,-2.8181818181818183,3.1653,-3.3425,0,"(214, 96, 77)",86,3
8604,8604,2.212121212121212,-2.757575757575758,3.1653,-3.3425,0,"(214, 96, 77)",86,4
8605,8605,2.212121212121212,-2.696969696969697,3.1653,-3.3425,0,"(214, 96, 77)",86,5
8606,8606,2.212121212121212,-2.636363636363636,3.1653,-3.3425,0,"(214, 96, 77)",86,6
8607,8607,2.212121212121212,-2.575757575757576,3.1653,-3.3425,0,"(214, 96, 77)",86,7
8608,8608,2.212121212121212,-2.515151515151515,3.1653,-3.3425,0,"(214, 96, 77)",86,8
8609,8609,2.212121212121212,-2.4545454545454546,3.1653,-3.3425,0,"(214, 96, 77)",86,9
8610,8610,2.212121212121212,-2.393939393939394,3.1653,-3.3425,0,"(214, 96, 77)",86,10
8611,8611,2.212121212121212,-2.333333333333333,3.1653,-3.3425,0,"(214, 96, 77)",86,11
8612,8612,2.212121212121212,-2.2727272727272725,3.1653,-3.3425,0,"(214, 96, 77)",86,12
8613,8613,2.212121212121212,-2.212121212121212,3.1653,-3.3425,0,"(214, 96, 77)",86,13
8614,8614,2.212121212121212,-2.1515151515151514,3.1653,-3.3425,0,"(214, 96, 77)",86,14
8615,8615,2.212121212121212,-2.090909090909091,3.1653,-3.3425,0,"(214, 96, 77)",86,15
8616,8616,2.212121212121212,-2.0303030303030303,3.1653,-3.3425,0,"(214, 96, 77)",86,16
8617,8617,2.212121212121212,-1.9696969696969695,3.1653,-3.3425,0,"(214, 96, 77)",86,17
8618,8618,2.212121212121212,-1.9090909090909087,3.1653,-3.3425,0,"(214, 96, 77)",86,18
8619,8619,2.212121212121212,-1.8484848484848484,3.1653,-3.3425,0,"(214, 96, 77)",86,19
8620,8620,2.212121212121212,-1.7878787878787878,3.1653,-3.3425,0,"(214, 96, 77)",86,20
8621,8621,2.212121212121212,-1.7272727272727273,3.1653,-3.3425,0,"(214, 96, 77)",86,21
8622,8622,2.212121212121212,-1.6666666666666663,3.1653,-3.3425,0,"(214, 96, 77)",86,22
8623,8623,2.212121212121212,-1.606060606060606,3.1653,-3.3425,0,"(214, 96, 77)",86,23
8624,8624,2.212121212121212,-1.5454545454545454,3.1653,-3.3425,0,"(214, 96, 77)",86,24
8625,8625,2.212121212121212,-1.4848484848484849,3.1653,-3.3425,0,"(214, 96, 77)",86,25
8626,8626,2.212121212121212,-1.4242424242424243,3.1653,-3.3425,0,"(214, 96, 77)",86,26
8627,8627,2.212121212121212,-1.3636363636363635,3.1653,-3.3425,0,"(214, 96, 77)",86,27
8628,8628,2.212121212121212,-1.303030303030303,3.1653,-3.3425,0,"(214, 96, 77)",86,28
8629,8629,2.212121212121212,-1.2424242424242424,-3.2367,-3.3422,3,"(67, 147, 195)",86,29
8630,8630,2.212121212121212,-1.1818181818181817,-3.2367,3.3422,1,"(253, 219, 199)",86,30
8631,8631,2.212121212121212,-1.121212121212121,-3.2367,3.3422,1,"(253, 219, 199)",86,31
8632,8632,2.212121212121212,-1.0606060606060606,3.1653,3.3425,2,"(209, 229, 240)",86,32
8633,8633,2.212121212121212,-1.0,-3.2367,-3.3422,3,"(67, 147, 195)",86,33
8634,8634,2.212121212121212,-0.9393939393939394,-3.2367,-3.3422,3,"(67, 147, 195)",86,34
8635,8635,2.212121212121212,-0.8787878787878789,-3.2367,-3.3422,3,"(67, 147, 195)",86,35
8636,8636,2.212121212121212,-0.8181818181818183,-3.2367,-3.3422,3,"(67, 147, 195)",86,36
8637,8637,2.212121212121212,-0.7575757575757573,-3.2367,-3.3422,3,"(67, 147, 195)",86,37
8638,8638,2.212121212121212,-0.6969696969696968,-3.2367,-3.3422,3,"(67, 147, 195)",86,38
8639,8639,2.212121212121212,-0.6363636363636362,-3.2367,-3.3422,3,"(67, 147, 195)",86,39
8640,8640,2.212121212121212,-0.5757575757575757,-3.2367,-3.3422,3,"(67, 147, 195)",86,40
8641,8641,2.212121212121212,-0.5151515151515151,-3.2367,-3.3422,3,"(67, 147, 195)",86,41
8642,8642,2.212121212121212,-0.4545454545454546,-3.2367,-3.3422,3,"(67, 147, 195)",86,42
8643,8643,2.212121212121212,-0.393939393939394,-3.2367,-3.3422,3,"(67, 147, 195)",86,43
8644,8644,2.212121212121212,-0.333333333333333,-3.2367,-3.3422,3,"(67, 147, 195)",86,44
8645,8645,2.212121212121212,-0.2727272727272725,-3.2367,-3.3422,3,"(67, 147, 195)",86,45
8646,8646,2.212121212121212,-0.2121212121212119,-3.2367,-3.3422,3,"(67, 147, 195)",86,46
8647,8647,2.212121212121212,-0.1515151515151513,-3.2367,-3.3422,3,"(67, 147, 195)",86,47
8648,8648,2.212121212121212,-0.0909090909090908,-3.2367,3.3422,1,"(253, 219, 199)",86,48
8649,8649,2.212121212121212,-0.0303030303030302,3.1653,-3.3425,0,"(214, 96, 77)",86,49
8650,8650,2.212121212121212,0.0303030303030302,3.1653,3.3425,2,"(209, 229, 240)",86,50
8651,8651,2.212121212121212,0.0909090909090908,-3.2367,-3.3422,3,"(67, 147, 195)",86,51
8652,8652,2.212121212121212,0.1515151515151513,-3.2367,3.3422,1,"(253, 219, 199)",86,52
8653,8653,2.212121212121212,0.2121212121212123,-3.2367,3.3422,1,"(253, 219, 199)",86,53
8654,8654,2.212121212121212,0.2727272727272729,-3.2367,3.3422,1,"(253, 219, 199)",86,54
8655,8655,2.212121212121212,0.3333333333333335,-3.2367,3.3422,1,"(253, 219, 199)",86,55
8656,8656,2.212121212121212,0.393939393939394,-3.2367,3.3422,1,"(253, 219, 199)",86,56
8657,8657,2.212121212121212,0.4545454545454546,-3.2367,3.3422,1,"(253, 219, 199)",86,57
8658,8658,2.212121212121212,0.5151515151515151,-3.2367,3.3422,1,"(253, 219, 199)",86,58
8659,8659,2.212121212121212,0.5757575757575757,-3.2367,3.3422,1,"(253, 219, 199)",86,59
8660,8660,2.212121212121212,0.6363636363636367,-3.2367,3.3422,1,"(253, 219, 199)",86,60
8661,8661,2.212121212121212,0.6969696969696972,-3.2367,3.3422,1,"(253, 219, 199)",86,61
8662,8662,2.212121212121212,0.7575757575757578,-3.2367,3.3422,1,"(253, 219, 199)",86,62
8663,8663,2.212121212121212,0.8181818181818183,-3.2367,3.3422,1,"(253, 219, 199)",86,63
8664,8664,2.212121212121212,0.8787878787878789,-3.2367,3.3422,1,"(253, 219, 199)",86,64
8665,8665,2.212121212121212,0.9393939393939394,-3.2367,3.3422,1,"(253, 219, 199)",86,65
8666,8666,2.212121212121212,1.0,-3.2367,3.3422,1,"(253, 219, 199)",86,66
8667,8667,2.212121212121212,1.0606060606060606,3.1653,-3.3425,0,"(214, 96, 77)",86,67
8668,8668,2.212121212121212,1.121212121212121,-3.2367,-3.3422,3,"(67, 147, 195)",86,68
8669,8669,2.212121212121212,1.1818181818181817,-3.2367,-3.3422,3,"(67, 147, 195)",86,69
8670,8670,2.212121212121212,1.2424242424242422,-3.2367,3.3422,1,"(253, 219, 199)",86,70
8671,8671,2.212121212121212,1.3030303030303028,3.1653,3.3425,2,"(209, 229, 240)",86,71
8672,8672,2.212121212121212,1.363636363636363,3.1653,3.3425,2,"(209, 229, 240)",86,72
8673,8673,2.212121212121212,1.4242424242424248,3.1653,3.3425,2,"(209, 229, 240)",86,73
8674,8674,2.212121212121212,1.4848484848484853,3.1653,3.3425,2,"(209, 229, 240)",86,74
8675,8675,2.212121212121212,1.545454545454546,3.1653,3.3425,2,"(209, 229, 240)",86,75
8676,8676,2.212121212121212,1.6060606060606064,3.1653,3.3425,2,"(209, 229, 240)",86,76
8677,8677,2.212121212121212,1.666666666666667,3.1653,3.3425,2,"(209, 229, 240)",86,77
8678,8678,2.212121212121212,1.7272727272727275,3.1653,3.3425,2,"(209, 229, 240)",86,78
8679,8679,2.212121212121212,1.787878787878788,3.1653,3.3425,2,"(209, 229, 240)",86,79
8680,8680,2.212121212121212,1.8484848484848488,3.1653,3.3425,2,"(209, 229, 240)",86,80
8681,8681,2.212121212121212,1.9090909090909087,3.1653,3.3425,2,"(209, 229, 240)",86,81
8682,8682,2.212121212121212,1.9696969696969695,3.1653,3.3425,2,"(209, 229, 240)",86,82
8683,8683,2.212121212121212,2.0303030303030303,3.1653,3.3425,2,"(209, 229, 240)",86,83
8684,8684,2.212121212121212,2.090909090909091,3.1653,3.3425,2,"(209, 229, 240)",86,84
8685,8685,2.212121212121212,2.1515151515151514,3.1653,3.3425,2,"(209, 229, 240)",86,85
8686,8686,2.212121212121212,2.212121212121212,3.1653,3.3425,2,"(209, 229, 240)",86,86
8687,8687,2.212121212121212,2.2727272727272725,3.1653,3.3425,2,"(209, 229, 240)",86,87
8688,8688,2.212121212121212,2.333333333333334,3.1653,3.3425,2,"(209, 229, 240)",86,88
8689,8689,2.212121212121212,2.3939393939393945,3.1653,3.3425,2,"(209, 229, 240)",86,89
8690,8690,2.212121212121212,2.454545454545455,3.1653,3.3425,2,"(209, 229, 240)",86,90
8691,8691,2.212121212121212,2.515151515151516,3.1653,3.3425,2,"(209, 229, 240)",86,91
8692,8692,2.212121212121212,2.575757575757576,3.1653,3.3425,2,"(209, 229, 240)",86,92
8693,8693,2.212121212121212,2.6363636363636367,3.1653,3.3425,2,"(209, 229, 240)",86,93
8694,8694,2.212121212121212,2.696969696969697,3.1653,3.3425,2,"(209, 229, 240)",86,94
8695,8695,2.212121212121212,2.757575757575758,3.1653,3.3425,2,"(209, 229, 240)",86,95
8696,8696,2.212121212121212,2.8181818181818183,3.1653,3.3425,2,"(209, 229, 240)",86,96
8697,8697,2.212121212121212,2.878787878787879,3.1653,3.3425,2,"(209, 229, 240)",86,97
8698,8698,2.212121212121212,2.9393939393939394,3.1653,3.3425,2,"(209, 229, 240)",86,98
8699,8699,2.212121212121212,3.0,3.1653,3.3425,2,"(209, 229, 240)",86,99
8700,8700,2.2727272727272725,-3.0,3.1653,-3.3425,0,"(214, 96, 77)",87,0
8701,8701,2.2727272727272725,-2.9393939393939394,3.1653,-3.3425,0,"(214, 96, 77)",87,1
8702,8702,2.2727272727272725,-2.878787878787879,3.1653,-3.3425,0,"(214, 96, 77)",87,2
8703,8703,2.2727272727272725,-2.8181818181818183,3.1653,-3.3425,0,"(214, 96, 77)",87,3
8704,8704,2.2727272727272725,-2.757575757575758,3.1653,-3.3425,0,"(214, 96, 77)",87,4
8705,8705,2.2727272727272725,-2.696969696969697,3.1653,-3.3425,0,"(214, 96, 77)",87,5
8706,8706,2.2727272727272725,-2.636363636363636,3.1653,-3.3425,0,"(214, 96, 77)",87,6
8707,8707,2.2727272727272725,-2.575757575757576,3.1653,-3.3425,0,"(214, 96, 77)",87,7
8708,8708,2.2727272727272725,-2.515151515151515,3.1653,-3.3425,0,"(214, 96, 77)",87,8
8709,8709,2.2727272727272725,-2.4545454545454546,3.1653,-3.3425,0,"(214, 96, 77)",87,9
8710,8710,2.2727272727272725,-2.393939393939394,3.1653,-3.3425,0,"(214, 96, 77)",87,10
8711,8711,2.2727272727272725,-2.333333333333333,3.1653,-3.3425,0,"(214, 96, 77)",87,11
8712,8712,2.2727272727272725,-2.2727272727272725,3.1653,-3.3425,0,"(214, 96, 77)",87,12
8713,8713,2.2727272727272725,-2.212121212121212,3.1653,-3.3425,0,"(214, 96, 77)",87,13
8714,8714,2.2727272727272725,-2.1515151515151514,3.1653,-3.3425,0,"(214, 96, 77)",87,14
8715,8715,2.2727272727272725,-2.090909090909091,3.1653,-3.3425,0,"(214, 96, 77)",87,15
8716,8716,2.2727272727272725,-2.0303030303030303,3.1653,-3.3425,0,"(214, 96, 77)",87,16
8717,8717,2.2727272727272725,-1.9696969696969695,3.1653,-3.3425,0,"(214, 96, 77)",87,17
8718,8718,2.2727272727272725,-1.9090909090909087,3.1653,-3.3425,0,"(214, 96, 77)",87,18
8719,8719,2.2727272727272725,-1.8484848484848484,3.1653,-3.3425,0,"(214, 96, 77)",87,19
8720,8720,2.2727272727272725,-1.7878787878787878,3.1653,-3.3425,0,"(214, 96, 77)",87,20
8721,8721,2.2727272727272725,-1.7272727272727273,3.1653,-3.3425,0,"(214, 96, 77)",87,21
8722,8722,2.2727272727272725,-1.6666666666666663,3.1653,-3.3425,0,"(214, 96, 77)",87,22
8723,8723,2.2727272727272725,-1.606060606060606,3.1653,-3.3425,0,"(214, 96, 77)",87,23
8724,8724,2.2727272727272725,-1.5454545454545454,3.1653,-3.3425,0,"(214, 96, 77)",87,24
8725,8725,2.2727272727272725,-1.4848484848484849,3.1653,-3.3425,0,"(214, 96, 77)",87,25
8726,8726,2.2727272727272725,-1.4242424242424243,3.1653,-3.3425,0,"(214, 96, 77)",87,26
8727,8727,2.2727272727272725,-1.3636363636363635,3.1653,-3.3425,0,"(214, 96, 77)",87,27
8728,8728,2.2727272727272725,-1.303030303030303,3.1653,-3.3425,0,"(214, 96, 77)",87,28
8729,8729,2.2727272727272725,-1.2424242424242424,3.1653,3.3425,2,"(209, 229, 240)",87,29
8730,8730,2.2727272727272725,-1.1818181818181817,3.1653,3.3425,2,"(209, 229, 240)",87,30
8731,8731,2.2727272727272725,-1.121212121212121,-3.2367,3.3422,1,"(253, 219, 199)",87,31
8732,8732,2.2727272727272725,-1.0606060606060606,-3.2367,3.3422,1,"(253, 219, 199)",87,32
8733,8733,2.2727272727272725,-1.0,-3.2367,-3.3422,3,"(67, 147, 195)",87,33
8734,8734,2.2727272727272725,-0.9393939393939394,-3.2367,-3.3422,3,"(67, 147, 195)",87,34
8735,8735,2.2727272727272725,-0.8787878787878789,-3.2367,-3.3422,3,"(67, 147, 195)",87,35
8736,8736,2.2727272727272725,-0.8181818181818183,-3.2367,-3.3422,3,"(67, 147, 195)",87,36
8737,8737,2.2727272727272725,-0.7575757575757573,-3.2367,-3.3422,3,"(67, 147, 195)",87,37
8738,8738,2.2727272727272725,-0.6969696969696968,-3.2367,-3.3422,3,"(67, 147, 195)",87,38
8739,8739,2.2727272727272725,-0.6363636363636362,-3.2367,-3.3422,3,"(67, 147, 195)",87,39
8740,8740,2.2727272727272725,-0.5757575757575757,-3.2367,-3.3422,3,"(67, 147, 195)",87,40
8741,8741,2.2727272727272725,-0.5151515151515151,-3.2367,-3.3422,3,"(67, 147, 195)",87,41
8742,8742,2.2727272727272725,-0.4545454545454546,-3.2367,-3.3422,3,"(67, 147, 195)",87,42
8743,8743,2.2727272727272725,-0.393939393939394,-3.2367,-3.3422,3,"(67, 147, 195)",87,43
8744,8744,2.2727272727272725,-0.333333333333333,-3.2367,-3.3422,3,"(67, 147, 195)",87,44
8745,8745,2.2727272727272725,-0.2727272727272725,-3.2367,-3.3422,3,"(67, 147, 195)",87,45
8746,8746,2.2727272727272725,-0.2121212121212119,-3.2367,-3.3422,3,"(67, 147, 195)",87,46
8747,8747,2.2727272727272725,-0.1515151515151513,-3.2367,-3.3422,3,"(67, 147, 195)",87,47
8748,8748,2.2727272727272725,-0.0909090909090908,-3.2367,-3.3422,3,"(67, 147, 195)",87,48
8749,8749,2.2727272727272725,-0.0303030303030302,3.1653,-3.3425,0,"(214, 96, 77)",87,49
8750,8750,2.2727272727272725,0.0303030303030302,3.1653,3.3425,2,"(209, 229, 240)",87,50
8751,8751,2.2727272727272725,0.0909090909090908,-3.2367,3.3422,1,"(253, 219, 199)",87,51
8752,8752,2.2727272727272725,0.1515151515151513,-3.2367,3.3422,1,"(253, 219, 199)",87,52
8753,8753,2.2727272727272725,0.2121212121212123,-3.2367,3.3422,1,"(253, 219, 199)",87,53
8754,8754,2.2727272727272725,0.2727272727272729,-3.2367,3.3422,1,"(253, 219, 199)",87,54
8755,8755,2.2727272727272725,0.3333333333333335,-3.2367,3.3422,1,"(253, 219, 199)",87,55
8756,8756,2.2727272727272725,0.393939393939394,-3.2367,3.3422,1,"(253, 219, 199)",87,56
8757,8757,2.2727272727272725,0.4545454545454546,-3.2367,3.3422,1,"(253, 219, 199)",87,57
8758,8758,2.2727272727272725,0.5151515151515151,-3.2367,3.3422,1,"(253, 219, 199)",87,58
8759,8759,2.2727272727272725,0.5757575757575757,-3.2367,3.3422,1,"(253, 219, 199)",87,59
8760,8760,2.2727272727272725,0.6363636363636367,-3.2367,3.3422,1,"(253, 219, 199)",87,60
8761,8761,2.2727272727272725,0.6969696969696972,-3.2367,3.3422,1,"(253, 219, 199)",87,61
8762,8762,2.2727272727272725,0.7575757575757578,-3.2367,3.3422,1,"(253, 219, 199)",87,62
8763,8763,2.2727272727272725,0.8181818181818183,-3.2367,3.3422,1,"(253, 219, 199)",87,63
8764,8764,2.2727272727272725,0.8787878787878789,-3.2367,3.3422,1,"(253, 219, 199)",87,64
8765,8765,2.2727272727272725,0.9393939393939394,-3.2367,3.3422,1,"(253, 219, 199)",87,65
8766,8766,2.2727272727272725,1.0,-3.2367,3.3422,1,"(253, 219, 199)",87,66
8767,8767,2.2727272727272725,1.0606060606060606,-3.2367,-3.3422,3,"(67, 147, 195)",87,67
8768,8768,2.2727272727272725,1.121212121212121,-3.2367,-3.3422,3,"(67, 147, 195)",87,68
8769,8769,2.2727272727272725,1.1818181818181817,3.1653,-3.3425,0,"(214, 96, 77)",87,69
8770,8770,2.2727272727272725,1.2424242424242422,3.1653,-3.3425,0,"(214, 96, 77)",87,70
8771,8771,2.2727272727272725,1.3030303030303028,3.1653,3.3425,2,"(209, 229, 240)",87,71
8772,8772,2.2727272727272725,1.363636363636363,3.1653,3.3425,2,"(209, 229, 240)",87,72
8773,8773,2.2727272727272725,1.4242424242424248,3.1653,3.3425,2,"(209, 229, 240)",87,73
8774,8774,2.2727272727272725,1.4848484848484853,3.1653,3.3425,2,"(209, 229, 240)",87,74
8775,8775,2.2727272727272725,1.545454545454546,3.1653,3.3425,2,"(209, 229, 240)",87,75
8776,8776,2.2727272727272725,1.6060606060606064,3.1653,3.3425,2,"(209, 229, 240)",87,76
8777,8777,2.2727272727272725,1.666666666666667,3.1653,3.3425,2,"(209, 229, 240)",87,77
8778,8778,2.2727272727272725,1.7272727272727275,3.1653,3.3425,2,"(209, 229, 240)",87,78
8779,8779,2.2727272727272725,1.787878787878788,3.1653,3.3425,2,"(209, 229, 240)",87,79
8780,8780,2.2727272727272725,1.8484848484848488,3.1653,3.3425,2,"(209, 229, 240)",87,80
8781,8781,2.2727272727272725,1.9090909090909087,3.1653,3.3425,2,"(209, 229, 240)",87,81
8782,8782,2.2727272727272725,1.9696969696969695,3.1653,3.3425,2,"(209, 229, 240)",87,82
8783,8783,2.2727272727272725,2.0303030303030303,3.1653,3.3425,2,"(209, 229, 240)",87,83
8784,8784,2.2727272727272725,2.090909090909091,3.1653,3.3425,2,"(209, 229, 240)",87,84
8785,8785,2.2727272727272725,2.1515151515151514,3.1653,3.3425,2,"(209, 229, 240)",87,85
8786,8786,2.2727272727272725,2.212121212121212,3.1653,3.3425,2,"(209, 229, 240)",87,86
8787,8787,2.2727272727272725,2.2727272727272725,3.1653,3.3425,2,"(209, 229, 240)",87,87
8788,8788,2.2727272727272725,2.333333333333334,3.1653,3.3425,2,"(209, 229, 240)",87,88
8789,8789,2.2727272727272725,2.3939393939393945,3.1653,3.3425,2,"(209, 229, 240)",87,89
8790,8790,2.2727272727272725,2.454545454545455,3.1653,3.3425,2,"(209, 229, 240)",87,90
8791,8791,2.2727272727272725,2.515151515151516,3.1653,3.3425,2,"(209, 229, 240)",87,91
8792,8792,2.2727272727272725,2.575757575757576,3.1653,3.3425,2,"(209, 229, 240)",87,92
8793,8793,2.2727272727272725,2.6363636363636367,3.1653,3.3425,2,"(209, 229, 240)",87,93
8794,8794,2.2727272727272725,2.696969696969697,3.1653,3.3425,2,"(209, 229, 240)",87,94
8795,8795,2.2727272727272725,2.757575757575758,3.1653,3.3425,2,"(209, 229, 240)",87,95
8796,8796,2.2727272727272725,2.8181818181818183,3.1653,3.3425,2,"(209, 229, 240)",87,96
8797,8797,2.2727272727272725,2.878787878787879,3.1653,3.3425,2,"(209, 229, 240)",87,97
8798,8798,2.2727272727272725,2.9393939393939394,3.1653,3.3425,2,"(209, 229, 240)",87,98
8799,8799,2.2727272727272725,3.0,3.1653,3.3425,2,"(209, 229, 240)",87,99
8800,8800,2.333333333333334,-3.0,3.1653,-3.3425,0,"(214, 96, 77)",88,0
8801,8801,2.333333333333334,-2.9393939393939394,3.1653,-3.3425,0,"(214, 96, 77)",88,1
8802,8802,2.333333333333334,-2.878787878787879,3.1653,-3.3425,0,"(214, 96, 77)",88,2
8803,8803,2.333333333333334,-2.8181818181818183,3.1653,-3.3425,0,"(214, 96, 77)",88,3
8804,8804,2.333333333333334,-2.757575757575758,3.1653,-3.3425,0,"(214, 96, 77)",88,4
8805,8805,2.333333333333334,-2.696969696969697,3.1653,-3.3425,0,"(214, 96, 77)",88,5
8806,8806,2.333333333333334,-2.636363636363636,3.1653,-3.3425,0,"(214, 96, 77)",88,6
8807,8807,2.333333333333334,-2.575757575757576,3.1653,-3.3425,0,"(214, 96, 77)",88,7
8808,8808,2.333333333333334,-2.515151515151515,3.1653,-3.3425,0,"(214, 96, 77)",88,8
8809,8809,2.333333333333334,-2.4545454545454546,3.1653,-3.3425,0,"(214, 96, 77)",88,9
8810,8810,2.333333333333334,-2.393939393939394,3.1653,-3.3425,0,"(214, 96, 77)",88,10
8811,8811,2.333333333333334,-2.333333333333333,3.1653,-3.3425,0,"(214, 96, 77)",88,11
8812,8812,2.333333333333334,-2.2727272727272725,3.1653,-3.3425,0,"(214, 96, 77)",88,12
8813,8813,2.333333333333334,-2.212121212121212,3.1653,-3.3425,0,"(214, 96, 77)",88,13
8814,8814,2.333333333333334,-2.1515151515151514,3.1653,-3.3425,0,"(214, 96, 77)",88,14
8815,8815,2.333333333333334,-2.090909090909091,3.1653,-3.3425,0,"(214, 96, 77)",88,15
8816,8816,2.333333333333334,-2.0303030303030303,3.1653,-3.3425,0,"(214, 96, 77)",88,16
8817,8817,2.333333333333334,-1.9696969696969695,3.1653,-3.3425,0,"(214, 96, 77)",88,17
8818,8818,2.333333333333334,-1.9090909090909087,3.1653,-3.3425,0,"(214, 96, 77)",88,18
8819,8819,2.333333333333334,-1.8484848484848484,3.1653,-3.3425,0,"(214, 96, 77)",88,19
8820,8820,2.333333333333334,-1.7878787878787878,3.1653,-3.3425,0,"(214, 96, 77)",88,20
8821,8821,2.333333333333334,-1.7272727272727273,3.1653,-3.3425,0,"(214, 96, 77)",88,21
8822,8822,2.333333333333334,-1.6666666666666663,3.1653,-3.3425,0,"(214, 96, 77)",88,22
8823,8823,2.333333333333334,-1.606060606060606,3.1653,-3.3425,0,"(214, 96, 77)",88,23
8824,8824,2.333333333333334,-1.5454545454545454,3.1653,-3.3425,0,"(214, 96, 77)",88,24
8825,8825,2.333333333333334,-1.4848484848484849,3.1653,-3.3425,0,"(214, 96, 77)",88,25
8826,8826,2.333333333333334,-1.4242424242424243,3.1653,-3.3425,0,"(214, 96, 77)",88,26
8827,8827,2.333333333333334,-1.3636363636363635,3.1653,-3.3425,0,"(214, 96, 77)",88,27
8828,8828,2.333333333333334,-1.303030303030303,3.1653,-3.3425,0,"(214, 96, 77)",88,28
8829,8829,2.333333333333334,-1.2424242424242424,3.1653,3.3425,2,"(209, 229, 240)",88,29
8830,8830,2.333333333333334,-1.1818181818181817,3.1653,3.3425,2,"(209, 229, 240)",88,30
8831,8831,2.333333333333334,-1.121212121212121,-3.2367,3.3422,1,"(253, 219, 199)",88,31
8832,8832,2.333333333333334,-1.0606060606060606,-3.2367,-3.3422,3,"(67, 147, 195)",88,32
8833,8833,2.333333333333334,-1.0,-3.2367,-3.3422,3,"(67, 147, 195)",88,33
8834,8834,2.333333333333334,-0.9393939393939394,-3.2367,-3.3422,3,"(67, 147, 195)",88,34
8835,8835,2.333333333333334,-0.8787878787878789,-3.2367,-3.3422,3,"(67, 147, 195)",88,35
8836,8836,2.333333333333334,-0.8181818181818183,-3.2367,-3.3422,3,"(67, 147, 195)",88,36
8837,8837,2.333333333333334,-0.7575757575757573,-3.2367,-3.3422,3,"(67, 147, 195)",88,37
8838,8838,2.333333333333334,-0.6969696969696968,-3.2367,-3.3422,3,"(67, 147, 195)",88,38
8839,8839,2.333333333333334,-0.6363636363636362,-3.2367,-3.3422,3,"(67, 147, 195)",88,39
8840,8840,2.333333333333334,-0.5757575757575757,-3.2367,-3.3422,3,"(67, 147, 195)",88,40
8841,8841,2.333333333333334,-0.5151515151515151,-3.2367,-3.3422,3,"(67, 147, 195)",88,41
8842,8842,2.333333333333334,-0.4545454545454546,-3.2367,-3.3422,3,"(67, 147, 195)",88,42
8843,8843,2.333333333333334,-0.393939393939394,-3.2367,-3.3422,3,"(67, 147, 195)",88,43
8844,8844,2.333333333333334,-0.333333333333333,-3.2367,-3.3422,3,"(67, 147, 195)",88,44
8845,8845,2.333333333333334,-0.2727272727272725,-3.2367,-3.3422,3,"(67, 147, 195)",88,45
8846,8846,2.333333333333334,-0.2121212121212119,-3.2367,-3.3422,3,"(67, 147, 195)",88,46
8847,8847,2.333333333333334,-0.1515151515151513,-3.2367,-3.3422,3,"(67, 147, 195)",88,47
8848,8848,2.333333333333334,-0.0909090909090908,-3.2367,-3.3422,3,"(67, 147, 195)",88,48
8849,8849,2.333333333333334,-0.0303030303030302,-3.2367,-3.3422,3,"(67, 147, 195)",88,49
8850,8850,2.333333333333334,0.0303030303030302,-3.2367,3.3422,1,"(253, 219, 199)",88,50
8851,8851,2.333333333333334,0.0909090909090908,-3.2367,3.3422,1,"(253, 219, 199)",88,51
8852,8852,2.333333333333334,0.1515151515151513,-3.2367,3.3422,1,"(253, 219, 199)",88,52
8853,8853,2.333333333333334,0.2121212121212123,-3.2367,3.3422,1,"(253, 219, 199)",88,53
8854,8854,2.333333333333334,0.2727272727272729,-3.2367,3.3422,1,"(253, 219, 199)",88,54
8855,8855,2.333333333333334,0.3333333333333335,-3.2367,3.3422,1,"(253, 219, 199)",88,55
8856,8856,2.333333333333334,0.393939393939394,-3.2367,3.3422,1,"(253, 219, 199)",88,56
8857,8857,2.333333333333334,0.4545454545454546,-3.2367,3.3422,1,"(253, 219, 199)",88,57
8858,8858,2.333333333333334,0.5151515151515151,-3.2367,3.3422,1,"(253, 219, 199)",88,58
8859,8859,2.333333333333334,0.5757575757575757,-3.2367,3.3422,1,"(253, 219, 199)",88,59
8860,8860,2.333333333333334,0.6363636363636367,-3.2367,3.3422,1,"(253, 219, 199)",88,60
8861,8861,2.333333333333334,0.6969696969696972,-3.2367,3.3422,1,"(253, 219, 199)",88,61
8862,8862,2.333333333333334,0.7575757575757578,-3.2367,3.3422,1,"(253, 219, 199)",88,62
8863,8863,2.333333333333334,0.8181818181818183,-3.2367,3.3422,1,"(253, 219, 199)",88,63
8864,8864,2.333333333333334,0.8787878787878789,-3.2367,3.3422,1,"(253, 219, 199)",88,64
8865,8865,2.333333333333334,0.9393939393939394,-3.2367,3.3422,1,"(253, 219, 199)",88,65
8866,8866,2.333333333333334,1.0,-3.2367,3.3422,1,"(253, 219, 199)",88,66
8867,8867,2.333333333333334,1.0606060606060606,-3.2367,3.3422,1,"(253, 219, 199)",88,67
8868,8868,2.333333333333334,1.121212121212121,-3.2367,-3.3422,3,"(67, 147, 195)",88,68
8869,8869,2.333333333333334,1.1818181818181817,3.1653,-3.3425,0,"(214, 96, 77)",88,69
8870,8870,2.333333333333334,1.2424242424242422,3.1653,-3.3425,0,"(214, 96, 77)",88,70
8871,8871,2.333333333333334,1.3030303030303028,3.1653,3.3425,2,"(209, 229, 240)",88,71
8872,8872,2.333333333333334,1.363636363636363,3.1653,3.3425,2,"(209, 229, 240)",88,72
8873,8873,2.333333333333334,1.4242424242424248,3.1653,3.3425,2,"(209, 229, 240)",88,73
8874,8874,2.333333333333334,1.4848484848484853,3.1653,3.3425,2,"(209, 229, 240)",88,74
8875,8875,2.333333333333334,1.545454545454546,3.1653,3.3425,2,"(209, 229, 240)",88,75
8876,8876,2.333333333333334,1.6060606060606064,3.1653,3.3425,2,"(209, 229, 240)",88,76
8877,8877,2.333333333333334,1.666666666666667,3.1653,3.3425,2,"(209, 229, 240)",88,77
8878,8878,2.333333333333334,1.7272727272727275,3.1653,3.3425,2,"(209, 229, 240)",88,78
8879,8879,2.333333333333334,1.787878787878788,3.1653,3.3425,2,"(209, 229, 240)",88,79
8880,8880,2.333333333333334,1.8484848484848488,3.1653,3.3425,2,"(209, 229, 240)",88,80
8881,8881,2.333333333333334,1.9090909090909087,3.1653,3.3425,2,"(209, 229, 240)",88,81
8882,8882,2.333333333333334,1.9696969696969695,3.1653,3.3425,2,"(209, 229, 240)",88,82
8883,8883,2.333333333333334,2.0303030303030303,3.1653,3.3425,2,"(209, 229, 240)",88,83
8884,8884,2.333333333333334,2.090909090909091,3.1653,3.3425,2,"(209, 229, 240)",88,84
8885,8885,2.333333333333334,2.1515151515151514,3.1653,3.3425,2,"(209, 229, 240)",88,85
8886,8886,2.333333333333334,2.212121212121212,3.1653,3.3425,2,"(209, 229, 240)",88,86
8887,8887,2.333333333333334,2.2727272727272725,3.1653,3.3425,2,"(209, 229, 240)",88,87
8888,8888,2.333333333333334,2.333333333333334,3.1653,3.3425,2,"(209, 229, 240)",88,88
8889,8889,2.333333333333334,2.3939393939393945,3.1653,3.3425,2,"(209, 229, 240)",88,89
8890,8890,2.333333333333334,2.454545454545455,3.1653,3.3425,2,"(209, 229, 240)",88,90
8891,8891,2.333333333333334,2.515151515151516,3.1653,3.3425,2,"(209, 229, 240)",88,91
8892,8892,2.333333333333334,2.575757575757576,3.1653,3.3425,2,"(209, 229, 240)",88,92
8893,8893,2.333333333333334,2.6363636363636367,3.1653,3.3425,2,"(209, 229, 240)",88,93
8894,8894,2.333333333333334,2.696969696969697,3.1653,3.3425,2,"(209, 229, 240)",88,94
8895,8895,2.333333333333334,2.757575757575758,3.1653,3.3425,2,"(209, 229, 240)",88,95
8896,8896,2.333333333333334,2.8181818181818183,3.1653,3.3425,2,"(209, 229, 240)",88,96
8897,8897,2.333333333333334,2.878787878787879,3.1653,3.3425,2,"(209, 229, 240)",88,97
8898,8898,2.333333333333334,2.9393939393939394,3.1653,3.3425,2,"(209, 229, 240)",88,98
8899,8899,2.333333333333334,3.0,3.1653,3.3425,2,"(209, 229, 240)",88,99
8900,8900,2.3939393939393945,-3.0,3.1653,-3.3425,0,"(214, 96, 77)",89,0
8901,8901,2.3939393939393945,-2.9393939393939394,3.1653,-3.3425,0,"(214, 96, 77)",89,1
8902,8902,2.3939393939393945,-2.878787878787879,3.1653,-3.3425,0,"(214, 96, 77)",89,2
8903,8903,2.3939393939393945,-2.8181818181818183,3.1653,-3.3425,0,"(214, 96, 77)",89,3
8904,8904,2.3939393939393945,-2.757575757575758,3.1653,-3.3425,0,"(214, 96, 77)",89,4
8905,8905,2.3939393939393945,-2.696969696969697,3.1653,-3.3425,0,"(214, 96, 77)",89,5
8906,8906,2.3939393939393945,-2.636363636363636,3.1653,-3.3425,0,"(214, 96, 77)",89,6
8907,8907,2.3939393939393945,-2.575757575757576,3.1653,-3.3425,0,"(214, 96, 77)",89,7
8908,8908,2.3939393939393945,-2.515151515151515,3.1653,-3.3425,0,"(214, 96, 77)",89,8
8909,8909,2.3939393939393945,-2.4545454545454546,3.1653,-3.3425,0,"(214, 96, 77)",89,9
8910,8910,2.3939393939393945,-2.393939393939394,3.1653,-3.3425,0,"(214, 96, 77)",89,10
8911,8911,2.3939393939393945,-2.333333333333333,3.1653,-3.3425,0,"(214, 96, 77)",89,11
8912,8912,2.3939393939393945,-2.2727272727272725,3.1653,-3.3425,0,"(214, 96, 77)",89,12
8913,8913,2.3939393939393945,-2.212121212121212,3.1653,-3.3425,0,"(214, 96, 77)",89,13
8914,8914,2.3939393939393945,-2.1515151515151514,3.1653,-3.3425,0,"(214, 96, 77)",89,14
8915,8915,2.3939393939393945,-2.090909090909091,3.1653,-3.3425,0,"(214, 96, 77)",89,15
8916,8916,2.3939393939393945,-2.0303030303030303,3.1653,-3.3425,0,"(214, 96, 77)",89,16
8917,8917,2.3939393939393945,-1.9696969696969695,3.1653,-3.3425,0,"(214, 96, 77)",89,17
8918,8918,2.3939393939393945,-1.9090909090909087,3.1653,-3.3425,0,"(214, 96, 77)",89,18
8919,8919,2.3939393939393945,-1.8484848484848484,3.1653,-3.3425,0,"(214, 96, 77)",89,19
8920,8920,2.3939393939393945,-1.7878787878787878,3.1653,-3.3425,0,"(214, 96, 77)",89,20
8921,8921,2.3939393939393945,-1.7272727272727273,3.1653,-3.3425,0,"(214, 96, 77)",89,21
8922,8922,2.3939393939393945,-1.6666666666666663,3.1653,-3.3425,0,"(214, 96, 77)",89,22
8923,8923,2.3939393939393945,-1.606060606060606,3.1653,-3.3425,0,"(214, 96, 77)",89,23
8924,8924,2.3939393939393945,-1.5454545454545454,3.1653,-3.3425,0,"(214, 96, 77)",89,24
8925,8925,2.3939393939393945,-1.4848484848484849,3.1653,-3.3425,0,"(214, 96, 77)",89,25
8926,8926,2.3939393939393945,-1.4242424242424243,3.1653,-3.3425,0,"(214, 96, 77)",89,26
8927,8927,2.3939393939393945,-1.3636363636363635,3.1653,-3.3425,0,"(214, 96, 77)",89,27
8928,8928,2.3939393939393945,-1.303030303030303,3.1653,-3.3425,0,"(214, 96, 77)",89,28
8929,8929,2.3939393939393945,-1.2424242424242424,3.1653,-3.3425,0,"(214, 96, 77)",89,29
8930,8930,2.3939393939393945,-1.1818181818181817,3.1653,3.3425,2,"(209, 229, 240)",89,30
8931,8931,2.3939393939393945,-1.121212121212121,3.1653,3.3425,2,"(209, 229, 240)",89,31
8932,8932,2.3939393939393945,-1.0606060606060606,-3.2367,-3.3422,3,"(67, 147, 195)",89,32
8933,8933,2.3939393939393945,-1.0,-3.2367,-3.3422,3,"(67, 147, 195)",89,33
8934,8934,2.3939393939393945,-0.9393939393939394,-3.2367,-3.3422,3,"(67, 147, 195)",89,34
8935,8935,2.3939393939393945,-0.8787878787878789,-3.2367,-3.3422,3,"(67, 147, 195)",89,35
8936,8936,2.3939393939393945,-0.8181818181818183,-3.2367,-3.3422,3,"(67, 147, 195)",89,36
8937,8937,2.3939393939393945,-0.7575757575757573,-3.2367,-3.3422,3,"(67, 147, 195)",89,37
8938,8938,2.3939393939393945,-0.6969696969696968,-3.2367,-3.3422,3,"(67, 147, 195)",89,38
8939,8939,2.3939393939393945,-0.6363636363636362,-3.2367,-3.3422,3,"(67, 147, 195)",89,39
8940,8940,2.3939393939393945,-0.5757575757575757,-3.2367,-3.3422,3,"(67, 147, 195)",89,40
8941,8941,2.3939393939393945,-0.5151515151515151,-3.2367,-3.3422,3,"(67, 147, 195)",89,41
8942,8942,2.3939393939393945,-0.4545454545454546,-3.2367,-3.3422,3,"(67, 147, 195)",89,42
8943,8943,2.3939393939393945,-0.393939393939394,-3.2367,-3.3422,3,"(67, 147, 195)",89,43
8944,8944,2.3939393939393945,-0.333333333333333,-3.2367,-3.3422,3,"(67, 147, 195)",89,44
8945,8945,2.3939393939393945,-0.2727272727272725,-3.2367,-3.3422,3,"(67, 147, 195)",89,45
8946,8946,2.3939393939393945,-0.2121212121212119,-3.2367,-3.3422,3,"(67, 147, 195)",89,46
8947,8947,2.3939393939393945,-0.1515151515151513,-3.2367,-3.3422,3,"(67, 147, 195)",89,47
8948,8948,2.3939393939393945,-0.0909090909090908,-3.2367,-3.3422,3,"(67, 147, 195)",89,48
8949,8949,2.3939393939393945,-0.0303030303030302,3.1653,-3.3425,0,"(214, 96, 77)",89,49
8950,8950,2.3939393939393945,0.0303030303030302,3.1653,3.3425,2,"(209, 229, 240)",89,50
8951,8951,2.3939393939393945,0.0909090909090908,-3.2367,3.3422,1,"(253, 219, 199)",89,51
8952,8952,2.3939393939393945,0.1515151515151513,-3.2367,3.3422,1,"(253, 219, 199)",89,52
8953,8953,2.3939393939393945,0.2121212121212123,-3.2367,3.3422,1,"(253, 219, 199)",89,53
8954,8954,2.3939393939393945,0.2727272727272729,-3.2367,3.3422,1,"(253, 219, 199)",89,54
8955,8955,2.3939393939393945,0.3333333333333335,-3.2367,3.3422,1,"(253, 219, 199)",89,55
8956,8956,2.3939393939393945,0.393939393939394,-3.2367,3.3422,1,"(253, 219, 199)",89,56
8957,8957,2.3939393939393945,0.4545454545454546,-3.2367,3.3422,1,"(253, 219, 199)",89,57
8958,8958,2.3939393939393945,0.5151515151515151,-3.2367,3.3422,1,"(253, 219, 199)",89,58
8959,8959,2.3939393939393945,0.5757575757575757,-3.2367,3.3422,1,"(253, 219, 199)",89,59
8960,8960,2.3939393939393945,0.6363636363636367,-3.2367,3.3422,1,"(253, 219, 199)",89,60
8961,8961,2.3939393939393945,0.6969696969696972,-3.2367,3.3422,1,"(253, 219, 199)",89,61
8962,8962,2.3939393939393945,0.7575757575757578,-3.2367,3.3422,1,"(253, 219, 199)",89,62
8963,8963,2.3939393939393945,0.8181818181818183,-3.2367,3.3422,1,"(253, 219, 199)",89,63
8964,8964,2.3939393939393945,0.8787878787878789,-3.2367,3.3422,1,"(253, 219, 199)",89,64
8965,8965,2.3939393939393945,0.9393939393939394,-3.2367,3.3422,1,"(253, 219, 199)",89,65
8966,8966,2.3939393939393945,1.0,-3.2367,3.3422,1,"(253, 219, 199)",89,66
8967,8967,2.3939393939393945,1.0606060606060606,-3.2367,3.3422,1,"(253, 219, 199)",89,67
8968,8968,2.3939393939393945,1.121212121212121,3.1653,-3.3425,0,"(214, 96, 77)",89,68
8969,8969,2.3939393939393945,1.1818181818181817,3.1653,-3.3425,0,"(214, 96, 77)",89,69
8970,8970,2.3939393939393945,1.2424242424242422,3.1653,3.3425,2,"(209, 229, 240)",89,70
8971,8971,2.3939393939393945,1.3030303030303028,3.1653,3.3425,2,"(209, 229, 240)",89,71
8972,8972,2.3939393939393945,1.363636363636363,3.1653,3.3425,2,"(209, 229, 240)",89,72
8973,8973,2.3939393939393945,1.4242424242424248,3.1653,3.3425,2,"(209, 229, 240)",89,73
8974,8974,2.3939393939393945,1.4848484848484853,3.1653,3.3425,2,"(209, 229, 240)",89,74
8975,8975,2.3939393939393945,1.545454545454546,3.1653,3.3425,2,"(209, 229, 240)",89,75
8976,8976,2.3939393939393945,1.6060606060606064,3.1653,3.3425,2,"(209, 229, 240)",89,76
8977,8977,2.3939393939393945,1.666666666666667,3.1653,3.3425,2,"(209, 229, 240)",89,77
8978,8978,2.3939393939393945,1.7272727272727275,3.1653,3.3425,2,"(209, 229, 240)",89,78
8979,8979,2.3939393939393945,1.787878787878788,3.1653,3.3425,2,"(209, 229, 240)",89,79
8980,8980,2.3939393939393945,1.8484848484848488,3.1653,3.3425,2,"(209, 229, 240)",89,80
8981,8981,2.3939393939393945,1.9090909090909087,3.1653,3.3425,2,"(209, 229, 240)",89,81
8982,8982,2.3939393939393945,1.9696969696969695,3.1653,3.3425,2,"(209, 229, 240)",89,82
8983,8983,2.3939393939393945,2.0303030303030303,3.1653,3.3425,2,"(209, 229, 240)",89,83
8984,8984,2.3939393939393945,2.090909090909091,3.1653,3.3425,2,"(209, 229, 240)",89,84
8985,8985,2.3939393939393945,2.1515151515151514,3.1653,3.3425,2,"(209, 229, 240)",89,85
8986,8986,2.3939393939393945,2.212121212121212,3.1653,3.3425,2,"(209, 229, 240)",89,86
8987,8987,2.3939393939393945,2.2727272727272725,3.1653,3.3425,2,"(209, 229, 240)",89,87
8988,8988,2.3939393939393945,2.333333333333334,3.1653,3.3425,2,"(209, 229, 240)",89,88
8989,8989,2.3939393939393945,2.3939393939393945,3.1653,3.3425,2,"(209, 229, 240)",89,89
8990,8990,2.3939393939393945,2.454545454545455,3.1653,3.3425,2,"(209, 229, 240)",89,90
8991,8991,2.3939393939393945,2.515151515151516,3.1653,3.3425,2,"(209, 229, 240)",89,91
8992,8992,2.3939393939393945,2.575757575757576,3.1653,3.3425,2,"(209, 229, 240)",89,92
8993,8993,2.3939393939393945,2.6363636363636367,3.1653,3.3425,2,"(209, 229, 240)",89,93
8994,8994,2.3939393939393945,2.696969696969697,3.1653,3.3425,2,"(209, 229, 240)",89,94
8995,8995,2.3939393939393945,2.757575757575758,3.1653,3.3425,2,"(209, 229, 240)",89,95
8996,8996,2.3939393939393945,2.8181818181818183,3.1653,3.3425,2,"(209, 229, 240)",89,96
8997,8997,2.3939393939393945,2.878787878787879,3.1653,3.3425,2,"(209, 229, 240)",89,97
8998,8998,2.3939393939393945,2.9393939393939394,3.1653,3.3425,2,"(209, 229, 240)",89,98
8999,8999,2.3939393939393945,3.0,3.1653,3.3425,2,"(209, 229, 240)",89,99
9000,9000,2.454545454545455,-3.0,3.1653,-3.3425,0,"(214, 96, 77)",90,0
9001,9001,2.454545454545455,-2.9393939393939394,3.1653,-3.3425,0,"(214, 96, 77)",90,1
9002,9002,2.454545454545455,-2.878787878787879,3.1653,-3.3425,0,"(214, 96, 77)",90,2
9003,9003,2.454545454545455,-2.8181818181818183,3.1653,-3.3425,0,"(214, 96, 77)",90,3
9004,9004,2.454545454545455,-2.757575757575758,3.1653,-3.3425,0,"(214, 96, 77)",90,4
9005,9005,2.454545454545455,-2.696969696969697,3.1653,-3.3425,0,"(214, 96, 77)",90,5
9006,9006,2.454545454545455,-2.636363636363636,3.1653,-3.3425,0,"(214, 96, 77)",90,6
9007,9007,2.454545454545455,-2.575757575757576,3.1653,-3.3425,0,"(214, 96, 77)",90,7
9008,9008,2.454545454545455,-2.515151515151515,3.1653,-3.3425,0,"(214, 96, 77)",90,8
9009,9009,2.454545454545455,-2.4545454545454546,3.1653,-3.3425,0,"(214, 96, 77)",90,9
9010,9010,2.454545454545455,-2.393939393939394,3.1653,-3.3425,0,"(214, 96, 77)",90,10
9011,9011,2.454545454545455,-2.333333333333333,3.1653,-3.3425,0,"(214, 96, 77)",90,11
9012,9012,2.454545454545455,-2.2727272727272725,3.1653,-3.3425,0,"(214, 96, 77)",90,12
9013,9013,2.454545454545455,-2.212121212121212,3.1653,-3.3425,0,"(214, 96, 77)",90,13
9014,9014,2.454545454545455,-2.1515151515151514,3.1653,-3.3425,0,"(214, 96, 77)",90,14
9015,9015,2.454545454545455,-2.090909090909091,3.1653,-3.3425,0,"(214, 96, 77)",90,15
9016,9016,2.454545454545455,-2.0303030303030303,3.1653,-3.3425,0,"(214, 96, 77)",90,16
9017,9017,2.454545454545455,-1.9696969696969695,3.1653,-3.3425,0,"(214, 96, 77)",90,17
9018,9018,2.454545454545455,-1.9090909090909087,3.1653,-3.3425,0,"(214, 96, 77)",90,18
9019,9019,2.454545454545455,-1.8484848484848484,3.1653,-3.3425,0,"(214, 96, 77)",90,19
9020,9020,2.454545454545455,-1.7878787878787878,3.1653,-3.3425,0,"(214, 96, 77)",90,20
9021,9021,2.454545454545455,-1.7272727272727273,3.1653,-3.3425,0,"(214, 96, 77)",90,21
9022,9022,2.454545454545455,-1.6666666666666663,3.1653,-3.3425,0,"(214, 96, 77)",90,22
9023,9023,2.454545454545455,-1.606060606060606,3.1653,-3.3425,0,"(214, 96, 77)",90,23
9024,9024,2.454545454545455,-1.5454545454545454,3.1653,-3.3425,0,"(214, 96, 77)",90,24
9025,9025,2.454545454545455,-1.4848484848484849,3.1653,-3.3425,0,"(214, 96, 77)",90,25
9026,9026,2.454545454545455,-1.4242424242424243,3.1653,-3.3425,0,"(214, 96, 77)",90,26
9027,9027,2.454545454545455,-1.3636363636363635,3.1653,-3.3425,0,"(214, 96, 77)",90,27
9028,9028,2.454545454545455,-1.303030303030303,-3.2367,-3.3422,3,"(67, 147, 195)",90,28
9029,9029,2.454545454545455,-1.2424242424242424,-3.2367,-3.3422,3,"(67, 147, 195)",90,29
9030,9030,2.454545454545455,-1.1818181818181817,-3.2367,-3.3422,3,"(67, 147, 195)",90,30
9031,9031,2.454545454545455,-1.121212121212121,3.1653,-3.3425,0,"(214, 96, 77)",90,31
9032,9032,2.454545454545455,-1.0606060606060606,3.1653,-3.3425,0,"(214, 96, 77)",90,32
9033,9033,2.454545454545455,-1.0,3.1653,-3.3425,0,"(214, 96, 77)",90,33
9034,9034,2.454545454545455,-0.9393939393939394,-3.2367,-3.3422,3,"(67, 147, 195)",90,34
9035,9035,2.454545454545455,-0.8787878787878789,-3.2367,-3.3422,3,"(67, 147, 195)",90,35
9036,9036,2.454545454545455,-0.8181818181818183,-3.2367,-3.3422,3,"(67, 147, 195)",90,36
9037,9037,2.454545454545455,-0.7575757575757573,-3.2367,-3.3422,3,"(67, 147, 195)",90,37
9038,9038,2.454545454545455,-0.6969696969696968,-3.2367,-3.3422,3,"(67, 147, 195)",90,38
9039,9039,2.454545454545455,-0.6363636363636362,-3.2367,-3.3422,3,"(67, 147, 195)",90,39
9040,9040,2.454545454545455,-0.5757575757575757,-3.2367,-3.3422,3,"(67, 147, 195)",90,40
9041,9041,2.454545454545455,-0.5151515151515151,-3.2367,-3.3422,3,"(67, 147, 195)",90,41
9042,9042,2.454545454545455,-0.4545454545454546,-3.2367,-3.3422,3,"(67, 147, 195)",90,42
9043,9043,2.454545454545455,-0.393939393939394,-3.2367,-3.3422,3,"(67, 147, 195)",90,43
9044,9044,2.454545454545455,-0.333333333333333,-3.2367,-3.3422,3,"(67, 147, 195)",90,44
9045,9045,2.454545454545455,-0.2727272727272725,-3.2367,-3.3422,3,"(67, 147, 195)",90,45
9046,9046,2.454545454545455,-0.2121212121212119,-3.2367,-3.3422,3,"(67, 147, 195)",90,46
9047,9047,2.454545454545455,-0.1515151515151513,-3.2367,-3.3422,3,"(67, 147, 195)",90,47
9048,9048,2.454545454545455,-0.0909090909090908,3.1653,-3.3425,0,"(214, 96, 77)",90,48
9049,9049,2.454545454545455,-0.0303030303030302,3.1653,-3.3425,0,"(214, 96, 77)",90,49
9050,9050,2.454545454545455,0.0303030303030302,3.1653,3.3425,2,"(209, 229, 240)",90,50
9051,9051,2.454545454545455,0.0909090909090908,3.1653,3.3425,2,"(209, 229, 240)",90,51
9052,9052,2.454545454545455,0.1515151515151513,-3.2367,3.3422,1,"(253, 219, 199)",90,52
9053,9053,2.454545454545455,0.2121212121212123,-3.2367,3.3422,1,"(253, 219, 199)",90,53
9054,9054,2.454545454545455,0.2727272727272729,-3.2367,3.3422,1,"(253, 219, 199)",90,54
9055,9055,2.454545454545455,0.3333333333333335,-3.2367,3.3422,1,"(253, 219, 199)",90,55
9056,9056,2.454545454545455,0.393939393939394,-3.2367,3.3422,1,"(253, 219, 199)",90,56
9057,9057,2.454545454545455,0.4545454545454546,-3.2367,3.3422,1,"(253, 219, 199)",90,57
9058,9058,2.454545454545455,0.5151515151515151,-3.2367,3.3422,1,"(253, 219, 199)",90,58
9059,9059,2.454545454545455,0.5757575757575757,-3.2367,3.3422,1,"(253, 219, 199)",90,59
9060,9060,2.454545454545455,0.6363636363636367,-3.2367,3.3422,1,"(253, 219, 199)",90,60
9061,9061,2.454545454545455,0.6969696969696972,-3.2367,3.3422,1,"(253, 219, 199)",90,61
9062,9062,2.454545454545455,0.7575757575757578,-3.2367,3.3422,1,"(253, 219, 199)",90,62
9063,9063,2.454545454545455,0.8181818181818183,-3.2367,3.3422,1,"(253, 219, 199)",90,63
9064,9064,2.454545454545455,0.8787878787878789,-3.2367,3.3422,1,"(253, 219, 199)",90,64
9065,9065,2.454545454545455,0.9393939393939394,-3.2367,3.3422,1,"(253, 219, 199)",90,65
9066,9066,2.454545454545455,1.0,3.1653,3.3425,2,"(209, 229, 240)",90,66
9067,9067,2.454545454545455,1.0606060606060606,3.1653,3.3425,2,"(209, 229, 240)",90,67
9068,9068,2.454545454545455,1.121212121212121,3.1653,3.3425,2,"(209, 229, 240)",90,68
9069,9069,2.454545454545455,1.1818181818181817,-3.2367,3.3422,1,"(253, 219, 199)",90,69
9070,9070,2.454545454545455,1.2424242424242422,-3.2367,3.3422,1,"(253, 219, 199)",90,70
9071,9071,2.454545454545455,1.3030303030303028,-3.2367,3.3422,1,"(253, 219, 199)",90,71
9072,9072,2.454545454545455,1.363636363636363,3.1653,3.3425,2,"(209, 229, 240)",90,72
9073,9073,2.454545454545455,1.4242424242424248,3.1653,3.3425,2,"(209, 229, 240)",90,73
9074,9074,2.454545454545455,1.4848484848484853,3.1653,3.3425,2,"(209, 229, 240)",90,74
9075,9075,2.454545454545455,1.545454545454546,3.1653,3.3425,2,"(209, 229, 240)",90,75
9076,9076,2.454545454545455,1.6060606060606064,3.1653,3.3425,2,"(209, 229, 240)",90,76
9077,9077,2.454545454545455,1.666666666666667,3.1653,3.3425,2,"(209, 229, 240)",90,77
9078,9078,2.454545454545455,1.7272727272727275,3.1653,3.3425,2,"(209, 229, 240)",90,78
9079,9079,2.454545454545455,1.787878787878788,3.1653,3.3425,2,"(209, 229, 240)",90,79
9080,9080,2.454545454545455,1.8484848484848488,3.1653,3.3425,2,"(209, 229, 240)",90,80
9081,9081,2.454545454545455,1.9090909090909087,3.1653,3.3425,2,"(209, 229, 240)",90,81
9082,9082,2.454545454545455,1.9696969696969695,3.1653,3.3425,2,"(209, 229, 240)",90,82
9083,9083,2.454545454545455,2.0303030303030303,3.1653,3.3425,2,"(209, 229, 240)",90,83
9084,9084,2.454545454545455,2.090909090909091,3.1653,3.3425,2,"(209, 229, 240)",90,84
9085,9085,2.454545454545455,2.1515151515151514,3.1653,3.3425,2,"(209, 229, 240)",90,85
9086,9086,2.454545454545455,2.212121212121212,3.1653,3.3425,2,"(209, 229, 240)",90,86
9087,9087,2.454545454545455,2.2727272727272725,3.1653,3.3425,2,"(209, 229, 240)",90,87
9088,9088,2.454545454545455,2.333333333333334,3.1653,3.3425,2,"(209, 229, 240)",90,88
9089,9089,2.454545454545455,2.3939393939393945,3.1653,3.3425,2,"(209, 229, 240)",90,89
9090,9090,2.454545454545455,2.454545454545455,3.1653,3.3425,2,"(209, 229, 240)",90,90
9091,9091,2.454545454545455,2.515151515151516,3.1653,3.3425,2,"(209, 229, 240)",90,91
9092,9092,2.454545454545455,2.575757575757576,3.1653,3.3425,2,"(209, 229, 240)",90,92
9093,9093,2.454545454545455,2.6363636363636367,3.1653,3.3425,2,"(209, 229, 240)",90,93
9094,9094,2.454545454545455,2.696969696969697,3.1653,3.3425,2,"(209, 229, 240)",90,94
9095,9095,2.454545454545455,2.757575757575758,3.1653,3.3425,2,"(209, 229, 240)",90,95
9096,9096,2.454545454545455,2.8181818181818183,3.1653,3.3425,2,"(209, 229, 240)",90,96
9097,9097,2.454545454545455,2.878787878787879,3.1653,3.3425,2,"(209, 229, 240)",90,97
9098,9098,2.454545454545455,2.9393939393939394,3.1653,3.3425,2,"(209, 229, 240)",90,98
9099,9099,2.454545454545455,3.0,3.1653,3.3425,2,"(209, 229, 240)",90,99
9100,9100,2.515151515151516,-3.0,3.1653,-3.3425,0,"(214, 96, 77)",91,0
9101,9101,2.515151515151516,-2.9393939393939394,3.1653,-3.3425,0,"(214, 96, 77)",91,1
9102,9102,2.515151515151516,-2.878787878787879,3.1653,-3.3425,0,"(214, 96, 77)",91,2
9103,9103,2.515151515151516,-2.8181818181818183,3.1653,-3.3425,0,"(214, 96, 77)",91,3
9104,9104,2.515151515151516,-2.757575757575758,3.1653,-3.3425,0,"(214, 96, 77)",91,4
9105,9105,2.515151515151516,-2.696969696969697,3.1653,-3.3425,0,"(214, 96, 77)",91,5
9106,9106,2.515151515151516,-2.636363636363636,3.1653,-3.3425,0,"(214, 96, 77)",91,6
9107,9107,2.515151515151516,-2.575757575757576,3.1653,-3.3425,0,"(214, 96, 77)",91,7
9108,9108,2.515151515151516,-2.515151515151515,3.1653,-3.3425,0,"(214, 96, 77)",91,8
9109,9109,2.515151515151516,-2.4545454545454546,3.1653,-3.3425,0,"(214, 96, 77)",91,9
9110,9110,2.515151515151516,-2.393939393939394,3.1653,-3.3425,0,"(214, 96, 77)",91,10
9111,9111,2.515151515151516,-2.333333333333333,3.1653,-3.3425,0,"(214, 96, 77)",91,11
9112,9112,2.515151515151516,-2.2727272727272725,3.1653,-3.3425,0,"(214, 96, 77)",91,12
9113,9113,2.515151515151516,-2.212121212121212,3.1653,-3.3425,0,"(214, 96, 77)",91,13
9114,9114,2.515151515151516,-2.1515151515151514,3.1653,-3.3425,0,"(214, 96, 77)",91,14
9115,9115,2.515151515151516,-2.090909090909091,3.1653,-3.3425,0,"(214, 96, 77)",91,15
9116,9116,2.515151515151516,-2.0303030303030303,3.1653,-3.3425,0,"(214, 96, 77)",91,16
9117,9117,2.515151515151516,-1.9696969696969695,3.1653,-3.3425,0,"(214, 96, 77)",91,17
9118,9118,2.515151515151516,-1.9090909090909087,3.1653,-3.3425,0,"(214, 96, 77)",91,18
9119,9119,2.515151515151516,-1.8484848484848484,3.1653,-3.3425,0,"(214, 96, 77)",91,19
9120,9120,2.515151515151516,-1.7878787878787878,3.1653,-3.3425,0,"(214, 96, 77)",91,20
9121,9121,2.515151515151516,-1.7272727272727273,3.1653,-3.3425,0,"(214, 96, 77)",91,21
9122,9122,2.515151515151516,-1.6666666666666663,3.1653,-3.3425,0,"(214, 96, 77)",91,22
9123,9123,2.515151515151516,-1.606060606060606,3.1653,-3.3425,0,"(214, 96, 77)",91,23
9124,9124,2.515151515151516,-1.5454545454545454,3.1653,-3.3425,0,"(214, 96, 77)",91,24
9125,9125,2.515151515151516,-1.4848484848484849,3.1653,-3.3425,0,"(214, 96, 77)",91,25
9126,9126,2.515151515151516,-1.4242424242424243,3.1653,-3.3425,0,"(214, 96, 77)",91,26
9127,9127,2.515151515151516,-1.3636363636363635,3.1653,-3.3425,0,"(214, 96, 77)",91,27
9128,9128,2.515151515151516,-1.303030303030303,-3.2367,-3.3422,3,"(67, 147, 195)",91,28
9129,9129,2.515151515151516,-1.2424242424242424,3.1653,-3.3425,0,"(214, 96, 77)",91,29
9130,9130,2.515151515151516,-1.1818181818181817,-3.2367,3.3422,1,"(253, 219, 199)",91,30
9131,9131,2.515151515151516,-1.121212121212121,-3.2367,3.3422,1,"(253, 219, 199)",91,31
9132,9132,2.515151515151516,-1.0606060606060606,3.1653,3.3425,2,"(209, 229, 240)",91,32
9133,9133,2.515151515151516,-1.0,-3.2367,3.3422,1,"(253, 219, 199)",91,33
9134,9134,2.515151515151516,-0.9393939393939394,-3.2367,-3.3422,3,"(67, 147, 195)",91,34
9135,9135,2.515151515151516,-0.8787878787878789,-3.2367,-3.3422,3,"(67, 147, 195)",91,35
9136,9136,2.515151515151516,-0.8181818181818183,-3.2367,-3.3422,3,"(67, 147, 195)",91,36
9137,9137,2.515151515151516,-0.7575757575757573,-3.2367,-3.3422,3,"(67, 147, 195)",91,37
9138,9138,2.515151515151516,-0.6969696969696968,-3.2367,-3.3422,3,"(67, 147, 195)",91,38
9139,9139,2.515151515151516,-0.6363636363636362,-3.2367,-3.3422,3,"(67, 147, 195)",91,39
9140,9140,2.515151515151516,-0.5757575757575757,-3.2367,-3.3422,3,"(67, 147, 195)",91,40
9141,9141,2.515151515151516,-0.5151515151515151,-3.2367,-3.3422,3,"(67, 147, 195)",91,41
9142,9142,2.515151515151516,-0.4545454545454546,-3.2367,-3.3422,3,"(67, 147, 195)",91,42
9143,9143,2.515151515151516,-0.393939393939394,-3.2367,-3.3422,3,"(67, 147, 195)",91,43
9144,9144,2.515151515151516,-0.333333333333333,-3.2367,-3.3422,3,"(67, 147, 195)",91,44
9145,9145,2.515151515151516,-0.2727272727272725,-3.2367,-3.3422,3,"(67, 147, 195)",91,45
9146,9146,2.515151515151516,-0.2121212121212119,-3.2367,-3.3422,3,"(67, 147, 195)",91,46
9147,9147,2.515151515151516,-0.1515151515151513,-3.2367,-3.3422,3,"(67, 147, 195)",91,47
9148,9148,2.515151515151516,-0.0909090909090908,-3.2367,3.3422,1,"(253, 219, 199)",91,48
9149,9149,2.515151515151516,-0.0303030303030302,3.1653,-3.3425,0,"(214, 96, 77)",91,49
9150,9150,2.515151515151516,0.0303030303030302,3.1653,3.3425,2,"(209, 229, 240)",91,50
9151,9151,2.515151515151516,0.0909090909090908,-3.2367,-3.3422,3,"(67, 147, 195)",91,51
9152,9152,2.515151515151516,0.1515151515151513,-3.2367,3.3422,1,"(253, 219, 199)",91,52
9153,9153,2.515151515151516,0.2121212121212123,-3.2367,3.3422,1,"(253, 219, 199)",91,53
9154,9154,2.515151515151516,0.2727272727272729,-3.2367,3.3422,1,"(253, 219, 199)",91,54
9155,9155,2.515151515151516,0.3333333333333335,-3.2367,3.3422,1,"(253, 219, 199)",91,55
9156,9156,2.515151515151516,0.393939393939394,-3.2367,3.3422,1,"(253, 219, 199)",91,56
9157,9157,2.515151515151516,0.4545454545454546,-3.2367,3.3422,1,"(253, 219, 199)",91,57
9158,9158,2.515151515151516,0.5151515151515151,-3.2367,3.3422,1,"(253, 219, 199)",91,58
9159,9159,2.515151515151516,0.5757575757575757,-3.2367,3.3422,1,"(253, 219, 199)",91,59
9160,9160,2.515151515151516,0.6363636363636367,-3.2367,3.3422,1,"(253, 219, 199)",91,60
9161,9161,2.515151515151516,0.6969696969696972,-3.2367,3.3422,1,"(253, 219, 199)",91,61
9162,9162,2.515151515151516,0.7575757575757578,-3.2367,3.3422,1,"(253, 219, 199)",91,62
9163,9163,2.515151515151516,0.8181818181818183,-3.2367,3.3422,1,"(253, 219, 199)",91,63
9164,9164,2.515151515151516,0.8787878787878789,-3.2367,3.3422,1,"(253, 219, 199)",91,64
9165,9165,2.515151515151516,0.9393939393939394,-3.2367,3.3422,1,"(253, 219, 199)",91,65
9166,9166,2.515151515151516,1.0,-3.2367,-3.3422,3,"(67, 147, 195)",91,66
9167,9167,2.515151515151516,1.0606060606060606,3.1653,-3.3425,0,"(214, 96, 77)",91,67
9168,9168,2.515151515151516,1.121212121212121,-3.2367,-3.3422,3,"(67, 147, 195)",91,68
9169,9169,2.515151515151516,1.1818181818181817,-3.2367,-3.3422,3,"(67, 147, 195)",91,69
9170,9170,2.515151515151516,1.2424242424242422,3.1653,3.3425,2,"(209, 229, 240)",91,70
9171,9171,2.515151515151516,1.3030303030303028,-3.2367,3.3422,1,"(253, 219, 199)",91,71
9172,9172,2.515151515151516,1.363636363636363,3.1653,3.3425,2,"(209, 229, 240)",91,72
9173,9173,2.515151515151516,1.4242424242424248,3.1653,3.3425,2,"(209, 229, 240)",91,73
9174,9174,2.515151515151516,1.4848484848484853,3.1653,3.3425,2,"(209, 229, 240)",91,74
9175,9175,2.515151515151516,1.545454545454546,3.1653,3.3425,2,"(209, 229, 240)",91,75
9176,9176,2.515151515151516,1.6060606060606064,3.1653,3.3425,2,"(209, 229, 240)",91,76
9177,9177,2.515151515151516,1.666666666666667,3.1653,3.3425,2,"(209, 229, 240)",91,77
9178,9178,2.515151515151516,1.7272727272727275,3.1653,3.3425,2,"(209, 229, 240)",91,78
9179,9179,2.515151515151516,1.787878787878788,3.1653,3.3425,2,"(209, 229, 240)",91,79
9180,9180,2.515151515151516,1.8484848484848488,3.1653,3.3425,2,"(209, 229, 240)",91,80
9181,9181,2.515151515151516,1.9090909090909087,3.1653,3.3425,2,"(209, 229, 240)",91,81
9182,9182,2.515151515151516,1.9696969696969695,3.1653,3.3425,2,"(209, 229, 240)",91,82
9183,9183,2.515151515151516,2.0303030303030303,3.1653,3.3425,2,"(209, 229, 240)",91,83
9184,9184,2.515151515151516,2.090909090909091,3.1653,3.3425,2,"(209, 229, 240)",91,84
9185,9185,2.515151515151516,2.1515151515151514,3.1653,3.3425,2,"(209, 229, 240)",91,85
9186,9186,2.515151515151516,2.212121212121212,3.1653,3.3425,2,"(209, 229, 240)",91,86
9187,9187,2.515151515151516,2.2727272727272725,3.1653,3.3425,2,"(209, 229, 240)",91,87
9188,9188,2.515151515151516,2.333333333333334,3.1653,3.3425,2,"(209, 229, 240)",91,88
9189,9189,2.515151515151516,2.3939393939393945,3.1653,3.3425,2,"(209, 229, 240)",91,89
9190,9190,2.515151515151516,2.454545454545455,3.1653,3.3425,2,"(209, 229, 240)",91,90
9191,9191,2.515151515151516,2.515151515151516,3.1653,3.3425,2,"(209, 229, 240)",91,91
9192,9192,2.515151515151516,2.575757575757576,3.1653,3.3425,2,"(209, 229, 240)",91,92
9193,9193,2.515151515151516,2.6363636363636367,3.1653,3.3425,2,"(209, 229, 240)",91,93
9194,9194,2.515151515151516,2.696969696969697,3.1653,3.3425,2,"(209, 229, 240)",91,94
9195,9195,2.515151515151516,2.757575757575758,3.1653,3.3425,2,"(209, 229, 240)",91,95
9196,9196,2.515151515151516,2.8181818181818183,3.1653,3.3425,2,"(209, 229, 240)",91,96
9197,9197,2.515151515151516,2.878787878787879,3.1653,3.3425,2,"(209, 229, 240)",91,97
9198,9198,2.515151515151516,2.9393939393939394,3.1653,3.3425,2,"(209, 229, 240)",91,98
9199,9199,2.515151515151516,3.0,3.1653,3.3425,2,"(209, 229, 240)",91,99
9200,9200,2.575757575757576,-3.0,3.1653,-3.3425,0,"(214, 96, 77)",92,0
9201,9201,2.575757575757576,-2.9393939393939394,3.1653,-3.3425,0,"(214, 96, 77)",92,1
9202,9202,2.575757575757576,-2.878787878787879,3.1653,-3.3425,0,"(214, 96, 77)",92,2
9203,9203,2.575757575757576,-2.8181818181818183,3.1653,-3.3425,0,"(214, 96, 77)",92,3
9204,9204,2.575757575757576,-2.757575757575758,3.1653,-3.3425,0,"(214, 96, 77)",92,4
9205,9205,2.575757575757576,-2.696969696969697,3.1653,-3.3425,0,"(214, 96, 77)",92,5
9206,9206,2.575757575757576,-2.636363636363636,3.1653,-3.3425,0,"(214, 96, 77)",92,6
9207,9207,2.575757575757576,-2.575757575757576,3.1653,-3.3425,0,"(214, 96, 77)",92,7
9208,9208,2.575757575757576,-2.515151515151515,3.1653,-3.3425,0,"(214, 96, 77)",92,8
9209,9209,2.575757575757576,-2.4545454545454546,3.1653,-3.3425,0,"(214, 96, 77)",92,9
9210,9210,2.575757575757576,-2.393939393939394,3.1653,-3.3425,0,"(214, 96, 77)",92,10
9211,9211,2.575757575757576,-2.333333333333333,3.1653,-3.3425,0,"(214, 96, 77)",92,11
9212,9212,2.575757575757576,-2.2727272727272725,3.1653,-3.3425,0,"(214, 96, 77)",92,12
9213,9213,2.575757575757576,-2.212121212121212,3.1653,-3.3425,0,"(214, 96, 77)",92,13
9214,9214,2.575757575757576,-2.1515151515151514,3.1653,-3.3425,0,"(214, 96, 77)",92,14
9215,9215,2.575757575757576,-2.090909090909091,3.1653,-3.3425,0,"(214, 96, 77)",92,15
9216,9216,2.575757575757576,-2.0303030303030303,3.1653,-3.3425,0,"(214, 96, 77)",92,16
9217,9217,2.575757575757576,-1.9696969696969695,3.1653,-3.3425,0,"(214, 96, 77)",92,17
9218,9218,2.575757575757576,-1.9090909090909087,3.1653,-3.3425,0,"(214, 96, 77)",92,18
9219,9219,2.575757575757576,-1.8484848484848484,3.1653,-3.3425,0,"(214, 96, 77)",92,19
9220,9220,2.575757575757576,-1.7878787878787878,3.1653,-3.3425,0,"(214, 96, 77)",92,20
9221,9221,2.575757575757576,-1.7272727272727273,3.1653,-3.3425,0,"(214, 96, 77)",92,21
9222,9222,2.575757575757576,-1.6666666666666663,3.1653,-3.3425,0,"(214, 96, 77)",92,22
9223,9223,2.575757575757576,-1.606060606060606,3.1653,-3.3425,0,"(214, 96, 77)",92,23
9224,9224,2.575757575757576,-1.5454545454545454,3.1653,-3.3425,0,"(214, 96, 77)",92,24
9225,9225,2.575757575757576,-1.4848484848484849,3.1653,-3.3425,0,"(214, 96, 77)",92,25
9226,9226,2.575757575757576,-1.4242424242424243,3.1653,-3.3425,0,"(214, 96, 77)",92,26
9227,9227,2.575757575757576,-1.3636363636363635,3.1653,-3.3425,0,"(214, 96, 77)",92,27
9228,9228,2.575757575757576,-1.303030303030303,3.1653,3.3425,2,"(209, 229, 240)",92,28
9229,9229,2.575757575757576,-1.2424242424242424,3.1653,3.3425,2,"(209, 229, 240)",92,29
9230,9230,2.575757575757576,-1.1818181818181817,3.1653,3.3425,2,"(209, 229, 240)",92,30
9231,9231,2.575757575757576,-1.121212121212121,-3.2367,-3.3422,3,"(67, 147, 195)",92,31
9232,9232,2.575757575757576,-1.0606060606060606,-3.2367,3.3422,1,"(253, 219, 199)",92,32
9233,9233,2.575757575757576,-1.0,-3.2367,-3.3422,3,"(67, 147, 195)",92,33
9234,9234,2.575757575757576,-0.9393939393939394,-3.2367,-3.3422,3,"(67, 147, 195)",92,34
9235,9235,2.575757575757576,-0.8787878787878789,-3.2367,-3.3422,3,"(67, 147, 195)",92,35
9236,9236,2.575757575757576,-0.8181818181818183,-3.2367,-3.3422,3,"(67, 147, 195)",92,36
9237,9237,2.575757575757576,-0.7575757575757573,-3.2367,-3.3422,3,"(67, 147, 195)",92,37
9238,9238,2.575757575757576,-0.6969696969696968,-3.2367,-3.3422,3,"(67, 147, 195)",92,38
9239,9239,2.575757575757576,-0.6363636363636362,-3.2367,-3.3422,3,"(67, 147, 195)",92,39
9240,9240,2.575757575757576,-0.5757575757575757,-3.2367,-3.3422,3,"(67, 147, 195)",92,40
9241,9241,2.575757575757576,-0.5151515151515151,-3.2367,-3.3422,3,"(67, 147, 195)",92,41
9242,9242,2.575757575757576,-0.4545454545454546,-3.2367,-3.3422,3,"(67, 147, 195)",92,42
9243,9243,2.575757575757576,-0.393939393939394,-3.2367,-3.3422,3,"(67, 147, 195)",92,43
9244,9244,2.575757575757576,-0.333333333333333,-3.2367,-3.3422,3,"(67, 147, 195)",92,44
9245,9245,2.575757575757576,-0.2727272727272725,-3.2367,-3.3422,3,"(67, 147, 195)",92,45
9246,9246,2.575757575757576,-0.2121212121212119,-3.2367,-3.3422,3,"(67, 147, 195)",92,46
9247,9247,2.575757575757576,-0.1515151515151513,-3.2367,-3.3422,3,"(67, 147, 195)",92,47
9248,9248,2.575757575757576,-0.0909090909090908,-3.2367,-3.3422,3,"(67, 147, 195)",92,48
9249,9249,2.575757575757576,-0.0303030303030302,3.1653,-3.3425,0,"(214, 96, 77)",92,49
9250,9250,2.575757575757576,0.0303030303030302,3.1653,3.3425,2,"(209, 229, 240)",92,50
9251,9251,2.575757575757576,0.0909090909090908,-3.2367,3.3422,1,"(253, 219, 199)",92,51
9252,9252,2.575757575757576,0.1515151515151513,-3.2367,3.3422,1,"(253, 219, 199)",92,52
9253,9253,2.575757575757576,0.2121212121212123,-3.2367,3.3422,1,"(253, 219, 199)",92,53
9254,9254,2.575757575757576,0.2727272727272729,-3.2367,3.3422,1,"(253, 219, 199)",92,54
9255,9255,2.575757575757576,0.3333333333333335,-3.2367,3.3422,1,"(253, 219, 199)",92,55
9256,9256,2.575757575757576,0.393939393939394,-3.2367,3.3422,1,"(253, 219, 199)",92,56
9257,9257,2.575757575757576,0.4545454545454546,-3.2367,3.3422,1,"(253, 219, 199)",92,57
9258,9258,2.575757575757576,0.5151515151515151,-3.2367,3.3422,1,"(253, 219, 199)",92,58
9259,9259,2.575757575757576,0.5757575757575757,-3.2367,3.3422,1,"(253, 219, 199)",92,59
9260,9260,2.575757575757576,0.6363636363636367,-3.2367,3.3422,1,"(253, 219, 199)",92,60
9261,9261,2.575757575757576,0.6969696969696972,-3.2367,3.3422,1,"(253, 219, 199)",92,61
9262,9262,2.575757575757576,0.7575757575757578,-3.2367,3.3422,1,"(253, 219, 199)",92,62
9263,9263,2.575757575757576,0.8181818181818183,-3.2367,3.3422,1,"(253, 219, 199)",92,63
9264,9264,2.575757575757576,0.8787878787878789,-3.2367,3.3422,1,"(253, 219, 199)",92,64
9265,9265,2.575757575757576,0.9393939393939394,-3.2367,3.3422,1,"(253, 219, 199)",92,65
9266,9266,2.575757575757576,1.0,-3.2367,3.3422,1,"(253, 219, 199)",92,66
9267,9267,2.575757575757576,1.0606060606060606,-3.2367,-3.3422,3,"(67, 147, 195)",92,67
9268,9268,2.575757575757576,1.121212121212121,-3.2367,3.3422,1,"(253, 219, 199)",92,68
9269,9269,2.575757575757576,1.1818181818181817,3.1653,-3.3425,0,"(214, 96, 77)",92,69
9270,9270,2.575757575757576,1.2424242424242422,3.1653,-3.3425,0,"(214, 96, 77)",92,70
9271,9271,2.575757575757576,1.3030303030303028,3.1653,-3.3425,0,"(214, 96, 77)",92,71
9272,9272,2.575757575757576,1.363636363636363,3.1653,3.3425,2,"(209, 229, 240)",92,72
9273,9273,2.575757575757576,1.4242424242424248,3.1653,3.3425,2,"(209, 229, 240)",92,73
9274,9274,2.575757575757576,1.4848484848484853,3.1653,3.3425,2,"(209, 229, 240)",92,74
9275,9275,2.575757575757576,1.545454545454546,3.1653,3.3425,2,"(209, 229, 240)",92,75
9276,9276,2.575757575757576,1.6060606060606064,3.1653,3.3425,2,"(209, 229, 240)",92,76
9277,9277,2.575757575757576,1.666666666666667,3.1653,3.3425,2,"(209, 229, 240)",92,77
9278,9278,2.575757575757576,1.7272727272727275,3.1653,3.3425,2,"(209, 229, 240)",92,78
9279,9279,2.575757575757576,1.787878787878788,3.1653,3.3425,2,"(209, 229, 240)",92,79
9280,9280,2.575757575757576,1.8484848484848488,3.1653,3.3425,2,"(209, 229, 240)",92,80
9281,9281,2.575757575757576,1.9090909090909087,3.1653,3.3425,2,"(209, 229, 240)",92,81
9282,9282,2.575757575757576,1.9696969696969695,3.1653,3.3425,2,"(209, 229, 240)",92,82
9283,9283,2.575757575757576,2.0303030303030303,3.1653,3.3425,2,"(209, 229, 240)",92,83
9284,9284,2.575757575757576,2.090909090909091,3.1653,3.3425,2,"(209, 229, 240)",92,84
9285,9285,2.575757575757576,2.1515151515151514,3.1653,3.3425,2,"(209, 229, 240)",92,85
9286,9286,2.575757575757576,2.212121212121212,3.1653,3.3425,2,"(209, 229, 240)",92,86
9287,9287,2.575757575757576,2.2727272727272725,3.1653,3.3425,2,"(209, 229, 240)",92,87
9288,9288,2.575757575757576,2.333333333333334,3.1653,3.3425,2,"(209, 229, 240)",92,88
9289,9289,2.575757575757576,2.3939393939393945,3.1653,3.3425,2,"(209, 229, 240)",92,89
9290,9290,2.575757575757576,2.454545454545455,3.1653,3.3425,2,"(209, 229, 240)",92,90
9291,9291,2.575757575757576,2.515151515151516,3.1653,3.3425,2,"(209, 229, 240)",92,91
9292,9292,2.575757575757576,2.575757575757576,3.1653,3.3425,2,"(209, 229, 240)",92,92
9293,9293,2.575757575757576,2.6363636363636367,3.1653,3.3425,2,"(209, 229, 240)",92,93
9294,9294,2.575757575757576,2.696969696969697,3.1653,3.3425,2,"(209, 229, 240)",92,94
9295,9295,2.575757575757576,2.757575757575758,3.1653,3.3425,2,"(209, 229, 240)",92,95
9296,9296,2.575757575757576,2.8181818181818183,3.1653,3.3425,2,"(209, 229, 240)",92,96
9297,9297,2.575757575757576,2.878787878787879,3.1653,3.3425,2,"(209, 229, 240)",92,97
9298,9298,2.575757575757576,2.9393939393939394,3.1653,3.3425,2,"(209, 229, 240)",92,98
9299,9299,2.575757575757576,3.0,3.1653,3.3425,2,"(209, 229, 240)",92,99
9300,9300,2.6363636363636367,-3.0,3.1653,-3.3425,0,"(214, 96, 77)",93,0
9301,9301,2.6363636363636367,-2.9393939393939394,3.1653,-3.3425,0,"(214, 96, 77)",93,1
9302,9302,2.6363636363636367,-2.878787878787879,3.1653,-3.3425,0,"(214, 96, 77)",93,2
9303,9303,2.6363636363636367,-2.8181818181818183,3.1653,-3.3425,0,"(214, 96, 77)",93,3
9304,9304,2.6363636363636367,-2.757575757575758,3.1653,-3.3425,0,"(214, 96, 77)",93,4
9305,9305,2.6363636363636367,-2.696969696969697,3.1653,-3.3425,0,"(214, 96, 77)",93,5
9306,9306,2.6363636363636367,-2.636363636363636,3.1653,-3.3425,0,"(214, 96, 77)",93,6
9307,9307,2.6363636363636367,-2.575757575757576,3.1653,-3.3425,0,"(214, 96, 77)",93,7
9308,9308,2.6363636363636367,-2.515151515151515,3.1653,-3.3425,0,"(214, 96, 77)",93,8
9309,9309,2.6363636363636367,-2.4545454545454546,3.1653,-3.3425,0,"(214, 96, 77)",93,9
9310,9310,2.6363636363636367,-2.393939393939394,3.1653,-3.3425,0,"(214, 96, 77)",93,10
9311,9311,2.6363636363636367,-2.333333333333333,3.1653,-3.3425,0,"(214, 96, 77)",93,11
9312,9312,2.6363636363636367,-2.2727272727272725,3.1653,-3.3425,0,"(214, 96, 77)",93,12
9313,9313,2.6363636363636367,-2.212121212121212,3.1653,-3.3425,0,"(214, 96, 77)",93,13
9314,9314,2.6363636363636367,-2.1515151515151514,3.1653,-3.3425,0,"(214, 96, 77)",93,14
9315,9315,2.6363636363636367,-2.090909090909091,3.1653,-3.3425,0,"(214, 96, 77)",93,15
9316,9316,2.6363636363636367,-2.0303030303030303,3.1653,-3.3425,0,"(214, 96, 77)",93,16
9317,9317,2.6363636363636367,-1.9696969696969695,3.1653,-3.3425,0,"(214, 96, 77)",93,17
9318,9318,2.6363636363636367,-1.9090909090909087,3.1653,-3.3425,0,"(214, 96, 77)",93,18
9319,9319,2.6363636363636367,-1.8484848484848484,3.1653,-3.3425,0,"(214, 96, 77)",93,19
9320,9320,2.6363636363636367,-1.7878787878787878,3.1653,-3.3425,0,"(214, 96, 77)",93,20
9321,9321,2.6363636363636367,-1.7272727272727273,3.1653,-3.3425,0,"(214, 96, 77)",93,21
9322,9322,2.6363636363636367,-1.6666666666666663,3.1653,-3.3425,0,"(214, 96, 77)",93,22
9323,9323,2.6363636363636367,-1.606060606060606,3.1653,-3.3425,0,"(214, 96, 77)",93,23
9324,9324,2.6363636363636367,-1.5454545454545454,3.1653,-3.3425,0,"(214, 96, 77)",93,24
9325,9325,2.6363636363636367,-1.4848484848484849,3.1653,-3.3425,0,"(214, 96, 77)",93,25
9326,9326,2.6363636363636367,-1.4242424242424243,3.1653,-3.3425,0,"(214, 96, 77)",93,26
9327,9327,2.6363636363636367,-1.3636363636363635,3.1653,-3.3425,0,"(214, 96, 77)",93,27
9328,9328,2.6363636363636367,-1.303030303030303,-3.2367,-3.3422,3,"(67, 147, 195)",93,28
9329,9329,2.6363636363636367,-1.2424242424242424,3.1653,3.3425,2,"(209, 229, 240)",93,29
9330,9330,2.6363636363636367,-1.1818181818181817,3.1653,3.3425,2,"(209, 229, 240)",93,30
9331,9331,2.6363636363636367,-1.121212121212121,3.1653,3.3425,2,"(209, 229, 240)",93,31
9332,9332,2.6363636363636367,-1.0606060606060606,-3.2367,3.3422,1,"(253, 219, 199)",93,32
9333,9333,2.6363636363636367,-1.0,-3.2367,3.3422,1,"(253, 219, 199)",93,33
9334,9334,2.6363636363636367,-0.9393939393939394,-3.2367,-3.3422,3,"(67, 147, 195)",93,34
9335,9335,2.6363636363636367,-0.8787878787878789,-3.2367,-3.3422,3,"(67, 147, 195)",93,35
9336,9336,2.6363636363636367,-0.8181818181818183,-3.2367,-3.3422,3,"(67, 147, 195)",93,36
9337,9337,2.6363636363636367,-0.7575757575757573,-3.2367,-3.3422,3,"(67, 147, 195)",93,37
9338,9338,2.6363636363636367,-0.6969696969696968,-3.2367,-3.3422,3,"(67, 147, 195)",93,38
9339,9339,2.6363636363636367,-0.6363636363636362,-3.2367,-3.3422,3,"(67, 147, 195)",93,39
9340,9340,2.6363636363636367,-0.5757575757575757,-3.2367,-3.3422,3,"(67, 147, 195)",93,40
9341,9341,2.6363636363636367,-0.5151515151515151,-3.2367,-3.3422,3,"(67, 147, 195)",93,41
9342,9342,2.6363636363636367,-0.4545454545454546,-3.2367,-3.3422,3,"(67, 147, 195)",93,42
9343,9343,2.6363636363636367,-0.393939393939394,-3.2367,-3.3422,3,"(67, 147, 195)",93,43
9344,9344,2.6363636363636367,-0.333333333333333,-3.2367,-3.3422,3,"(67, 147, 195)",93,44
9345,9345,2.6363636363636367,-0.2727272727272725,-3.2367,-3.3422,3,"(67, 147, 195)",93,45
9346,9346,2.6363636363636367,-0.2121212121212119,-3.2367,-3.3422,3,"(67, 147, 195)",93,46
9347,9347,2.6363636363636367,-0.1515151515151513,-3.2367,3.3422,1,"(253, 219, 199)",93,47
9348,9348,2.6363636363636367,-0.0909090909090908,-3.2367,3.3422,1,"(253, 219, 199)",93,48
9349,9349,2.6363636363636367,-0.0303030303030302,3.1653,3.3425,2,"(209, 229, 240)",93,49
9350,9350,2.6363636363636367,0.0303030303030302,3.1653,-3.3425,0,"(214, 96, 77)",93,50
9351,9351,2.6363636363636367,0.0909090909090908,-3.2367,-3.3422,3,"(67, 147, 195)",93,51
9352,9352,2.6363636363636367,0.1515151515151513,-3.2367,-3.3422,3,"(67, 147, 195)",93,52
9353,9353,2.6363636363636367,0.2121212121212123,-3.2367,3.3422,1,"(253, 219, 199)",93,53
9354,9354,2.6363636363636367,0.2727272727272729,-3.2367,3.3422,1,"(253, 219, 199)",93,54
9355,9355,2.6363636363636367,0.3333333333333335,-3.2367,3.3422,1,"(253, 219, 199)",93,55
9356,9356,2.6363636363636367,0.393939393939394,-3.2367,3.3422,1,"(253, 219, 199)",93,56
9357,9357,2.6363636363636367,0.4545454545454546,-3.2367,3.3422,1,"(253, 219, 199)",93,57
9358,9358,2.6363636363636367,0.5151515151515151,-3.2367,3.3422,1,"(253, 219, 199)",93,58
9359,9359,2.6363636363636367,0.5757575757575757,-3.2367,3.3422,1,"(253, 219, 199)",93,59
9360,9360,2.6363636363636367,0.6363636363636367,-3.2367,3.3422,1,"(253, 219, 199)",93,60
9361,9361,2.6363636363636367,0.6969696969696972,-3.2367,3.3422,1,"(253, 219, 199)",93,61
9362,9362,2.6363636363636367,0.7575757575757578,-3.2367,3.3422,1,"(253, 219, 199)",93,62
9363,9363,2.6363636363636367,0.8181818181818183,-3.2367,3.3422,1,"(253, 219, 199)",93,63
9364,9364,2.6363636363636367,0.8787878787878789,-3.2367,3.3422,1,"(253, 219, 199)",93,64
9365,9365,2.6363636363636367,0.9393939393939394,-3.2367,3.3422,1,"(253, 219, 199)",93,65
9366,9366,2.6363636363636367,1.0,-3.2367,-3.3422,3,"(67, 147, 195)",93,66
9367,9367,2.6363636363636367,1.0606060606060606,-3.2367,-3.3422,3,"(67, 147, 195)",93,67
9368,9368,2.6363636363636367,1.121212121212121,3.1653,-3.3425,0,"(214, 96, 77)",93,68
9369,9369,2.6363636363636367,1.1818181818181817,3.1653,-3.3425,0,"(214, 96, 77)",93,69
9370,9370,2.6363636363636367,1.2424242424242422,3.1653,-3.3425,0,"(214, 96, 77)",93,70
9371,9371,2.6363636363636367,1.3030303030303028,-3.2367,3.3422,1,"(253, 219, 199)",93,71
9372,9372,2.6363636363636367,1.363636363636363,3.1653,3.3425,2,"(209, 229, 240)",93,72
9373,9373,2.6363636363636367,1.4242424242424248,3.1653,3.3425,2,"(209, 229, 240)",93,73
9374,9374,2.6363636363636367,1.4848484848484853,3.1653,3.3425,2,"(209, 229, 240)",93,74
9375,9375,2.6363636363636367,1.545454545454546,3.1653,3.3425,2,"(209, 229, 240)",93,75
9376,9376,2.6363636363636367,1.6060606060606064,3.1653,3.3425,2,"(209, 229, 240)",93,76
9377,9377,2.6363636363636367,1.666666666666667,3.1653,3.3425,2,"(209, 229, 240)",93,77
9378,9378,2.6363636363636367,1.7272727272727275,3.1653,3.3425,2,"(209, 229, 240)",93,78
9379,9379,2.6363636363636367,1.787878787878788,3.1653,3.3425,2,"(209, 229, 240)",93,79
9380,9380,2.6363636363636367,1.8484848484848488,3.1653,3.3425,2,"(209, 229, 240)",93,80
9381,9381,2.6363636363636367,1.9090909090909087,3.1653,3.3425,2,"(209, 229, 240)",93,81
9382,9382,2.6363636363636367,1.9696969696969695,3.1653,3.3425,2,"(209, 229, 240)",93,82
9383,9383,2.6363636363636367,2.0303030303030303,3.1653,3.3425,2,"(209, 229, 240)",93,83
9384,9384,2.6363636363636367,2.090909090909091,3.1653,3.3425,2,"(209, 229, 240)",93,84
9385,9385,2.6363636363636367,2.1515151515151514,3.1653,3.3425,2,"(209, 229, 240)",93,85
9386,9386,2.6363636363636367,2.212121212121212,3.1653,3.3425,2,"(209, 229, 240)",93,86
9387,9387,2.6363636363636367,2.2727272727272725,3.1653,3.3425,2,"(209, 229, 240)",93,87
9388,9388,2.6363636363636367,2.333333333333334,3.1653,3.3425,2,"(209, 229, 240)",93,88
9389,9389,2.6363636363636367,2.3939393939393945,3.1653,3.3425,2,"(209, 229, 240)",93,89
9390,9390,2.6363636363636367,2.454545454545455,3.1653,3.3425,2,"(209, 229, 240)",93,90
9391,9391,2.6363636363636367,2.515151515151516,3.1653,3.3425,2,"(209, 229, 240)",93,91
9392,9392,2.6363636363636367,2.575757575757576,3.1653,3.3425,2,"(209, 229, 240)",93,92
9393,9393,2.6363636363636367,2.6363636363636367,3.1653,3.3425,2,"(209, 229, 240)",93,93
9394,9394,2.6363636363636367,2.696969696969697,3.1653,3.3425,2,"(209, 229, 240)",93,94
9395,9395,2.6363636363636367,2.757575757575758,3.1653,3.3425,2,"(209, 229, 240)",93,95
9396,9396,2.6363636363636367,2.8181818181818183,3.1653,3.3425,2,"(209, 229, 240)",93,96
9397,9397,2.6363636363636367,2.878787878787879,3.1653,3.3425,2,"(209, 229, 240)",93,97
9398,9398,2.6363636363636367,2.9393939393939394,3.1653,3.3425,2,"(209, 229, 240)",93,98
9399,9399,2.6363636363636367,3.0,3.1653,3.3425,2,"(209, 229, 240)",93,99
9400,9400,2.696969696969697,-3.0,3.1653,-3.3425,0,"(214, 96, 77)",94,0
9401,9401,2.696969696969697,-2.9393939393939394,3.1653,-3.3425,0,"(214, 96, 77)",94,1
9402,9402,2.696969696969697,-2.878787878787879,3.1653,-3.3425,0,"(214, 96, 77)",94,2
9403,9403,2.696969696969697,-2.8181818181818183,3.1653,-3.3425,0,"(214, 96, 77)",94,3
9404,9404,2.696969696969697,-2.757575757575758,3.1653,-3.3425,0,"(214, 96, 77)",94,4
9405,9405,2.696969696969697,-2.696969696969697,3.1653,-3.3425,0,"(214, 96, 77)",94,5
9406,9406,2.696969696969697,-2.636363636363636,3.1653,-3.3425,0,"(214, 96, 77)",94,6
9407,9407,2.696969696969697,-2.575757575757576,3.1653,-3.3425,0,"(214, 96, 77)",94,7
9408,9408,2.696969696969697,-2.515151515151515,3.1653,-3.3425,0,"(214, 96, 77)",94,8
9409,9409,2.696969696969697,-2.4545454545454546,3.1653,-3.3425,0,"(214, 96, 77)",94,9
9410,9410,2.696969696969697,-2.393939393939394,3.1653,-3.3425,0,"(214, 96, 77)",94,10
9411,9411,2.696969696969697,-2.333333333333333,3.1653,-3.3425,0,"(214, 96, 77)",94,11
9412,9412,2.696969696969697,-2.2727272727272725,3.1653,-3.3425,0,"(214, 96, 77)",94,12
9413,9413,2.696969696969697,-2.212121212121212,3.1653,-3.3425,0,"(214, 96, 77)",94,13
9414,9414,2.696969696969697,-2.1515151515151514,3.1653,-3.3425,0,"(214, 96, 77)",94,14
9415,9415,2.696969696969697,-2.090909090909091,3.1653,-3.3425,0,"(214, 96, 77)",94,15
9416,9416,2.696969696969697,-2.0303030303030303,3.1653,-3.3425,0,"(214, 96, 77)",94,16
9417,9417,2.696969696969697,-1.9696969696969695,3.1653,-3.3425,0,"(214, 96, 77)",94,17
9418,9418,2.696969696969697,-1.9090909090909087,3.1653,-3.3425,0,"(214, 96, 77)",94,18
9419,9419,2.696969696969697,-1.8484848484848484,3.1653,-3.3425,0,"(214, 96, 77)",94,19
9420,9420,2.696969696969697,-1.7878787878787878,3.1653,-3.3425,0,"(214, 96, 77)",94,20
9421,9421,2.696969696969697,-1.7272727272727273,3.1653,-3.3425,0,"(214, 96, 77)",94,21
9422,9422,2.696969696969697,-1.6666666666666663,3.1653,-3.3425,0,"(214, 96, 77)",94,22
9423,9423,2.696969696969697,-1.606060606060606,3.1653,-3.3425,0,"(214, 96, 77)",94,23
9424,9424,2.696969696969697,-1.5454545454545454,3.1653,-3.3425,0,"(214, 96, 77)",94,24
9425,9425,2.696969696969697,-1.4848484848484849,3.1653,-3.3425,0,"(214, 96, 77)",94,25
9426,9426,2.696969696969697,-1.4242424242424243,3.1653,-3.3425,0,"(214, 96, 77)",94,26
9427,9427,2.696969696969697,-1.3636363636363635,3.1653,-3.3425,0,"(214, 96, 77)",94,27
9428,9428,2.696969696969697,-1.303030303030303,3.1653,-3.3425,0,"(214, 96, 77)",94,28
9429,9429,2.696969696969697,-1.2424242424242424,3.1653,3.3425,2,"(209, 229, 240)",94,29
9430,9430,2.696969696969697,-1.1818181818181817,3.1653,3.3425,2,"(209, 229, 240)",94,30
9431,9431,2.696969696969697,-1.121212121212121,3.1653,3.3425,2,"(209, 229, 240)",94,31
9432,9432,2.696969696969697,-1.0606060606060606,-3.2367,3.3422,1,"(253, 219, 199)",94,32
9433,9433,2.696969696969697,-1.0,-3.2367,3.3422,1,"(253, 219, 199)",94,33
9434,9434,2.696969696969697,-0.9393939393939394,-3.2367,-3.3422,3,"(67, 147, 195)",94,34
9435,9435,2.696969696969697,-0.8787878787878789,-3.2367,-3.3422,3,"(67, 147, 195)",94,35
9436,9436,2.696969696969697,-0.8181818181818183,-3.2367,-3.3422,3,"(67, 147, 195)",94,36
9437,9437,2.696969696969697,-0.7575757575757573,-3.2367,-3.3422,3,"(67, 147, 195)",94,37
9438,9438,2.696969696969697,-0.6969696969696968,-3.2367,-3.3422,3,"(67, 147, 195)",94,38
9439,9439,2.696969696969697,-0.6363636363636362,-3.2367,-3.3422,3,"(67, 147, 195)",94,39
9440,9440,2.696969696969697,-0.5757575757575757,-3.2367,-3.3422,3,"(67, 147, 195)",94,40
9441,9441,2.696969696969697,-0.5151515151515151,-3.2367,-3.3422,3,"(67, 147, 195)",94,41
9442,9442,2.696969696969697,-0.4545454545454546,-3.2367,-3.3422,3,"(67, 147, 195)",94,42
9443,9443,2.696969696969697,-0.393939393939394,-3.2367,-3.3422,3,"(67, 147, 195)",94,43
9444,9444,2.696969696969697,-0.333333333333333,-3.2367,-3.3422,3,"(67, 147, 195)",94,44
9445,9445,2.696969696969697,-0.2727272727272725,-3.2367,-3.3422,3,"(67, 147, 195)",94,45
9446,9446,2.696969696969697,-0.2121212121212119,-3.2367,-3.3422,3,"(67, 147, 195)",94,46
9447,9447,2.696969696969697,-0.1515151515151513,-3.2367,3.3422,1,"(253, 219, 199)",94,47
9448,9448,2.696969696969697,-0.0909090909090908,3.1653,-3.3425,0,"(214, 96, 77)",94,48
9449,9449,2.696969696969697,-0.0303030303030302,-3.2367,-3.3422,3,"(67, 147, 195)",94,49
9450,9450,2.696969696969697,0.0303030303030302,-3.2367,3.3422,1,"(253, 219, 199)",94,50
9451,9451,2.696969696969697,0.0909090909090908,3.1653,3.3425,2,"(209, 229, 240)",94,51
9452,9452,2.696969696969697,0.1515151515151513,-3.2367,-3.3422,3,"(67, 147, 195)",94,52
9453,9453,2.696969696969697,0.2121212121212123,-3.2367,3.3422,1,"(253, 219, 199)",94,53
9454,9454,2.696969696969697,0.2727272727272729,-3.2367,3.3422,1,"(253, 219, 199)",94,54
9455,9455,2.696969696969697,0.3333333333333335,-3.2367,3.3422,1,"(253, 219, 199)",94,55
9456,9456,2.696969696969697,0.393939393939394,-3.2367,3.3422,1,"(253, 219, 199)",94,56
9457,9457,2.696969696969697,0.4545454545454546,-3.2367,3.3422,1,"(253, 219, 199)",94,57
9458,9458,2.696969696969697,0.5151515151515151,-3.2367,3.3422,1,"(253, 219, 199)",94,58
9459,9459,2.696969696969697,0.5757575757575757,-3.2367,3.3422,1,"(253, 219, 199)",94,59
9460,9460,2.696969696969697,0.6363636363636367,-3.2367,3.3422,1,"(253, 219, 199)",94,60
9461,9461,2.696969696969697,0.6969696969696972,-3.2367,3.3422,1,"(253, 219, 199)",94,61
9462,9462,2.696969696969697,0.7575757575757578,-3.2367,3.3422,1,"(253, 219, 199)",94,62
9463,9463,2.696969696969697,0.8181818181818183,-3.2367,3.3422,1,"(253, 219, 199)",94,63
9464,9464,2.696969696969697,0.8787878787878789,-3.2367,3.3422,1,"(253, 219, 199)",94,64
9465,9465,2.696969696969697,0.9393939393939394,-3.2367,3.3422,1,"(253, 219, 199)",94,65
9466,9466,2.696969696969697,1.0,-3.2367,-3.3422,3,"(67, 147, 195)",94,66
9467,9467,2.696969696969697,1.0606060606060606,-3.2367,-3.3422,3,"(67, 147, 195)",94,67
9468,9468,2.696969696969697,1.121212121212121,3.1653,-3.3425,0,"(214, 96, 77)",94,68
9469,9469,2.696969696969697,1.1818181818181817,3.1653,-3.3425,0,"(214, 96, 77)",94,69
9470,9470,2.696969696969697,1.2424242424242422,3.1653,-3.3425,0,"(214, 96, 77)",94,70
9471,9471,2.696969696969697,1.3030303030303028,3.1653,3.3425,2,"(209, 229, 240)",94,71
9472,9472,2.696969696969697,1.363636363636363,3.1653,3.3425,2,"(209, 229, 240)",94,72
9473,9473,2.696969696969697,1.4242424242424248,3.1653,3.3425,2,"(209, 229, 240)",94,73
9474,9474,2.696969696969697,1.4848484848484853,3.1653,3.3425,2,"(209, 229, 240)",94,74
9475,9475,2.696969696969697,1.545454545454546,3.1653,3.3425,2,"(209, 229, 240)",94,75
9476,9476,2.696969696969697,1.6060606060606064,3.1653,3.3425,2,"(209, 229, 240)",94,76
9477,9477,2.696969696969697,1.666666666666667,3.1653,3.3425,2,"(209, 229, 240)",94,77
9478,9478,2.696969696969697,1.7272727272727275,3.1653,3.3425,2,"(209, 229, 240)",94,78
9479,9479,2.696969696969697,1.787878787878788,3.1653,3.3425,2,"(209, 229, 240)",94,79
9480,9480,2.696969696969697,1.8484848484848488,3.1653,3.3425,2,"(209, 229, 240)",94,80
9481,9481,2.696969696969697,1.9090909090909087,3.1653,3.3425,2,"(209, 229, 240)",94,81
9482,9482,2.696969696969697,1.9696969696969695,3.1653,3.3425,2,"(209, 229, 240)",94,82
9483,9483,2.696969696969697,2.0303030303030303,3.1653,3.3425,2,"(209, 229, 240)",94,83
9484,9484,2.696969696969697,2.090909090909091,3.1653,3.3425,2,"(209, 229, 240)",94,84
9485,9485,2.696969696969697,2.1515151515151514,3.1653,3.3425,2,"(209, 229, 240)",94,85
9486,9486,2.696969696969697,2.212121212121212,3.1653,3.3425,2,"(209, 229, 240)",94,86
9487,9487,2.696969696969697,2.2727272727272725,3.1653,3.3425,2,"(209, 229, 240)",94,87
9488,9488,2.696969696969697,2.333333333333334,3.1653,3.3425,2,"(209, 229, 240)",94,88
9489,9489,2.696969696969697,2.3939393939393945,3.1653,3.3425,2,"(209, 229, 240)",94,89
9490,9490,2.696969696969697,2.454545454545455,3.1653,3.3425,2,"(209, 229, 240)",94,90
9491,9491,2.696969696969697,2.515151515151516,3.1653,3.3425,2,"(209, 229, 240)",94,91
9492,9492,2.696969696969697,2.575757575757576,3.1653,3.3425,2,"(209, 229, 240)",94,92
9493,9493,2.696969696969697,2.6363636363636367,3.1653,3.3425,2,"(209, 229, 240)",94,93
9494,9494,2.696969696969697,2.696969696969697,3.1653,3.3425,2,"(209, 229, 240)",94,94
9495,9495,2.696969696969697,2.757575757575758,3.1653,3.3425,2,"(209, 229, 240)",94,95
9496,9496,2.696969696969697,2.8181818181818183,3.1653,3.3425,2,"(209, 229, 240)",94,96
9497,9497,2.696969696969697,2.878787878787879,3.1653,3.3425,2,"(209, 229, 240)",94,97
9498,9498,2.696969696969697,2.9393939393939394,3.1653,3.3425,2,"(209, 229, 240)",94,98
9499,9499,2.696969696969697,3.0,3.1653,3.3425,2,"(209, 229, 240)",94,99
9500,9500,2.757575757575758,-3.0,3.1653,-3.3425,0,"(214, 96, 77)",95,0
9501,9501,2.757575757575758,-2.9393939393939394,3.1653,-3.3425,0,"(214, 96, 77)",95,1
9502,9502,2.757575757575758,-2.878787878787879,3.1653,-3.3425,0,"(214, 96, 77)",95,2
9503,9503,2.757575757575758,-2.8181818181818183,3.1653,-3.3425,0,"(214, 96, 77)",95,3
9504,9504,2.757575757575758,-2.757575757575758,3.1653,-3.3425,0,"(214, 96, 77)",95,4
9505,9505,2.757575757575758,-2.696969696969697,3.1653,-3.3425,0,"(214, 96, 77)",95,5
9506,9506,2.757575757575758,-2.636363636363636,3.1653,-3.3425,0,"(214, 96, 77)",95,6
9507,9507,2.757575757575758,-2.575757575757576,3.1653,-3.3425,0,"(214, 96, 77)",95,7
9508,9508,2.757575757575758,-2.515151515151515,3.1653,-3.3425,0,"(214, 96, 77)",95,8
9509,9509,2.757575757575758,-2.4545454545454546,3.1653,-3.3425,0,"(214, 96, 77)",95,9
9510,9510,2.757575757575758,-2.393939393939394,3.1653,-3.3425,0,"(214, 96, 77)",95,10
9511,9511,2.757575757575758,-2.333333333333333,3.1653,-3.3425,0,"(214, 96, 77)",95,11
9512,9512,2.757575757575758,-2.2727272727272725,3.1653,-3.3425,0,"(214, 96, 77)",95,12
9513,9513,2.757575757575758,-2.212121212121212,3.1653,-3.3425,0,"(214, 96, 77)",95,13
9514,9514,2.757575757575758,-2.1515151515151514,3.1653,-3.3425,0,"(214, 96, 77)",95,14
9515,9515,2.757575757575758,-2.090909090909091,3.1653,-3.3425,0,"(214, 96, 77)",95,15
9516,9516,2.757575757575758,-2.0303030303030303,3.1653,-3.3425,0,"(214, 96, 77)",95,16
9517,9517,2.757575757575758,-1.9696969696969695,3.1653,-3.3425,0,"(214, 96, 77)",95,17
9518,9518,2.757575757575758,-1.9090909090909087,3.1653,-3.3425,0,"(214, 96, 77)",95,18
9519,9519,2.757575757575758,-1.8484848484848484,3.1653,-3.3425,0,"(214, 96, 77)",95,19
9520,9520,2.757575757575758,-1.7878787878787878,3.1653,-3.3425,0,"(214, 96, 77)",95,20
9521,9521,2.757575757575758,-1.7272727272727273,3.1653,-3.3425,0,"(214, 96, 77)",95,21
9522,9522,2.757575757575758,-1.6666666666666663,3.1653,-3.3425,0,"(214, 96, 77)",95,22
9523,9523,2.757575757575758,-1.606060606060606,3.1653,-3.3425,0,"(214, 96, 77)",95,23
9524,9524,2.757575757575758,-1.5454545454545454,3.1653,-3.3425,0,"(214, 96, 77)",95,24
9525,9525,2.757575757575758,-1.4848484848484849,3.1653,-3.3425,0,"(214, 96, 77)",95,25
9526,9526,2.757575757575758,-1.4242424242424243,3.1653,-3.3425,0,"(214, 96, 77)",95,26
9527,9527,2.757575757575758,-1.3636363636363635,3.1653,-3.3425,0,"(214, 96, 77)",95,27
9528,9528,2.757575757575758,-1.303030303030303,3.1653,-3.3425,0,"(214, 96, 77)",95,28
9529,9529,2.757575757575758,-1.2424242424242424,-3.2367,-3.3422,3,"(67, 147, 195)",95,29
9530,9530,2.757575757575758,-1.1818181818181817,3.1653,3.3425,2,"(209, 229, 240)",95,30
9531,9531,2.757575757575758,-1.121212121212121,3.1653,3.3425,2,"(209, 229, 240)",95,31
9532,9532,2.757575757575758,-1.0606060606060606,-3.2367,3.3422,1,"(253, 219, 199)",95,32
9533,9533,2.757575757575758,-1.0,3.1653,3.3425,2,"(209, 229, 240)",95,33
9534,9534,2.757575757575758,-0.9393939393939394,-3.2367,-3.3422,3,"(67, 147, 195)",95,34
9535,9535,2.757575757575758,-0.8787878787878789,-3.2367,-3.3422,3,"(67, 147, 195)",95,35
9536,9536,2.757575757575758,-0.8181818181818183,3.1653,-3.3425,0,"(214, 96, 77)",95,36
9537,9537,2.757575757575758,-0.7575757575757573,-3.2367,-3.3422,3,"(67, 147, 195)",95,37
9538,9538,2.757575757575758,-0.6969696969696968,-3.2367,-3.3422,3,"(67, 147, 195)",95,38
9539,9539,2.757575757575758,-0.6363636363636362,-3.2367,-3.3422,3,"(67, 147, 195)",95,39
9540,9540,2.757575757575758,-0.5757575757575757,-3.2367,-3.3422,3,"(67, 147, 195)",95,40
9541,9541,2.757575757575758,-0.5151515151515151,-3.2367,-3.3422,3,"(67, 147, 195)",95,41
9542,9542,2.757575757575758,-0.4545454545454546,-3.2367,-3.3422,3,"(67, 147, 195)",95,42
9543,9543,2.757575757575758,-0.393939393939394,-3.2367,-3.3422,3,"(67, 147, 195)",95,43
9544,9544,2.757575757575758,-0.333333333333333,-3.2367,-3.3422,3,"(67, 147, 195)",95,44
9545,9545,2.757575757575758,-0.2727272727272725,-3.2367,-3.3422,3,"(67, 147, 195)",95,45
9546,9546,2.757575757575758,-0.2121212121212119,-3.2367,3.3422,1,"(253, 219, 199)",95,46
9547,9547,2.757575757575758,-0.1515151515151513,3.1653,-3.3425,0,"(214, 96, 77)",95,47
9548,9548,2.757575757575758,-0.0909090909090908,3.1653,-3.3425,0,"(214, 96, 77)",95,48
9549,9549,2.757575757575758,-0.0303030303030302,3.1653,3.3425,2,"(209, 229, 240)",95,49
9550,9550,2.757575757575758,0.0303030303030302,3.1653,-3.3425,0,"(214, 96, 77)",95,50
9551,9551,2.757575757575758,0.0909090909090908,3.1653,3.3425,2,"(209, 229, 240)",95,51
9552,9552,2.757575757575758,0.1515151515151513,3.1653,3.3425,2,"(209, 229, 240)",95,52
9553,9553,2.757575757575758,0.2121212121212123,-3.2367,-3.3422,3,"(67, 147, 195)",95,53
9554,9554,2.757575757575758,0.2727272727272729,-3.2367,3.3422,1,"(253, 219, 199)",95,54
9555,9555,2.757575757575758,0.3333333333333335,-3.2367,3.3422,1,"(253, 219, 199)",95,55
9556,9556,2.757575757575758,0.393939393939394,-3.2367,3.3422,1,"(253, 219, 199)",95,56
9557,9557,2.757575757575758,0.4545454545454546,-3.2367,3.3422,1,"(253, 219, 199)",95,57
9558,9558,2.757575757575758,0.5151515151515151,-3.2367,3.3422,1,"(253, 219, 199)",95,58
9559,9559,2.757575757575758,0.5757575757575757,-3.2367,3.3422,1,"(253, 219, 199)",95,59
9560,9560,2.757575757575758,0.6363636363636367,-3.2367,3.3422,1,"(253, 219, 199)",95,60
9561,9561,2.757575757575758,0.6969696969696972,-3.2367,3.3422,1,"(253, 219, 199)",95,61
9562,9562,2.757575757575758,0.7575757575757578,-3.2367,3.3422,1,"(253, 219, 199)",95,62
9563,9563,2.757575757575758,0.8181818181818183,3.1653,3.3425,2,"(209, 229, 240)",95,63
9564,9564,2.757575757575758,0.8787878787878789,-3.2367,3.3422,1,"(253, 219, 199)",95,64
9565,9565,2.757575757575758,0.9393939393939394,-3.2367,3.3422,1,"(253, 219, 199)",95,65
9566,9566,2.757575757575758,1.0,3.1653,-3.3425,0,"(214, 96, 77)",95,66
9567,9567,2.757575757575758,1.0606060606060606,-3.2367,-3.3422,3,"(67, 147, 195)",95,67
9568,9568,2.757575757575758,1.121212121212121,3.1653,-3.3425,0,"(214, 96, 77)",95,68
9569,9569,2.757575757575758,1.1818181818181817,3.1653,-3.3425,0,"(214, 96, 77)",95,69
9570,9570,2.757575757575758,1.2424242424242422,-3.2367,3.3422,1,"(253, 219, 199)",95,70
9571,9571,2.757575757575758,1.3030303030303028,3.1653,3.3425,2,"(209, 229, 240)",95,71
9572,9572,2.757575757575758,1.363636363636363,3.1653,3.3425,2,"(209, 229, 240)",95,72
9573,9573,2.757575757575758,1.4242424242424248,3.1653,3.3425,2,"(209, 229, 240)",95,73
9574,9574,2.757575757575758,1.4848484848484853,3.1653,3.3425,2,"(209, 229, 240)",95,74
9575,9575,2.757575757575758,1.545454545454546,3.1653,3.3425,2,"(209, 229, 240)",95,75
9576,9576,2.757575757575758,1.6060606060606064,3.1653,3.3425,2,"(209, 229, 240)",95,76
9577,9577,2.757575757575758,1.666666666666667,3.1653,3.3425,2,"(209, 229, 240)",95,77
9578,9578,2.757575757575758,1.7272727272727275,3.1653,3.3425,2,"(209, 229, 240)",95,78
9579,9579,2.757575757575758,1.787878787878788,3.1653,3.3425,2,"(209, 229, 240)",95,79
9580,9580,2.757575757575758,1.8484848484848488,3.1653,3.3425,2,"(209, 229, 240)",95,80
9581,9581,2.757575757575758,1.9090909090909087,3.1653,3.3425,2,"(209, 229, 240)",95,81
9582,9582,2.757575757575758,1.9696969696969695,3.1653,3.3425,2,"(209, 229, 240)",95,82
9583,9583,2.757575757575758,2.0303030303030303,3.1653,3.3425,2,"(209, 229, 240)",95,83
9584,9584,2.757575757575758,2.090909090909091,3.1653,3.3425,2,"(209, 229, 240)",95,84
9585,9585,2.757575757575758,2.1515151515151514,3.1653,3.3425,2,"(209, 229, 240)",95,85
9586,9586,2.757575757575758,2.212121212121212,3.1653,3.3425,2,"(209, 229, 240)",95,86
9587,9587,2.757575757575758,2.2727272727272725,3.1653,3.3425,2,"(209, 229, 240)",95,87
9588,9588,2.757575757575758,2.333333333333334,3.1653,3.3425,2,"(209, 229, 240)",95,88
9589,9589,2.757575757575758,2.3939393939393945,3.1653,3.3425,2,"(209, 229, 240)",95,89
9590,9590,2.757575757575758,2.454545454545455,3.1653,3.3425,2,"(209, 229, 240)",95,90
9591,9591,2.757575757575758,2.515151515151516,3.1653,3.3425,2,"(209, 229, 240)",95,91
9592,9592,2.757575757575758,2.575757575757576,3.1653,3.3425,2,"(209, 229, 240)",95,92
9593,9593,2.757575757575758,2.6363636363636367,3.1653,3.3425,2,"(209, 229, 240)",95,93
9594,9594,2.757575757575758,2.696969696969697,3.1653,3.3425,2,"(209, 229, 240)",95,94
9595,9595,2.757575757575758,2.757575757575758,3.1653,3.3425,2,"(209, 229, 240)",95,95
9596,9596,2.757575757575758,2.8181818181818183,3.1653,3.3425,2,"(209, 229, 240)",95,96
9597,9597,2.757575757575758,2.878787878787879,3.1653,3.3425,2,"(209, 229, 240)",95,97
9598,9598,2.757575757575758,2.9393939393939394,3.1653,3.3425,2,"(209, 229, 240)",95,98
9599,9599,2.757575757575758,3.0,3.1653,3.3425,2,"(209, 229, 240)",95,99
9600,9600,2.8181818181818183,-3.0,3.1653,-3.3425,0,"(214, 96, 77)",96,0
9601,9601,2.8181818181818183,-2.9393939393939394,3.1653,-3.3425,0,"(214, 96, 77)",96,1
9602,9602,2.8181818181818183,-2.878787878787879,3.1653,-3.3425,0,"(214, 96, 77)",96,2
9603,9603,2.8181818181818183,-2.8181818181818183,3.1653,-3.3425,0,"(214, 96, 77)",96,3
9604,9604,2.8181818181818183,-2.757575757575758,3.1653,-3.3425,0,"(214, 96, 77)",96,4
9605,9605,2.8181818181818183,-2.696969696969697,3.1653,-3.3425,0,"(214, 96, 77)",96,5
9606,9606,2.8181818181818183,-2.636363636363636,3.1653,-3.3425,0,"(214, 96, 77)",96,6
9607,9607,2.8181818181818183,-2.575757575757576,3.1653,-3.3425,0,"(214, 96, 77)",96,7
9608,9608,2.8181818181818183,-2.515151515151515,3.1653,-3.3425,0,"(214, 96, 77)",96,8
9609,9609,2.8181818181818183,-2.4545454545454546,3.1653,-3.3425,0,"(214, 96, 77)",96,9
9610,9610,2.8181818181818183,-2.393939393939394,3.1653,-3.3425,0,"(214, 96, 77)",96,10
9611,9611,2.8181818181818183,-2.333333333333333,3.1653,-3.3425,0,"(214, 96, 77)",96,11
9612,9612,2.8181818181818183,-2.2727272727272725,3.1653,-3.3425,0,"(214, 96, 77)",96,12
9613,9613,2.8181818181818183,-2.212121212121212,3.1653,-3.3425,0,"(214, 96, 77)",96,13
9614,9614,2.8181818181818183,-2.1515151515151514,3.1653,-3.3425,0,"(214, 96, 77)",96,14
9615,9615,2.8181818181818183,-2.090909090909091,3.1653,-3.3425,0,"(214, 96, 77)",96,15
9616,9616,2.8181818181818183,-2.0303030303030303,3.1653,-3.3425,0,"(214, 96, 77)",96,16
9617,9617,2.8181818181818183,-1.9696969696969695,3.1653,-3.3425,0,"(214, 96, 77)",96,17
9618,9618,2.8181818181818183,-1.9090909090909087,3.1653,-3.3425,0,"(214, 96, 77)",96,18
9619,9619,2.8181818181818183,-1.8484848484848484,3.1653,-3.3425,0,"(214, 96, 77)",96,19
9620,9620,2.8181818181818183,-1.7878787878787878,3.1653,-3.3425,0,"(214, 96, 77)",96,20
9621,9621,2.8181818181818183,-1.7272727272727273,3.1653,-3.3425,0,"(214, 96, 77)",96,21
9622,9622,2.8181818181818183,-1.6666666666666663,3.1653,-3.3425,0,"(214, 96, 77)",96,22
9623,9623,2.8181818181818183,-1.606060606060606,3.1653,-3.3425,0,"(214, 96, 77)",96,23
9624,9624,2.8181818181818183,-1.5454545454545454,3.1653,-3.3425,0,"(214, 96, 77)",96,24
9625,9625,2.8181818181818183,-1.4848484848484849,3.1653,-3.3425,0,"(214, 96, 77)",96,25
9626,9626,2.8181818181818183,-1.4242424242424243,3.1653,-3.3425,0,"(214, 96, 77)",96,26
9627,9627,2.8181818181818183,-1.3636363636363635,3.1653,-3.3425,0,"(214, 96, 77)",96,27
9628,9628,2.8181818181818183,-1.303030303030303,3.1653,-3.3425,0,"(214, 96, 77)",96,28
9629,9629,2.8181818181818183,-1.2424242424242424,3.1653,-3.3425,0,"(214, 96, 77)",96,29
9630,9630,2.8181818181818183,-1.1818181818181817,3.1653,-3.3425,0,"(214, 96, 77)",96,30
9631,9631,2.8181818181818183,-1.121212121212121,3.1653,-3.3425,0,"(214, 96, 77)",96,31
9632,9632,2.8181818181818183,-1.0606060606060606,3.1653,3.3425,2,"(209, 229, 240)",96,32
9633,9633,2.8181818181818183,-1.0,-3.2367,-3.3422,3,"(67, 147, 195)",96,33
9634,9634,2.8181818181818183,-0.9393939393939394,3.1653,3.3425,2,"(209, 229, 240)",96,34
9635,9635,2.8181818181818183,-0.8787878787878789,3.1653,-3.3425,0,"(214, 96, 77)",96,35
9636,9636,2.8181818181818183,-0.8181818181818183,3.1653,-3.3425,0,"(214, 96, 77)",96,36
9637,9637,2.8181818181818183,-0.7575757575757573,3.1653,3.3425,2,"(209, 229, 240)",96,37
9638,9638,2.8181818181818183,-0.6969696969696968,-3.2367,-3.3422,3,"(67, 147, 195)",96,38
9639,9639,2.8181818181818183,-0.6363636363636362,-3.2367,-3.3422,3,"(67, 147, 195)",96,39
9640,9640,2.8181818181818183,-0.5757575757575757,-3.2367,-3.3422,3,"(67, 147, 195)",96,40
9641,9641,2.8181818181818183,-0.5151515151515151,-3.2367,-3.3422,3,"(67, 147, 195)",96,41
9642,9642,2.8181818181818183,-0.4545454545454546,-3.2367,-3.3422,3,"(67, 147, 195)",96,42
9643,9643,2.8181818181818183,-0.393939393939394,-3.2367,-3.3422,3,"(67, 147, 195)",96,43
9644,9644,2.8181818181818183,-0.333333333333333,-3.2367,-3.3422,3,"(67, 147, 195)",96,44
9645,9645,2.8181818181818183,-0.2727272727272725,-3.2367,-3.3422,3,"(67, 147, 195)",96,45
9646,9646,2.8181818181818183,-0.2121212121212119,-3.2367,3.3422,1,"(253, 219, 199)",96,46
9647,9647,2.8181818181818183,-0.1515151515151513,3.1653,-3.3425,0,"(214, 96, 77)",96,47
9648,9648,2.8181818181818183,-0.0909090909090908,3.1653,-3.3425,0,"(214, 96, 77)",96,48
9649,9649,2.8181818181818183,-0.0303030303030302,3.1653,-3.3425,0,"(214, 96, 77)",96,49
9650,9650,2.8181818181818183,0.0303030303030302,3.1653,3.3425,2,"(209, 229, 240)",96,50
9651,9651,2.8181818181818183,0.0909090909090908,3.1653,3.3425,2,"(209, 229, 240)",96,51
9652,9652,2.8181818181818183,0.1515151515151513,3.1653,3.3425,2,"(209, 229, 240)",96,52
9653,9653,2.8181818181818183,0.2121212121212123,-3.2367,-3.3422,3,"(67, 147, 195)",96,53
9654,9654,2.8181818181818183,0.2727272727272729,-3.2367,3.3422,1,"(253, 219, 199)",96,54
9655,9655,2.8181818181818183,0.3333333333333335,-3.2367,3.3422,1,"(253, 219, 199)",96,55
9656,9656,2.8181818181818183,0.393939393939394,-3.2367,3.3422,1,"(253, 219, 199)",96,56
9657,9657,2.8181818181818183,0.4545454545454546,-3.2367,3.3422,1,"(253, 219, 199)",96,57
9658,9658,2.8181818181818183,0.5151515151515151,-3.2367,3.3422,1,"(253, 219, 199)",96,58
9659,9659,2.8181818181818183,0.5757575757575757,-3.2367,3.3422,1,"(253, 219, 199)",96,59
9660,9660,2.8181818181818183,0.6363636363636367,-3.2367,3.3422,1,"(253, 219, 199)",96,60
9661,9661,2.8181818181818183,0.6969696969696972,-3.2367,3.3422,1,"(253, 219, 199)",96,61
9662,9662,2.8181818181818183,0.7575757575757578,3.1653,-3.3425,0,"(214, 96, 77)",96,62
9663,9663,2.8181818181818183,0.8181818181818183,3.1653,3.3425,2,"(209, 229, 240)",96,63
9664,9664,2.8181818181818183,0.8787878787878789,3.1653,3.3425,2,"(209, 229, 240)",96,64
9665,9665,2.8181818181818183,0.9393939393939394,3.1653,-3.3425,0,"(214, 96, 77)",96,65
9666,9666,2.8181818181818183,1.0,-3.2367,3.3422,1,"(253, 219, 199)",96,66
9667,9667,2.8181818181818183,1.0606060606060606,3.1653,-3.3425,0,"(214, 96, 77)",96,67
9668,9668,2.8181818181818183,1.121212121212121,3.1653,3.3425,2,"(209, 229, 240)",96,68
9669,9669,2.8181818181818183,1.1818181818181817,3.1653,3.3425,2,"(209, 229, 240)",96,69
9670,9670,2.8181818181818183,1.2424242424242422,3.1653,3.3425,2,"(209, 229, 240)",96,70
9671,9671,2.8181818181818183,1.3030303030303028,3.1653,3.3425,2,"(209, 229, 240)",96,71
9672,9672,2.8181818181818183,1.363636363636363,3.1653,3.3425,2,"(209, 229, 240)",96,72
9673,9673,2.8181818181818183,1.4242424242424248,3.1653,3.3425,2,"(209, 229, 240)",96,73
9674,9674,2.8181818181818183,1.4848484848484853,3.1653,3.3425,2,"(209, 229, 240)",96,74
9675,9675,2.8181818181818183,1.545454545454546,3.1653,3.3425,2,"(209, 229, 240)",96,75
9676,9676,2.8181818181818183,1.6060606060606064,3.1653,3.3425,2,"(209, 229, 240)",96,76
9677,9677,2.8181818181818183,1.666666666666667,3.1653,3.3425,2,"(209, 229, 240)",96,77
9678,9678,2.8181818181818183,1.7272727272727275,3.1653,3.3425,2,"(209, 229, 240)",96,78
9679,9679,2.8181818181818183,1.787878787878788,3.1653,3.3425,2,"(209, 229, 240)",96,79
9680,9680,2.8181818181818183,1.8484848484848488,3.1653,3.3425,2,"(209, 229, 240)",96,80
9681,9681,2.8181818181818183,1.9090909090909087,3.1653,3.3425,2,"(209, 229, 240)",96,81
9682,9682,2.8181818181818183,1.9696969696969695,3.1653,3.3425,2,"(209, 229, 240)",96,82
9683,9683,2.8181818181818183,2.0303030303030303,3.1653,3.3425,2,"(209, 229, 240)",96,83
9684,9684,2.8181818181818183,2.090909090909091,3.1653,3.3425,2,"(209, 229, 240)",96,84
9685,9685,2.8181818181818183,2.1515151515151514,3.1653,3.3425,2,"(209, 229, 240)",96,85
9686,9686,2.8181818181818183,2.212121212121212,3.1653,3.3425,2,"(209, 229, 240)",96,86
9687,9687,2.8181818181818183,2.2727272727272725,3.1653,3.3425,2,"(209, 229, 240)",96,87
9688,9688,2.8181818181818183,2.333333333333334,3.1653,3.3425,2,"(209, 229, 240)",96,88
9689,9689,2.8181818181818183,2.3939393939393945,3.1653,3.3425,2,"(209, 229, 240)",96,89
9690,9690,2.8181818181818183,2.454545454545455,3.1653,3.3425,2,"(209, 229, 240)",96,90
9691,9691,2.8181818181818183,2.515151515151516,3.1653,3.3425,2,"(209, 229, 240)",96,91
9692,9692,2.8181818181818183,2.575757575757576,3.1653,3.3425,2,"(209, 229, 240)",96,92
9693,9693,2.8181818181818183,2.6363636363636367,3.1653,3.3425,2,"(209, 229, 240)",96,93
9694,9694,2.8181818181818183,2.696969696969697,3.1653,3.3425,2,"(209, 229, 240)",96,94
9695,9695,2.8181818181818183,2.757575757575758,3.1653,3.3425,2,"(209, 229, 240)",96,95
9696,9696,2.8181818181818183,2.8181818181818183,3.1653,3.3425,2,"(209, 229, 240)",96,96
9697,9697,2.8181818181818183,2.878787878787879,3.1653,3.3425,2,"(209, 229, 240)",96,97
9698,9698,2.8181818181818183,2.9393939393939394,3.1653,3.3425,2,"(209, 229, 240)",96,98
9699,9699,2.8181818181818183,3.0,3.1653,3.3425,2,"(209, 229, 240)",96,99
9700,9700,2.878787878787879,-3.0,3.1653,-3.3425,0,"(214, 96, 77)",97,0
9701,9701,2.878787878787879,-2.9393939393939394,3.1653,-3.3425,0,"(214, 96, 77)",97,1
9702,9702,2.878787878787879,-2.878787878787879,3.1653,-3.3425,0,"(214, 96, 77)",97,2
9703,9703,2.878787878787879,-2.8181818181818183,3.1653,-3.3425,0,"(214, 96, 77)",97,3
9704,9704,2.878787878787879,-2.757575757575758,3.1653,-3.3425,0,"(214, 96, 77)",97,4
9705,9705,2.878787878787879,-2.696969696969697,3.1653,-3.3425,0,"(214, 96, 77)",97,5
9706,9706,2.878787878787879,-2.636363636363636,3.1653,-3.3425,0,"(214, 96, 77)",97,6
9707,9707,2.878787878787879,-2.575757575757576,3.1653,-3.3425,0,"(214, 96, 77)",97,7
9708,9708,2.878787878787879,-2.515151515151515,3.1653,-3.3425,0,"(214, 96, 77)",97,8
9709,9709,2.878787878787879,-2.4545454545454546,3.1653,-3.3425,0,"(214, 96, 77)",97,9
9710,9710,2.878787878787879,-2.393939393939394,3.1653,-3.3425,0,"(214, 96, 77)",97,10
9711,9711,2.878787878787879,-2.333333333333333,3.1653,-3.3425,0,"(214, 96, 77)",97,11
9712,9712,2.878787878787879,-2.2727272727272725,3.1653,-3.3425,0,"(214, 96, 77)",97,12
9713,9713,2.878787878787879,-2.212121212121212,3.1653,-3.3425,0,"(214, 96, 77)",97,13
9714,9714,2.878787878787879,-2.1515151515151514,3.1653,-3.3425,0,"(214, 96, 77)",97,14
9715,9715,2.878787878787879,-2.090909090909091,3.1653,-3.3425,0,"(214, 96, 77)",97,15
9716,9716,2.878787878787879,-2.0303030303030303,3.1653,-3.3425,0,"(214, 96, 77)",97,16
9717,9717,2.878787878787879,-1.9696969696969695,3.1653,-3.3425,0,"(214, 96, 77)",97,17
9718,9718,2.878787878787879,-1.9090909090909087,3.1653,-3.3425,0,"(214, 96, 77)",97,18
9719,9719,2.878787878787879,-1.8484848484848484,3.1653,-3.3425,0,"(214, 96, 77)",97,19
9720,9720,2.878787878787879,-1.7878787878787878,3.1653,-3.3425,0,"(214, 96, 77)",97,20
9721,9721,2.878787878787879,-1.7272727272727273,3.1653,-3.3425,0,"(214, 96, 77)",97,21
9722,9722,2.878787878787879,-1.6666666666666663,3.1653,-3.3425,0,"(214, 96, 77)",97,22
9723,9723,2.878787878787879,-1.606060606060606,3.1653,-3.3425,0,"(214, 96, 77)",97,23
9724,9724,2.878787878787879,-1.5454545454545454,3.1653,-3.3425,0,"(214, 96, 77)",97,24
9725,9725,2.878787878787879,-1.4848484848484849,3.1653,-3.3425,0,"(214, 96, 77)",97,25
9726,9726,2.878787878787879,-1.4242424242424243,3.1653,-3.3425,0,"(214, 96, 77)",97,26
9727,9727,2.878787878787879,-1.3636363636363635,3.1653,-3.3425,0,"(214, 96, 77)",97,27
9728,9728,2.878787878787879,-1.303030303030303,3.1653,-3.3425,0,"(214, 96, 77)",97,28
9729,9729,2.878787878787879,-1.2424242424242424,3.1653,-3.3425,0,"(214, 96, 77)",97,29
9730,9730,2.878787878787879,-1.1818181818181817,3.1653,-3.3425,0,"(214, 96, 77)",97,30
9731,9731,2.878787878787879,-1.121212121212121,3.1653,-3.3425,0,"(214, 96, 77)",97,31
9732,9732,2.878787878787879,-1.0606060606060606,3.1653,-3.3425,0,"(214, 96, 77)",97,32
9733,9733,2.878787878787879,-1.0,3.1653,-3.3425,0,"(214, 96, 77)",97,33
9734,9734,2.878787878787879,-0.9393939393939394,3.1653,-3.3425,0,"(214, 96, 77)",97,34
9735,9735,2.878787878787879,-0.8787878787878789,3.1653,3.3425,2,"(209, 229, 240)",97,35
9736,9736,2.878787878787879,-0.8181818181818183,3.1653,3.3425,2,"(209, 229, 240)",97,36
9737,9737,2.878787878787879,-0.7575757575757573,3.1653,3.3425,2,"(209, 229, 240)",97,37
9738,9738,2.878787878787879,-0.6969696969696968,3.1653,-3.3425,0,"(214, 96, 77)",97,38
9739,9739,2.878787878787879,-0.6363636363636362,-3.2367,3.3422,1,"(253, 219, 199)",97,39
9740,9740,2.878787878787879,-0.5757575757575757,-3.2367,-3.3422,3,"(67, 147, 195)",97,40
9741,9741,2.878787878787879,-0.5151515151515151,-3.2367,-3.3422,3,"(67, 147, 195)",97,41
9742,9742,2.878787878787879,-0.4545454545454546,-3.2367,-3.3422,3,"(67, 147, 195)",97,42
9743,9743,2.878787878787879,-0.393939393939394,-3.2367,-3.3422,3,"(67, 147, 195)",97,43
9744,9744,2.878787878787879,-0.333333333333333,-3.2367,-3.3422,3,"(67, 147, 195)",97,44
9745,9745,2.878787878787879,-0.2727272727272725,-3.2367,-3.3422,3,"(67, 147, 195)",97,45
9746,9746,2.878787878787879,-0.2121212121212119,-3.2367,3.3422,1,"(253, 219, 199)",97,46
9747,9747,2.878787878787879,-0.1515151515151513,3.1653,-3.3425,0,"(214, 96, 77)",97,47
9748,9748,2.878787878787879,-0.0909090909090908,3.1653,-3.3425,0,"(214, 96, 77)",97,48
9749,9749,2.878787878787879,-0.0303030303030302,3.1653,-3.3425,0,"(214, 96, 77)",97,49
9750,9750,2.878787878787879,0.0303030303030302,3.1653,3.3425,2,"(209, 229, 240)",97,50
9751,9751,2.878787878787879,0.0909090909090908,3.1653,3.3425,2,"(209, 229, 240)",97,51
9752,9752,2.878787878787879,0.1515151515151513,3.1653,3.3425,2,"(209, 229, 240)",97,52
9753,9753,2.878787878787879,0.2121212121212123,-3.2367,-3.3422,3,"(67, 147, 195)",97,53
9754,9754,2.878787878787879,0.2727272727272729,-3.2367,3.3422,1,"(253, 219, 199)",97,54
9755,9755,2.878787878787879,0.3333333333333335,-3.2367,3.3422,1,"(253, 219, 199)",97,55
9756,9756,2.878787878787879,0.393939393939394,-3.2367,3.3422,1,"(253, 219, 199)",97,56
9757,9757,2.878787878787879,0.4545454545454546,-3.2367,3.3422,1,"(253, 219, 199)",97,57
9758,9758,2.878787878787879,0.5151515151515151,-3.2367,3.3422,1,"(253, 219, 199)",97,58
9759,9759,2.878787878787879,0.5757575757575757,-3.2367,3.3422,1,"(253, 219, 199)",97,59
9760,9760,2.878787878787879,0.6363636363636367,-3.2367,-3.3422,3,"(67, 147, 195)",97,60
9761,9761,2.878787878787879,0.6969696969696972,3.1653,3.3425,2,"(209, 229, 240)",97,61
9762,9762,2.878787878787879,0.7575757575757578,3.1653,-3.3425,0,"(214, 96, 77)",97,62
9763,9763,2.878787878787879,0.8181818181818183,3.1653,-3.3425,0,"(214, 96, 77)",97,63
9764,9764,2.878787878787879,0.8787878787878789,3.1653,-3.3425,0,"(214, 96, 77)",97,64
9765,9765,2.878787878787879,0.9393939393939394,3.1653,3.3425,2,"(209, 229, 240)",97,65
9766,9766,2.878787878787879,1.0,3.1653,3.3425,2,"(209, 229, 240)",97,66
9767,9767,2.878787878787879,1.0606060606060606,3.1653,3.3425,2,"(209, 229, 240)",97,67
9768,9768,2.878787878787879,1.121212121212121,3.1653,3.3425,2,"(209, 229, 240)",97,68
9769,9769,2.878787878787879,1.1818181818181817,3.1653,3.3425,2,"(209, 229, 240)",97,69
9770,9770,2.878787878787879,1.2424242424242422,3.1653,3.3425,2,"(209, 229, 240)",97,70
9771,9771,2.878787878787879,1.3030303030303028,3.1653,3.3425,2,"(209, 229, 240)",97,71
9772,9772,2.878787878787879,1.363636363636363,3.1653,3.3425,2,"(209, 229, 240)",97,72
9773,9773,2.878787878787879,1.4242424242424248,3.1653,3.3425,2,"(209, 229, 240)",97,73
9774,9774,2.878787878787879,1.4848484848484853,3.1653,3.3425,2,"(209, 229, 240)",97,74
9775,9775,2.878787878787879,1.545454545454546,3.1653,3.3425,2,"(209, 229, 240)",97,75
9776,9776,2.878787878787879,1.6060606060606064,3.1653,3.3425,2,"(209, 229, 240)",97,76
9777,9777,2.878787878787879,1.666666666666667,3.1653,3.3425,2,"(209, 229, 240)",97,77
9778,9778,2.878787878787879,1.7272727272727275,3.1653,3.3425,2,"(209, 229, 240)",97,78
9779,9779,2.878787878787879,1.787878787878788,3.1653,3.3425,2,"(209, 229, 240)",97,79
9780,9780,2.878787878787879,1.8484848484848488,3.1653,3.3425,2,"(209, 229, 240)",97,80
9781,9781,2.878787878787879,1.9090909090909087,3.1653,3.3425,2,"(209, 229, 240)",97,81
9782,9782,2.878787878787879,1.9696969696969695,3.1653,3.3425,2,"(209, 229, 240)",97,82
9783,9783,2.878787878787879,2.0303030303030303,3.1653,3.3425,2,"(209, 229, 240)",97,83
9784,9784,2.878787878787879,2.090909090909091,3.1653,3.3425,2,"(209, 229, 240)",97,84
9785,9785,2.878787878787879,2.1515151515151514,3.1653,3.3425,2,"(209, 229, 240)",97,85
9786,9786,2.878787878787879,2.212121212121212,3.1653,3.3425,2,"(209, 229, 240)",97,86
9787,9787,2.878787878787879,2.2727272727272725,3.1653,3.3425,2,"(209, 229, 240)",97,87
9788,9788,2.878787878787879,2.333333333333334,3.1653,3.3425,2,"(209, 229, 240)",97,88
9789,9789,2.878787878787879,2.3939393939393945,3.1653,3.3425,2,"(209, 229, 240)",97,89
9790,9790,2.878787878787879,2.454545454545455,3.1653,3.3425,2,"(209, 229, 240)",97,90
9791,9791,2.878787878787879,2.515151515151516,3.1653,3.3425,2,"(209, 229, 240)",97,91
9792,9792,2.878787878787879,2.575757575757576,3.1653,3.3425,2,"(209, 229, 240)",97,92
9793,9793,2.878787878787879,2.6363636363636367,3.1653,3.3425,2,"(209, 229, 240)",97,93
9794,9794,2.878787878787879,2.696969696969697,3.1653,3.3425,2,"(209, 229, 240)",97,94
9795,9795,2.878787878787879,2.757575757575758,3.1653,3.3425,2,"(209, 229, 240)",97,95
9796,9796,2.878787878787879,2.8181818181818183,3.1653,3.3425,2,"(209, 229, 240)",97,96
9797,9797,2.878787878787879,2.878787878787879,3.1653,3.3425,2,"(209, 229, 240)",97,97
9798,9798,2.878787878787879,2.9393939393939394,3.1653,3.3425,2,"(209, 229, 240)",97,98
9799,9799,2.878787878787879,3.0,3.1653,3.3425,2,"(209, 229, 240)",97,99
9800,9800,2.9393939393939394,-3.0,3.1653,-3.3425,0,"(214, 96, 77)",98,0
9801,9801,2.9393939393939394,-2.9393939393939394,3.1653,-3.3425,0,"(214, 96, 77)",98,1
9802,9802,2.9393939393939394,-2.878787878787879,3.1653,-3.3425,0,"(214, 96, 77)",98,2
9803,9803,2.9393939393939394,-2.8181818181818183,3.1653,-3.3425,0,"(214, 96, 77)",98,3
9804,9804,2.9393939393939394,-2.757575757575758,3.1653,-3.3425,0,"(214, 96, 77)",98,4
9805,9805,2.9393939393939394,-2.696969696969697,3.1653,-3.3425,0,"(214, 96, 77)",98,5
9806,9806,2.9393939393939394,-2.636363636363636,3.1653,-3.3425,0,"(214, 96, 77)",98,6
9807,9807,2.9393939393939394,-2.575757575757576,3.1653,-3.3425,0,"(214, 96, 77)",98,7
9808,9808,2.9393939393939394,-2.515151515151515,3.1653,-3.3425,0,"(214, 96, 77)",98,8
9809,9809,2.9393939393939394,-2.4545454545454546,3.1653,-3.3425,0,"(214, 96, 77)",98,9
9810,9810,2.9393939393939394,-2.393939393939394,3.1653,-3.3425,0,"(214, 96, 77)",98,10
9811,9811,2.9393939393939394,-2.333333333333333,3.1653,-3.3425,0,"(214, 96, 77)",98,11
9812,9812,2.9393939393939394,-2.2727272727272725,3.1653,-3.3425,0,"(214, 96, 77)",98,12
9813,9813,2.9393939393939394,-2.212121212121212,3.1653,-3.3425,0,"(214, 96, 77)",98,13
9814,9814,2.9393939393939394,-2.1515151515151514,3.1653,-3.3425,0,"(214, 96, 77)",98,14
9815,9815,2.9393939393939394,-2.090909090909091,3.1653,-3.3425,0,"(214, 96, 77)",98,15
9816,9816,2.9393939393939394,-2.0303030303030303,3.1653,-3.3425,0,"(214, 96, 77)",98,16
9817,9817,2.9393939393939394,-1.9696969696969695,3.1653,-3.3425,0,"(214, 96, 77)",98,17
9818,9818,2.9393939393939394,-1.9090909090909087,3.1653,-3.3425,0,"(214, 96, 77)",98,18
9819,9819,2.9393939393939394,-1.8484848484848484,3.1653,-3.3425,0,"(214, 96, 77)",98,19
9820,9820,2.9393939393939394,-1.7878787878787878,3.1653,-3.3425,0,"(214, 96, 77)",98,20
9821,9821,2.9393939393939394,-1.7272727272727273,3.1653,-3.3425,0,"(214, 96, 77)",98,21
9822,9822,2.9393939393939394,-1.6666666666666663,3.1653,-3.3425,0,"(214, 96, 77)",98,22
9823,9823,2.9393939393939394,-1.606060606060606,3.1653,-3.3425,0,"(214, 96, 77)",98,23
9824,9824,2.9393939393939394,-1.5454545454545454,3.1653,-3.3425,0,"(214, 96, 77)",98,24
9825,9825,2.9393939393939394,-1.4848484848484849,3.1653,-3.3425,0,"(214, 96, 77)",98,25
9826,9826,2.9393939393939394,-1.4242424242424243,3.1653,-3.3425,0,"(214, 96, 77)",98,26
9827,9827,2.9393939393939394,-1.3636363636363635,3.1653,-3.3425,0,"(214, 96, 77)",98,27
9828,9828,2.9393939393939394,-1.303030303030303,3.1653,-3.3425,0,"(214, 96, 77)",98,28
9829,9829,2.9393939393939394,-1.2424242424242424,3.1653,-3.3425,0,"(214, 96, 77)",98,29
9830,9830,2.9393939393939394,-1.1818181818181817,-3.2367,3.3422,1,"(253, 219, 199)",98,30
9831,9831,2.9393939393939394,-1.121212121212121,-3.2367,-3.3422,3,"(67, 147, 195)",98,31
9832,9832,2.9393939393939394,-1.0606060606060606,-3.2367,-3.3422,3,"(67, 147, 195)",98,32
9833,9833,2.9393939393939394,-1.0,-3.2367,3.3422,1,"(253, 219, 199)",98,33
9834,9834,2.9393939393939394,-0.9393939393939394,3.1653,3.3425,2,"(209, 229, 240)",98,34
9835,9835,2.9393939393939394,-0.8787878787878789,-3.2367,3.3422,1,"(253, 219, 199)",98,35
9836,9836,2.9393939393939394,-0.8181818181818183,-3.2367,3.3422,1,"(253, 219, 199)",98,36
9837,9837,2.9393939393939394,-0.7575757575757573,-3.2367,3.3422,1,"(253, 219, 199)",98,37
9838,9838,2.9393939393939394,-0.6969696969696968,-3.2367,3.3422,1,"(253, 219, 199)",98,38
9839,9839,2.9393939393939394,-0.6363636363636362,-3.2367,-3.3422,3,"(67, 147, 195)",98,39
9840,9840,2.9393939393939394,-0.5757575757575757,-3.2367,3.3422,1,"(253, 219, 199)",98,40
9841,9841,2.9393939393939394,-0.5151515151515151,-3.2367,-3.3422,3,"(67, 147, 195)",98,41
9842,9842,2.9393939393939394,-0.4545454545454546,-3.2367,-3.3422,3,"(67, 147, 195)",98,42
9843,9843,2.9393939393939394,-0.393939393939394,-3.2367,-3.3422,3,"(67, 147, 195)",98,43
9844,9844,2.9393939393939394,-0.333333333333333,-3.2367,-3.3422,3,"(67, 147, 195)",98,44
9845,9845,2.9393939393939394,-0.2727272727272725,-3.2367,-3.3422,3,"(67, 147, 195)",98,45
9846,9846,2.9393939393939394,-0.2121212121212119,3.1653,-3.3425,0,"(214, 96, 77)",98,46
9847,9847,2.9393939393939394,-0.1515151515151513,3.1653,-3.3425,0,"(214, 96, 77)",98,47
9848,9848,2.9393939393939394,-0.0909090909090908,3.1653,-3.3425,0,"(214, 96, 77)",98,48
9849,9849,2.9393939393939394,-0.0303030303030302,3.1653,-3.3425,0,"(214, 96, 77)",98,49
9850,9850,2.9393939393939394,0.0303030303030302,3.1653,3.3425,2,"(209, 229, 240)",98,50
9851,9851,2.9393939393939394,0.0909090909090908,3.1653,3.3425,2,"(209, 229, 240)",98,51
9852,9852,2.9393939393939394,0.1515151515151513,3.1653,3.3425,2,"(209, 229, 240)",98,52
9853,9853,2.9393939393939394,0.2121212121212123,3.1653,3.3425,2,"(209, 229, 240)",98,53
9854,9854,2.9393939393939394,0.2727272727272729,-3.2367,3.3422,1,"(253, 219, 199)",98,54
9855,9855,2.9393939393939394,0.3333333333333335,-3.2367,3.3422,1,"(253, 219, 199)",98,55
9856,9856,2.9393939393939394,0.393939393939394,-3.2367,3.3422,1,"(253, 219, 199)",98,56
9857,9857,2.9393939393939394,0.4545454545454546,-3.2367,3.3422,1,"(253, 219, 199)",98,57
9858,9858,2.9393939393939394,0.5151515151515151,-3.2367,3.3422,1,"(253, 219, 199)",98,58
9859,9859,2.9393939393939394,0.5757575757575757,-3.2367,-3.3422,3,"(67, 147, 195)",98,59
9860,9860,2.9393939393939394,0.6363636363636367,-3.2367,3.3422,1,"(253, 219, 199)",98,60
9861,9861,2.9393939393939394,0.6969696969696972,-3.2367,-3.3422,3,"(67, 147, 195)",98,61
9862,9862,2.9393939393939394,0.7575757575757578,-3.2367,-3.3422,3,"(67, 147, 195)",98,62
9863,9863,2.9393939393939394,0.8181818181818183,-3.2367,-3.3422,3,"(67, 147, 195)",98,63
9864,9864,2.9393939393939394,0.8787878787878789,-3.2367,-3.3422,3,"(67, 147, 195)",98,64
9865,9865,2.9393939393939394,0.9393939393939394,3.1653,-3.3425,0,"(214, 96, 77)",98,65
9866,9866,2.9393939393939394,1.0,-3.2367,-3.3422,3,"(67, 147, 195)",98,66
9867,9867,2.9393939393939394,1.0606060606060606,-3.2367,3.3422,1,"(253, 219, 199)",98,67
9868,9868,2.9393939393939394,1.121212121212121,-3.2367,3.3422,1,"(253, 219, 199)",98,68
9869,9869,2.9393939393939394,1.1818181818181817,-3.2367,-3.3422,3,"(67, 147, 195)",98,69
9870,9870,2.9393939393939394,1.2424242424242422,3.1653,3.3425,2,"(209, 229, 240)",98,70
9871,9871,2.9393939393939394,1.3030303030303028,3.1653,3.3425,2,"(209, 229, 240)",98,71
9872,9872,2.9393939393939394,1.363636363636363,3.1653,3.3425,2,"(209, 229, 240)",98,72
9873,9873,2.9393939393939394,1.4242424242424248,3.1653,3.3425,2,"(209, 229, 240)",98,73
9874,9874,2.9393939393939394,1.4848484848484853,3.1653,3.3425,2,"(209, 229, 240)",98,74
9875,9875,2.9393939393939394,1.545454545454546,3.1653,3.3425,2,"(209, 229, 240)",98,75
9876,9876,2.9393939393939394,1.6060606060606064,3.1653,3.3425,2,"(209, 229, 240)",98,76
9877,9877,2.9393939393939394,1.666666666666667,3.1653,3.3425,2,"(209, 229, 240)",98,77
9878,9878,2.9393939393939394,1.7272727272727275,3.1653,3.3425,2,"(209, 229, 240)",98,78
9879,9879,2.9393939393939394,1.787878787878788,3.1653,3.3425,2,"(209, 229, 240)",98,79
9880,9880,2.9393939393939394,1.8484848484848488,3.1653,3.3425,2,"(209, 229, 240)",98,80
9881,9881,2.9393939393939394,1.9090909090909087,3.1653,3.3425,2,"(209, 229, 240)",98,81
9882,9882,2.9393939393939394,1.9696969696969695,3.1653,3.3425,2,"(209, 229, 240)",98,82
9883,9883,2.9393939393939394,2.0303030303030303,3.1653,3.3425,2,"(209, 229, 240)",98,83
9884,9884,2.9393939393939394,2.090909090909091,3.1653,3.3425,2,"(209, 229, 240)",98,84
9885,9885,2.9393939393939394,2.1515151515151514,3.1653,3.3425,2,"(209, 229, 240)",98,85
9886,9886,2.9393939393939394,2.212121212121212,3.1653,3.3425,2,"(209, 229, 240)",98,86
9887,9887,2.9393939393939394,2.2727272727272725,3.1653,3.3425,2,"(209, 229, 240)",98,87
9888,9888,2.9393939393939394,2.333333333333334,3.1653,3.3425,2,"(209, 229, 240)",98,88
9889,9889,2.9393939393939394,2.3939393939393945,3.1653,3.3425,2,"(209, 229, 240)",98,89
9890,9890,2.9393939393939394,2.454545454545455,3.1653,3.3425,2,"(209, 229, 240)",98,90
9891,9891,2.9393939393939394,2.515151515151516,3.1653,3.3425,2,"(209, 229, 240)",98,91
9892,9892,2.9393939393939394,2.575757575757576,3.1653,3.3425,2,"(209, 229, 240)",98,92
9893,9893,2.9393939393939394,2.6363636363636367,3.1653,3.3425,2,"(209, 229, 240)",98,93
9894,9894,2.9393939393939394,2.696969696969697,3.1653,3.3425,2,"(209, 229, 240)",98,94
9895,9895,2.9393939393939394,2.757575757575758,3.1653,3.3425,2,"(209, 229, 240)",98,95
9896,9896,2.9393939393939394,2.8181818181818183,3.1653,3.3425,2,"(209, 229, 240)",98,96
9897,9897,2.9393939393939394,2.878787878787879,3.1653,3.3425,2,"(209, 229, 240)",98,97
9898,9898,2.9393939393939394,2.9393939393939394,3.1653,3.3425,2,"(209, 229, 240)",98,98
9899,9899,2.9393939393939394,3.0,3.1653,3.3425,2,"(209, 229, 240)",98,99
9900,9900,3.0,-3.0,3.1653,-3.3425,0,"(214, 96, 77)",99,0
9901,9901,3.0,-2.9393939393939394,3.1653,-3.3425,0,"(214, 96, 77)",99,1
9902,9902,3.0,-2.878787878787879,3.1653,-3.3425,0,"(214, 96, 77)",99,2
9903,9903,3.0,-2.8181818181818183,3.1653,-3.3425,0,"(214, 96, 77)",99,3
9904,9904,3.0,-2.757575757575758,3.1653,-3.3425,0,"(214, 96, 77)",99,4
9905,9905,3.0,-2.696969696969697,3.1653,-3.3425,0,"(214, 96, 77)",99,5
9906,9906,3.0,-2.636363636363636,3.1653,-3.3425,0,"(214, 96, 77)",99,6
9907,9907,3.0,-2.575757575757576,3.1653,-3.3425,0,"(214, 96, 77)",99,7
9908,9908,3.0,-2.515151515151515,3.1653,-3.3425,0,"(214, 96, 77)",99,8
9909,9909,3.0,-2.4545454545454546,3.1653,-3.3425,0,"(214, 96, 77)",99,9
9910,9910,3.0,-2.393939393939394,3.1653,-3.3425,0,"(214, 96, 77)",99,10
9911,9911,3.0,-2.333333333333333,3.1653,-3.3425,0,"(214, 96, 77)",99,11
9912,9912,3.0,-2.2727272727272725,3.1653,-3.3425,0,"(214, 96, 77)",99,12
9913,9913,3.0,-2.212121212121212,3.1653,-3.3425,0,"(214, 96, 77)",99,13
9914,9914,3.0,-2.1515151515151514,3.1653,-3.3425,0,"(214, 96, 77)",99,14
9915,9915,3.0,-2.090909090909091,3.1653,-3.3425,0,"(214, 96, 77)",99,15
9916,9916,3.0,-2.0303030303030303,3.1653,-3.3425,0,"(214, 96, 77)",99,16
9917,9917,3.0,-1.9696969696969695,3.1653,-3.3425,0,"(214, 96, 77)",99,17
9918,9918,3.0,-1.9090909090909087,3.1653,-3.3425,0,"(214, 96, 77)",99,18
9919,9919,3.0,-1.8484848484848484,3.1653,-3.3425,0,"(214, 96, 77)",99,19
9920,9920,3.0,-1.7878787878787878,3.1653,-3.3425,0,"(214, 96, 77)",99,20
9921,9921,3.0,-1.7272727272727273,3.1653,-3.3425,0,"(214, 96, 77)",99,21
9922,9922,3.0,-1.6666666666666663,3.1653,-3.3425,0,"(214, 96, 77)",99,22
9923,9923,3.0,-1.606060606060606,3.1653,-3.3425,0,"(214, 96, 77)",99,23
9924,9924,3.0,-1.5454545454545454,3.1653,-3.3425,0,"(214, 96, 77)",99,24
9925,9925,3.0,-1.4848484848484849,3.1653,-3.3425,0,"(214, 96, 77)",99,25
9926,9926,3.0,-1.4242424242424243,3.1653,-3.3425,0,"(214, 96, 77)",99,26
9927,9927,3.0,-1.3636363636363635,3.1653,-3.3425,0,"(214, 96, 77)",99,27
9928,9928,3.0,-1.303030303030303,3.1653,-3.3425,0,"(214, 96, 77)",99,28
9929,9929,3.0,-1.2424242424242424,-3.2367,3.3422,1,"(253, 219, 199)",99,29
9930,9930,3.0,-1.1818181818181817,-3.2367,-3.3422,3,"(67, 147, 195)",99,30
9931,9931,3.0,-1.121212121212121,-3.2367,-3.3422,3,"(67, 147, 195)",99,31
9932,9932,3.0,-1.0606060606060606,-3.2367,3.3422,1,"(253, 219, 199)",99,32
9933,9933,3.0,-1.0,-3.2367,3.3422,1,"(253, 219, 199)",99,33
9934,9934,3.0,-0.9393939393939394,3.1653,-3.3425,0,"(214, 96, 77)",99,34
9935,9935,3.0,-0.8787878787878789,-3.2367,-3.3422,3,"(67, 147, 195)",99,35
9936,9936,3.0,-0.8181818181818183,-3.2367,3.3422,1,"(253, 219, 199)",99,36
9937,9937,3.0,-0.7575757575757573,-3.2367,3.3422,1,"(253, 219, 199)",99,37
9938,9938,3.0,-0.6969696969696968,-3.2367,3.3422,1,"(253, 219, 199)",99,38
9939,9939,3.0,-0.6363636363636362,-3.2367,3.3422,1,"(253, 219, 199)",99,39
9940,9940,3.0,-0.5757575757575757,3.1653,-3.3425,0,"(214, 96, 77)",99,40
9941,9941,3.0,-0.5151515151515151,3.1653,-3.3425,0,"(214, 96, 77)",99,41
9942,9942,3.0,-0.4545454545454546,-3.2367,-3.3422,3,"(67, 147, 195)",99,42
9943,9943,3.0,-0.393939393939394,-3.2367,-3.3422,3,"(67, 147, 195)",99,43
9944,9944,3.0,-0.333333333333333,-3.2367,-3.3422,3,"(67, 147, 195)",99,44
9945,9945,3.0,-0.2727272727272725,-3.2367,-3.3422,3,"(67, 147, 195)",99,45
9946,9946,3.0,-0.2121212121212119,3.1653,-3.3425,0,"(214, 96, 77)",99,46
9947,9947,3.0,-0.1515151515151513,3.1653,-3.3425,0,"(214, 96, 77)",99,47
9948,9948,3.0,-0.0909090909090908,3.1653,-3.3425,0,"(214, 96, 77)",99,48
9949,9949,3.0,-0.0303030303030302,3.1653,-3.3425,0,"(214, 96, 77)",99,49
9950,9950,3.0,0.0303030303030302,3.1653,3.3425,2,"(209, 229, 240)",99,50
9951,9951,3.0,0.0909090909090908,3.1653,3.3425,2,"(209, 229, 240)",99,51
9952,9952,3.0,0.1515151515151513,3.1653,3.3425,2,"(209, 229, 240)",99,52
9953,9953,3.0,0.2121212121212123,3.1653,3.3425,2,"(209, 229, 240)",99,53
9954,9954,3.0,0.2727272727272729,-3.2367,3.3422,1,"(253, 219, 199)",99,54
9955,9955,3.0,0.3333333333333335,-3.2367,3.3422,1,"(253, 219, 199)",99,55
9956,9956,3.0,0.393939393939394,-3.2367,3.3422,1,"(253, 219, 199)",99,56
9957,9957,3.0,0.4545454545454546,-3.2367,3.3422,1,"(253, 219, 199)",99,57
9958,9958,3.0,0.5151515151515151,3.1653,3.3425,2,"(209, 229, 240)",99,58
9959,9959,3.0,0.5757575757575757,3.1653,3.3425,2,"(209, 229, 240)",99,59
9960,9960,3.0,0.6363636363636367,-3.2367,-3.3422,3,"(67, 147, 195)",99,60
9961,9961,3.0,0.6969696969696972,-3.2367,-3.3422,3,"(67, 147, 195)",99,61
9962,9962,3.0,0.7575757575757578,-3.2367,-3.3422,3,"(67, 147, 195)",99,62
9963,9963,3.0,0.8181818181818183,-3.2367,-3.3422,3,"(67, 147, 195)",99,63
9964,9964,3.0,0.8787878787878789,-3.2367,3.3422,1,"(253, 219, 199)",99,64
9965,9965,3.0,0.9393939393939394,3.1653,3.3425,2,"(209, 229, 240)",99,65
9966,9966,3.0,1.0,-3.2367,-3.3422,3,"(67, 147, 195)",99,66
9967,9967,3.0,1.0606060606060606,-3.2367,-3.3422,3,"(67, 147, 195)",99,67
9968,9968,3.0,1.121212121212121,-3.2367,3.3422,1,"(253, 219, 199)",99,68
9969,9969,3.0,1.1818181818181817,-3.2367,3.3422,1,"(253, 219, 199)",99,69
9970,9970,3.0,1.2424242424242422,-3.2367,-3.3422,3,"(67, 147, 195)",99,70
9971,9971,3.0,1.3030303030303028,3.1653,3.3425,2,"(209, 229, 240)",99,71
9972,9972,3.0,1.363636363636363,3.1653,3.3425,2,"(209, 229, 240)",99,72
9973,9973,3.0,1.4242424242424248,3.1653,3.3425,2,"(209, 229, 240)",99,73
9974,9974,3.0,1.4848484848484853,3.1653,3.3425,2,"(209, 229, 240)",99,74
9975,9975,3.0,1.545454545454546,3.1653,3.3425,2,"(209, 229, 240)",99,75
9976,9976,3.0,1.6060606060606064,3.1653,3.3425,2,"(209, 229, 240)",99,76
9977,9977,3.0,1.666666666666667,3.1653,3.3425,2,"(209, 229, 240)",99,77
9978,9978,3.0,1.7272727272727275,3.1653,3.3425,2,"(209, 229, 240)",99,78
9979,9979,3.0,1.787878787878788,3.1653,3.3425,2,"(209, 229, 240)",99,79
9980,9980,3.0,1.8484848484848488,3.1653,3.3425,2,"(209, 229, 240)",99,80
9981,9981,3.0,1.9090909090909087,3.1653,3.3425,2,"(209, 229, 240)",99,81
9982,9982,3.0,1.9696969696969695,3.1653,3.3425,2,"(209, 229, 240)",99,82
9983,9983,3.0,2.0303030303030303,3.1653,3.3425,2,"(209, 229, 240)",99,83
9984,9984,3.0,2.090909090909091,3.1653,3.3425,2,"(209, 229, 240)",99,84
9985,9985,3.0,2.1515151515151514,3.1653,3.3425,2,"(209, 229, 240)",99,85
9986,9986,3.0,2.212121212121212,3.1653,3.3425,2,"(209, 229, 240)",99,86
9987,9987,3.0,2.2727272727272725,3.1653,3.3425,2,"(209, 229, 240)",99,87
9988,9988,3.0,2.333333333333334,3.1653,3.3425,2,"(209, 229, 240)",99,88
9989,9989,3.0,2.3939393939393945,3.1653,3.3425,2,"(209, 229, 240)",99,89
9990,9990,3.0,2.454545454545455,3.1653,3.3425,2,"(209, 229, 240)",99,90
9991,9991,3.0,2.515151515151516,3.1653,3.3425,2,"(209, 229, 240)",99,91
9992,9992,3.0,2.575757575757576,3.1653,3.3425,2,"(209, 229, 240)",99,92
9993,9993,3.0,2.6363636363636367,3.1653,3.3425,2,"(209, 229, 240)",99,93
9994,9994,3.0,2.696969696969697,3.1653,3.3425,2,"(209, 229, 240)",99,94
9995,9995,3.0,2.757575757575758,3.1653,3.3425,2,"(209, 229, 240)",99,95
9996,9996,3.0,2.8181818181818183,3.1653,3.3425,2,"(209, 229, 240)",99,96
9997,9997,3.0,2.878787878787879,3.1653,3.3425,2,"(209, 229, 240)",99,97
9998,9998,3.0,2.9393939393939394,3.1653,3.3425,2,"(209, 229, 240)",99,98
9999,9999,3.0,3.0,3.1653,3.3425,2,"(209, 229, 240)",99,99
